08-25 23:01:30 com_github_MitjaNemec_ReplicateLayout.action_replicate_layout 409:Plugin executed on: 'win32'
08-25 23:01:30 com_github_MitjaNemec_ReplicateLayout.action_replicate_layout 410:Plugin executed with python version: '3.11.5 (main, Jan 27 2025, 07:08:36) [MSC v.1942 64 bit (AMD64)]'
08-25 23:01:30 com_github_MitjaNemec_ReplicateLayout.action_replicate_layout 411:KiCad build version: 9.0.0
08-25 23:01:30 com_github_MitjaNemec_ReplicateLayout.action_replicate_layout 412:Plugin version: 4.0.3
08-25 23:01:30 com_github_MitjaNemec_ReplicateLayout.action_replicate_layout 413:Frame repr: <wx._core.Frame object at 0x00000244B89235B0>
08-25 23:01:30 com_github_MitjaNemec_ReplicateLayout.action_replicate_layout 437:Preparing replicator with Q5 as a reference
08-25 23:01:30 com_github_MitjaNemec_ReplicateLayout.replicate_layout 117:getting a list of all footprints on board
08-25 23:01:30 com_github_MitjaNemec_ReplicateLayout.action_replicate_layout 485:source anchor footprint is 'Q5'
Located on: ['/SensorModule2/']
With filenames: ['SensorModule.kicad_sch']
With sheet_id:['/SensorModule2/']
08-25 23:01:30 com_github_MitjaNemec_ReplicateLayout.action_replicate_layout 492:Corresponding footprints are 
[('Q73', ['/SensorModule36/']), ('Q71', ['/SensorModule35/']), ('Q69', ['/SensorModule34/']), ('Q67', ['/SensorModule33/']), ('Q65', ['/SensorModule32/']), ('Q63', ['/SensorModule31/']), ('Q61', ['/SensorModule30/']), ('Q59', ['/SensorModule29/']), ('Q57', ['/SensorModule28/']), ('Q55', ['/SensorModule27/']), ('Q53', ['/SensorModule26/']), ('Q51', ['/SensorModule25/']), ('Q49', ['/SensorModule24/']), ('Q47', ['/SensorModule23/']), ('Q45', ['/SensorModule22/']), ('Q43', ['/SensorModule21/']), ('Q41', ['/SensorModule20/']), ('Q39', ['/SensorModule19/']), ('Q37', ['/SensorModule18/']), ('Q35', ['/SensorModule17/']), ('Q33', ['/SensorModule16/']), ('Q31', ['/SensorModule15/']), ('Q29', ['/SensorModule14/']), ('Q27', ['/SensorModule13/']), ('Q25', ['/SensorModule12/']), ('Q23', ['/SensorModule11/']), ('Q21', ['/SensorModule10/']), ('Q19', ['/SensorModule9/']), ('Q17', ['/SensorModule8/']), ('Q15', ['/SensorModule7/']), ('Q13', ['/SensorModule6/']), ('Q11', ['/SensorModule5/']), ('Q9', ['/SensorModule4/']), ('Q7', ['/SensorModule3/']), ('Q2', ['/SensorModule/']), ('Q5', ['/SensorModule2/']), ('Q3', ['/SensorModule1/'])]
08-25 23:01:30 com_github_MitjaNemec_ReplicateLayout.action_replicate_layout 504:Showing dialog
08-25 23:01:30 com_github_MitjaNemec_ReplicateLayout.replicate_layout 472:constructing a list of sheets suitable for replication on level:'/SensorModule2/', file:'SensorModule.kicad_sch'
08-25 23:01:30 com_github_MitjaNemec_ReplicateLayout.replicate_layout 509:suitable sheets are:[['/SensorModule/'], ['/SensorModule1/'], ['/SensorModule10/'], ['/SensorModule11/'], ['/SensorModule12/'], ['/SensorModule13/'], ['/SensorModule14/'], ['/SensorModule15/'], ['/SensorModule16/'], ['/SensorModule17/'], ['/SensorModule18/'], ['/SensorModule19/'], ['/SensorModule20/'], ['/SensorModule21/'], ['/SensorModule22/'], ['/SensorModule23/'], ['/SensorModule24/'], ['/SensorModule25/'], ['/SensorModule26/'], ['/SensorModule27/'], ['/SensorModule28/'], ['/SensorModule29/'], ['/SensorModule3/'], ['/SensorModule30/'], ['/SensorModule31/'], ['/SensorModule32/'], ['/SensorModule33/'], ['/SensorModule34/'], ['/SensorModule35/'], ['/SensorModule36/'], ['/SensorModule4/'], ['/SensorModule5/'], ['/SensorModule6/'], ['/SensorModule7/'], ['/SensorModule8/'], ['/SensorModule9/']]
08-25 23:01:30 com_github_MitjaNemec_ReplicateLayout.replicate_layout 1512:Level selected: ['/SensorModule2/']
08-25 23:01:30 com_github_MitjaNemec_ReplicateLayout.replicate_layout 1336:Filtering list of tracks
08-25 23:01:30 com_github_MitjaNemec_ReplicateLayout.action_replicate_layout 510:Toolbar position: wx.Point(1886, 77)
08-25 23:01:30 com_github_MitjaNemec_ReplicateLayout.action_replicate_layout 515:Dialog position: wx.Point(1447, 77)
08-25 23:01:36 com_github_MitjaNemec_ReplicateLayout.replicate_layout 472:constructing a list of sheets suitable for replication on level:'/SensorModule2/', file:'SensorModule.kicad_sch'
08-25 23:01:36 com_github_MitjaNemec_ReplicateLayout.replicate_layout 509:suitable sheets are:[['/SensorModule/'], ['/SensorModule1/'], ['/SensorModule10/'], ['/SensorModule11/'], ['/SensorModule12/'], ['/SensorModule13/'], ['/SensorModule14/'], ['/SensorModule15/'], ['/SensorModule16/'], ['/SensorModule17/'], ['/SensorModule18/'], ['/SensorModule19/'], ['/SensorModule20/'], ['/SensorModule21/'], ['/SensorModule22/'], ['/SensorModule23/'], ['/SensorModule24/'], ['/SensorModule25/'], ['/SensorModule26/'], ['/SensorModule27/'], ['/SensorModule28/'], ['/SensorModule29/'], ['/SensorModule3/'], ['/SensorModule30/'], ['/SensorModule31/'], ['/SensorModule32/'], ['/SensorModule33/'], ['/SensorModule34/'], ['/SensorModule35/'], ['/SensorModule36/'], ['/SensorModule4/'], ['/SensorModule5/'], ['/SensorModule6/'], ['/SensorModule7/'], ['/SensorModule8/'], ['/SensorModule9/']]
08-25 23:01:36 com_github_MitjaNemec_ReplicateLayout.replicate_layout 1512:Level selected: ['/SensorModule2/']
08-25 23:01:36 com_github_MitjaNemec_ReplicateLayout.replicate_layout 1336:Filtering list of tracks
08-25 23:01:37 com_github_MitjaNemec_ReplicateLayout.replicate_layout 472:constructing a list of sheets suitable for replication on level:'/SensorModule2/', file:'SensorModule.kicad_sch'
08-25 23:01:37 com_github_MitjaNemec_ReplicateLayout.replicate_layout 509:suitable sheets are:[['/SensorModule/'], ['/SensorModule1/'], ['/SensorModule10/'], ['/SensorModule11/'], ['/SensorModule12/'], ['/SensorModule13/'], ['/SensorModule14/'], ['/SensorModule15/'], ['/SensorModule16/'], ['/SensorModule17/'], ['/SensorModule18/'], ['/SensorModule19/'], ['/SensorModule20/'], ['/SensorModule21/'], ['/SensorModule22/'], ['/SensorModule23/'], ['/SensorModule24/'], ['/SensorModule25/'], ['/SensorModule26/'], ['/SensorModule27/'], ['/SensorModule28/'], ['/SensorModule29/'], ['/SensorModule3/'], ['/SensorModule30/'], ['/SensorModule31/'], ['/SensorModule32/'], ['/SensorModule33/'], ['/SensorModule34/'], ['/SensorModule35/'], ['/SensorModule36/'], ['/SensorModule4/'], ['/SensorModule5/'], ['/SensorModule6/'], ['/SensorModule7/'], ['/SensorModule8/'], ['/SensorModule9/']]
08-25 23:01:38 com_github_MitjaNemec_ReplicateLayout.replicate_layout 1512:Level selected: ['/SensorModule2/']
08-25 23:01:38 com_github_MitjaNemec_ReplicateLayout.replicate_layout 1336:Filtering list of tracks
08-25 23:01:44 com_github_MitjaNemec_ReplicateLayout.replicate_layout 472:constructing a list of sheets suitable for replication on level:'/SensorModule2/', file:'SensorModule.kicad_sch'
08-25 23:01:44 com_github_MitjaNemec_ReplicateLayout.replicate_layout 509:suitable sheets are:[['/SensorModule/'], ['/SensorModule1/'], ['/SensorModule10/'], ['/SensorModule11/'], ['/SensorModule12/'], ['/SensorModule13/'], ['/SensorModule14/'], ['/SensorModule15/'], ['/SensorModule16/'], ['/SensorModule17/'], ['/SensorModule18/'], ['/SensorModule19/'], ['/SensorModule20/'], ['/SensorModule21/'], ['/SensorModule22/'], ['/SensorModule23/'], ['/SensorModule24/'], ['/SensorModule25/'], ['/SensorModule26/'], ['/SensorModule27/'], ['/SensorModule28/'], ['/SensorModule29/'], ['/SensorModule3/'], ['/SensorModule30/'], ['/SensorModule31/'], ['/SensorModule32/'], ['/SensorModule33/'], ['/SensorModule34/'], ['/SensorModule35/'], ['/SensorModule36/'], ['/SensorModule4/'], ['/SensorModule5/'], ['/SensorModule6/'], ['/SensorModule7/'], ['/SensorModule8/'], ['/SensorModule9/']]
08-25 23:01:44 com_github_MitjaNemec_ReplicateLayout.action_replicate_layout 248:Replicating layout
08-25 23:01:44 com_github_MitjaNemec_ReplicateLayout.replicate_layout 288:Starting replication of sheets: [['/SensorModule/'], ['/SensorModule1/'], ['/SensorModule10/'], ['/SensorModule11/'], ['/SensorModule12/'], ['/SensorModule13/'], ['/SensorModule14/'], ['/SensorModule15/'], ['/SensorModule16/'], ['/SensorModule17/'], ['/SensorModule18/'], ['/SensorModule19/'], ['/SensorModule20/'], ['/SensorModule21/'], ['/SensorModule22/'], ['/SensorModule23/'], ['/SensorModule24/'], ['/SensorModule25/'], ['/SensorModule26/'], ['/SensorModule27/'], ['/SensorModule28/'], ['/SensorModule29/'], ['/SensorModule3/'], ['/SensorModule30/'], ['/SensorModule31/'], ['/SensorModule32/'], ['/SensorModule33/'], ['/SensorModule34/'], ['/SensorModule35/'], ['/SensorModule36/'], ['/SensorModule4/'], ['/SensorModule5/'], ['/SensorModule6/'], ['/SensorModule7/'], ['/SensorModule8/'], ['/SensorModule9/']]
on level: ['/SensorModule2/']
with tracks=True, zone=True, text=True, text=True, intersecting=False, remove=False, locked footprints=False, group_only=False
08-25 23:01:44 root 340:updating GUI message: 'Preparing for replication'
08-25 23:01:44 root 345:updating GUI with: 0
08-25 23:01:44 com_github_MitjaNemec_ReplicateLayout.replicate_layout 358:Getting the list of source footprints
08-25 23:01:44 com_github_MitjaNemec_ReplicateLayout.replicate_layout 368:Getting the list of all the remaining footprints
08-25 23:01:44 com_github_MitjaNemec_ReplicateLayout.replicate_layout 375:Getting source tracks
08-25 23:01:44 com_github_MitjaNemec_ReplicateLayout.replicate_layout 1336:Filtering list of tracks
08-25 23:01:44 com_github_MitjaNemec_ReplicateLayout.replicate_layout 379:Getting source zones
08-25 23:01:44 com_github_MitjaNemec_ReplicateLayout.replicate_layout 383:Getting source text items
08-25 23:01:44 root 345:updating GUI with: 66
08-25 23:01:44 com_github_MitjaNemec_ReplicateLayout.replicate_layout 387:Getting source drawing items
08-25 23:01:44 root 340:updating GUI message: 'Replicating footprints'
08-25 23:01:44 com_github_MitjaNemec_ReplicateLayout.replicate_layout 863:Replicating footprints
08-25 23:01:44 com_github_MitjaNemec_ReplicateLayout.replicate_layout 870:Replicating footprints on sheet ['/SensorModule/']
08-25 23:01:44 com_github_MitjaNemec_ReplicateLayout.replicate_layout 835:Src fp.id: 'D3B029CA-A78A-4AD0-B065-5E40F898A58E'
08-25 23:01:44 com_github_MitjaNemec_ReplicateLayout.replicate_layout 839:Dst fp.id: 'D3B029CA-A78A-4AD0-B065-5E40F898A58E'
08-25 23:01:44 com_github_MitjaNemec_ReplicateLayout.replicate_layout 888:Replicating footprint: 'TP3'
08-25 23:01:44 com_github_MitjaNemec_ReplicateLayout.replicate_layout 835:Src fp.id: 'DC4441AA-6AE7-41D3-B704-9B167A21E89A'
08-25 23:01:44 com_github_MitjaNemec_ReplicateLayout.replicate_layout 839:Dst fp.id: 'DC4441AA-6AE7-41D3-B704-9B167A21E89A'
08-25 23:01:44 com_github_MitjaNemec_ReplicateLayout.replicate_layout 895:found match in dst footprint: 'TP1'
08-25 23:01:44 com_github_MitjaNemec_ReplicateLayout.replicate_layout 990:Src text UUid:084cf6f4-13f1-4979-a7dd-38f91f964ca4
08-25 23:01:44 com_github_MitjaNemec_ReplicateLayout.replicate_layout 991:Dst text UUid:03b9fb51-0c6e-4aaa-9c53-aebc65f20fc8
08-25 23:01:44 com_github_MitjaNemec_ReplicateLayout.replicate_layout 990:Src text UUid:fed86236-d6ae-4332-954a-f8f2489cea47
08-25 23:01:44 com_github_MitjaNemec_ReplicateLayout.replicate_layout 991:Dst text UUid:4bab2e56-73f2-4ca7-8630-eac7093369c4
08-25 23:01:44 com_github_MitjaNemec_ReplicateLayout.replicate_layout 990:Src text UUid:14138a6e-1c8e-436b-8f4e-fb21de4d93f5
08-25 23:01:44 com_github_MitjaNemec_ReplicateLayout.replicate_layout 991:Dst text UUid:d417ad2e-6f50-4619-bddd-95d3faf747c2
08-25 23:01:44 com_github_MitjaNemec_ReplicateLayout.replicate_layout 888:Replicating footprint: 'Q6'
08-25 23:01:44 com_github_MitjaNemec_ReplicateLayout.replicate_layout 835:Src fp.id: '8D847CB5-E00B-428D-BD6B-968281E3857C'
08-25 23:01:44 com_github_MitjaNemec_ReplicateLayout.replicate_layout 839:Dst fp.id: '8D847CB5-E00B-428D-BD6B-968281E3857C'
08-25 23:01:44 com_github_MitjaNemec_ReplicateLayout.replicate_layout 895:found match in dst footprint: 'Q1'
08-25 23:01:44 com_github_MitjaNemec_ReplicateLayout.replicate_layout 990:Src text UUid:f4b0c936-80e7-4521-b75e-fd2ff620a41e
08-25 23:01:44 com_github_MitjaNemec_ReplicateLayout.replicate_layout 991:Dst text UUid:ba5020e4-ef71-42fd-bbea-6821892bc041
08-25 23:01:44 com_github_MitjaNemec_ReplicateLayout.replicate_layout 990:Src text UUid:ca1deeec-565b-44f5-ba76-6767fb50c702
08-25 23:01:44 com_github_MitjaNemec_ReplicateLayout.replicate_layout 991:Dst text UUid:c0bb85bc-d328-41e7-bd97-31bf508a662b
08-25 23:01:44 com_github_MitjaNemec_ReplicateLayout.replicate_layout 990:Src text UUid:df664c19-7990-4850-ab00-790be9f327cf
08-25 23:01:44 com_github_MitjaNemec_ReplicateLayout.replicate_layout 991:Dst text UUid:758f5392-8296-46ae-838c-74c6207143d9
08-25 23:01:44 com_github_MitjaNemec_ReplicateLayout.replicate_layout 888:Replicating footprint: 'Q5'
08-25 23:01:44 com_github_MitjaNemec_ReplicateLayout.replicate_layout 835:Src fp.id: 'D3B029CA-A78A-4AD0-B065-5E40F898A58E'
08-25 23:01:44 com_github_MitjaNemec_ReplicateLayout.replicate_layout 839:Dst fp.id: 'D3B029CA-A78A-4AD0-B065-5E40F898A58E'
08-25 23:01:44 com_github_MitjaNemec_ReplicateLayout.replicate_layout 895:found match in dst footprint: 'Q2'
08-25 23:01:44 com_github_MitjaNemec_ReplicateLayout.replicate_layout 990:Src text UUid:f7a5dac9-b2cb-4eea-9ca3-6ea7d19a2d45
08-25 23:01:44 com_github_MitjaNemec_ReplicateLayout.replicate_layout 991:Dst text UUid:f99f2fe0-9239-48a9-bec4-a52a44ea3cea
08-25 23:01:44 com_github_MitjaNemec_ReplicateLayout.replicate_layout 990:Src text UUid:48debcb2-2912-4536-b052-0d85ca611cdc
08-25 23:01:44 com_github_MitjaNemec_ReplicateLayout.replicate_layout 991:Dst text UUid:bf1c4316-bb3a-49d4-9c30-09e2a468388a
08-25 23:01:44 com_github_MitjaNemec_ReplicateLayout.replicate_layout 990:Src text UUid:a913f8d2-1603-416c-a1a9-301575d45bab
08-25 23:01:44 com_github_MitjaNemec_ReplicateLayout.replicate_layout 991:Dst text UUid:7812083f-b15e-4b8f-80a3-5fb948325ce2
08-25 23:01:44 com_github_MitjaNemec_ReplicateLayout.replicate_layout 888:Replicating footprint: 'C3'
08-25 23:01:44 com_github_MitjaNemec_ReplicateLayout.replicate_layout 835:Src fp.id: '48CE2A11-6FA1-4816-8BEE-2E82038543FF'
08-25 23:01:44 com_github_MitjaNemec_ReplicateLayout.replicate_layout 839:Dst fp.id: '48CE2A11-6FA1-4816-8BEE-2E82038543FF'
08-25 23:01:44 com_github_MitjaNemec_ReplicateLayout.replicate_layout 895:found match in dst footprint: 'C1'
08-25 23:01:44 com_github_MitjaNemec_ReplicateLayout.replicate_layout 990:Src text UUid:6c1243e2-8b92-4081-a9cf-ac1017aacc39
08-25 23:01:44 com_github_MitjaNemec_ReplicateLayout.replicate_layout 991:Dst text UUid:af88aebc-c7ae-4e45-a664-2d690ae3ab7d
08-25 23:01:44 com_github_MitjaNemec_ReplicateLayout.replicate_layout 990:Src text UUid:d3915164-4687-4b37-b9ec-416e9e66b755
08-25 23:01:44 com_github_MitjaNemec_ReplicateLayout.replicate_layout 991:Dst text UUid:e68fef10-595d-4034-b6ab-00179d33cd62
08-25 23:01:44 com_github_MitjaNemec_ReplicateLayout.replicate_layout 990:Src text UUid:b582355e-a4d6-4f4b-9e7b-1e8095053193
08-25 23:01:44 com_github_MitjaNemec_ReplicateLayout.replicate_layout 991:Dst text UUid:48e85d3a-b9ec-4487-9aa6-7bd722a68273
08-25 23:01:44 com_github_MitjaNemec_ReplicateLayout.replicate_layout 888:Replicating footprint: 'R3'
08-25 23:01:44 root 345:updating GUI with: 2
08-25 23:01:44 com_github_MitjaNemec_ReplicateLayout.replicate_layout 835:Src fp.id: 'E3A00D99-EE45-46E5-9182-7CB5902749B3'
08-25 23:01:44 com_github_MitjaNemec_ReplicateLayout.replicate_layout 839:Dst fp.id: 'E3A00D99-EE45-46E5-9182-7CB5902749B3'
08-25 23:01:44 com_github_MitjaNemec_ReplicateLayout.replicate_layout 895:found match in dst footprint: 'R1'
08-25 23:01:44 com_github_MitjaNemec_ReplicateLayout.replicate_layout 990:Src text UUid:c8d8973c-40f0-40f8-bca0-85a2f7563a32
08-25 23:01:44 com_github_MitjaNemec_ReplicateLayout.replicate_layout 991:Dst text UUid:cabb2741-f1bd-444b-b10d-bcf9fe7acc49
08-25 23:01:44 com_github_MitjaNemec_ReplicateLayout.replicate_layout 990:Src text UUid:fa873b22-e32d-469d-a726-853e5be2a24e
08-25 23:01:44 com_github_MitjaNemec_ReplicateLayout.replicate_layout 991:Dst text UUid:46ba2679-716b-4cb2-98d0-cdb6119821d1
08-25 23:01:44 com_github_MitjaNemec_ReplicateLayout.replicate_layout 990:Src text UUid:aa74c71c-e0cc-4bdd-9d44-47fee14196bb
08-25 23:01:44 com_github_MitjaNemec_ReplicateLayout.replicate_layout 991:Dst text UUid:778cdc5c-5922-4216-b2ef-78f961fc4fcb
08-25 23:01:44 com_github_MitjaNemec_ReplicateLayout.replicate_layout 870:Replicating footprints on sheet ['/SensorModule1/']
08-25 23:01:44 com_github_MitjaNemec_ReplicateLayout.replicate_layout 835:Src fp.id: 'D3B029CA-A78A-4AD0-B065-5E40F898A58E'
08-25 23:01:44 com_github_MitjaNemec_ReplicateLayout.replicate_layout 839:Dst fp.id: 'D3B029CA-A78A-4AD0-B065-5E40F898A58E'
08-25 23:01:44 com_github_MitjaNemec_ReplicateLayout.replicate_layout 888:Replicating footprint: 'TP3'
08-25 23:01:44 com_github_MitjaNemec_ReplicateLayout.replicate_layout 835:Src fp.id: 'DC4441AA-6AE7-41D3-B704-9B167A21E89A'
08-25 23:01:44 com_github_MitjaNemec_ReplicateLayout.replicate_layout 839:Dst fp.id: 'DC4441AA-6AE7-41D3-B704-9B167A21E89A'
08-25 23:01:44 com_github_MitjaNemec_ReplicateLayout.replicate_layout 895:found match in dst footprint: 'TP2'
08-25 23:01:44 com_github_MitjaNemec_ReplicateLayout.replicate_layout 990:Src text UUid:084cf6f4-13f1-4979-a7dd-38f91f964ca4
08-25 23:01:44 com_github_MitjaNemec_ReplicateLayout.replicate_layout 991:Dst text UUid:9baaaab2-a42f-4206-bb4b-f10682ce6305
08-25 23:01:44 com_github_MitjaNemec_ReplicateLayout.replicate_layout 990:Src text UUid:fed86236-d6ae-4332-954a-f8f2489cea47
08-25 23:01:44 com_github_MitjaNemec_ReplicateLayout.replicate_layout 991:Dst text UUid:3809fa13-018a-4047-bb68-68218ce35b81
08-25 23:01:44 com_github_MitjaNemec_ReplicateLayout.replicate_layout 990:Src text UUid:14138a6e-1c8e-436b-8f4e-fb21de4d93f5
08-25 23:01:44 com_github_MitjaNemec_ReplicateLayout.replicate_layout 991:Dst text UUid:8471316f-c0b2-457b-a214-ca1643c41539
08-25 23:01:44 com_github_MitjaNemec_ReplicateLayout.replicate_layout 888:Replicating footprint: 'Q6'
08-25 23:01:44 com_github_MitjaNemec_ReplicateLayout.replicate_layout 835:Src fp.id: '8D847CB5-E00B-428D-BD6B-968281E3857C'
08-25 23:01:44 com_github_MitjaNemec_ReplicateLayout.replicate_layout 839:Dst fp.id: '8D847CB5-E00B-428D-BD6B-968281E3857C'
08-25 23:01:44 com_github_MitjaNemec_ReplicateLayout.replicate_layout 895:found match in dst footprint: 'Q4'
08-25 23:01:44 com_github_MitjaNemec_ReplicateLayout.replicate_layout 990:Src text UUid:f4b0c936-80e7-4521-b75e-fd2ff620a41e
08-25 23:01:44 com_github_MitjaNemec_ReplicateLayout.replicate_layout 991:Dst text UUid:a7d8c1e2-93c2-466b-a6c7-526d5e5aa898
08-25 23:01:44 com_github_MitjaNemec_ReplicateLayout.replicate_layout 990:Src text UUid:ca1deeec-565b-44f5-ba76-6767fb50c702
08-25 23:01:44 com_github_MitjaNemec_ReplicateLayout.replicate_layout 991:Dst text UUid:30ce4f3c-4b28-43c9-b8e9-89ee685a1507
08-25 23:01:44 com_github_MitjaNemec_ReplicateLayout.replicate_layout 990:Src text UUid:df664c19-7990-4850-ab00-790be9f327cf
08-25 23:01:44 com_github_MitjaNemec_ReplicateLayout.replicate_layout 991:Dst text UUid:cd058a02-b658-4172-aaac-0787e58dd3e6
08-25 23:01:44 com_github_MitjaNemec_ReplicateLayout.replicate_layout 888:Replicating footprint: 'Q5'
08-25 23:01:44 com_github_MitjaNemec_ReplicateLayout.replicate_layout 835:Src fp.id: 'D3B029CA-A78A-4AD0-B065-5E40F898A58E'
08-25 23:01:44 com_github_MitjaNemec_ReplicateLayout.replicate_layout 839:Dst fp.id: 'D3B029CA-A78A-4AD0-B065-5E40F898A58E'
08-25 23:01:44 com_github_MitjaNemec_ReplicateLayout.replicate_layout 895:found match in dst footprint: 'Q3'
08-25 23:01:44 com_github_MitjaNemec_ReplicateLayout.replicate_layout 990:Src text UUid:f7a5dac9-b2cb-4eea-9ca3-6ea7d19a2d45
08-25 23:01:44 com_github_MitjaNemec_ReplicateLayout.replicate_layout 991:Dst text UUid:5196e2c0-0818-4c72-8943-2d48b62d5098
08-25 23:01:44 com_github_MitjaNemec_ReplicateLayout.replicate_layout 990:Src text UUid:48debcb2-2912-4536-b052-0d85ca611cdc
08-25 23:01:44 com_github_MitjaNemec_ReplicateLayout.replicate_layout 991:Dst text UUid:73ea83f0-9ed2-4fae-903b-11841b76d002
08-25 23:01:44 com_github_MitjaNemec_ReplicateLayout.replicate_layout 990:Src text UUid:a913f8d2-1603-416c-a1a9-301575d45bab
08-25 23:01:44 com_github_MitjaNemec_ReplicateLayout.replicate_layout 991:Dst text UUid:e2ec2663-3cbd-4543-abb4-3e154fa00660
08-25 23:01:44 com_github_MitjaNemec_ReplicateLayout.replicate_layout 888:Replicating footprint: 'C3'
08-25 23:01:44 com_github_MitjaNemec_ReplicateLayout.replicate_layout 835:Src fp.id: '48CE2A11-6FA1-4816-8BEE-2E82038543FF'
08-25 23:01:44 com_github_MitjaNemec_ReplicateLayout.replicate_layout 839:Dst fp.id: '48CE2A11-6FA1-4816-8BEE-2E82038543FF'
08-25 23:01:44 com_github_MitjaNemec_ReplicateLayout.replicate_layout 895:found match in dst footprint: 'C2'
08-25 23:01:44 com_github_MitjaNemec_ReplicateLayout.replicate_layout 990:Src text UUid:6c1243e2-8b92-4081-a9cf-ac1017aacc39
08-25 23:01:44 com_github_MitjaNemec_ReplicateLayout.replicate_layout 991:Dst text UUid:f89fb5d0-515f-42f6-bb25-b8a5cd963816
08-25 23:01:44 com_github_MitjaNemec_ReplicateLayout.replicate_layout 990:Src text UUid:d3915164-4687-4b37-b9ec-416e9e66b755
08-25 23:01:44 com_github_MitjaNemec_ReplicateLayout.replicate_layout 991:Dst text UUid:71147a3f-5a6e-437a-aa1d-03907e56e65a
08-25 23:01:44 com_github_MitjaNemec_ReplicateLayout.replicate_layout 990:Src text UUid:b582355e-a4d6-4f4b-9e7b-1e8095053193
08-25 23:01:44 com_github_MitjaNemec_ReplicateLayout.replicate_layout 991:Dst text UUid:e584168c-fe15-4d70-b57c-fe07cf0d6fe1
08-25 23:01:44 com_github_MitjaNemec_ReplicateLayout.replicate_layout 888:Replicating footprint: 'R3'
08-25 23:01:44 com_github_MitjaNemec_ReplicateLayout.replicate_layout 835:Src fp.id: 'E3A00D99-EE45-46E5-9182-7CB5902749B3'
08-25 23:01:44 com_github_MitjaNemec_ReplicateLayout.replicate_layout 839:Dst fp.id: 'E3A00D99-EE45-46E5-9182-7CB5902749B3'
08-25 23:01:44 com_github_MitjaNemec_ReplicateLayout.replicate_layout 895:found match in dst footprint: 'R2'
08-25 23:01:44 com_github_MitjaNemec_ReplicateLayout.replicate_layout 990:Src text UUid:c8d8973c-40f0-40f8-bca0-85a2f7563a32
08-25 23:01:44 com_github_MitjaNemec_ReplicateLayout.replicate_layout 991:Dst text UUid:32fc218d-b6e6-4774-8b40-d1c663266c4b
08-25 23:01:44 com_github_MitjaNemec_ReplicateLayout.replicate_layout 990:Src text UUid:fa873b22-e32d-469d-a726-853e5be2a24e
08-25 23:01:44 com_github_MitjaNemec_ReplicateLayout.replicate_layout 991:Dst text UUid:5944c1d6-04af-4c0b-8e64-e82c3add8cc2
08-25 23:01:44 com_github_MitjaNemec_ReplicateLayout.replicate_layout 990:Src text UUid:aa74c71c-e0cc-4bdd-9d44-47fee14196bb
08-25 23:01:44 com_github_MitjaNemec_ReplicateLayout.replicate_layout 991:Dst text UUid:b3ae9875-2c46-4298-9230-3ff420f24aee
08-25 23:01:44 com_github_MitjaNemec_ReplicateLayout.replicate_layout 870:Replicating footprints on sheet ['/SensorModule10/']
08-25 23:01:44 com_github_MitjaNemec_ReplicateLayout.replicate_layout 835:Src fp.id: 'D3B029CA-A78A-4AD0-B065-5E40F898A58E'
08-25 23:01:44 com_github_MitjaNemec_ReplicateLayout.replicate_layout 839:Dst fp.id: 'D3B029CA-A78A-4AD0-B065-5E40F898A58E'
08-25 23:01:44 com_github_MitjaNemec_ReplicateLayout.replicate_layout 888:Replicating footprint: 'TP3'
08-25 23:01:44 com_github_MitjaNemec_ReplicateLayout.replicate_layout 835:Src fp.id: 'DC4441AA-6AE7-41D3-B704-9B167A21E89A'
08-25 23:01:44 com_github_MitjaNemec_ReplicateLayout.replicate_layout 839:Dst fp.id: 'DC4441AA-6AE7-41D3-B704-9B167A21E89A'
08-25 23:01:44 com_github_MitjaNemec_ReplicateLayout.replicate_layout 895:found match in dst footprint: 'TP11'
08-25 23:01:44 com_github_MitjaNemec_ReplicateLayout.replicate_layout 990:Src text UUid:084cf6f4-13f1-4979-a7dd-38f91f964ca4
08-25 23:01:44 com_github_MitjaNemec_ReplicateLayout.replicate_layout 991:Dst text UUid:d2ff5777-b28f-4e8f-aa58-678365be047c
08-25 23:01:44 com_github_MitjaNemec_ReplicateLayout.replicate_layout 990:Src text UUid:fed86236-d6ae-4332-954a-f8f2489cea47
08-25 23:01:44 com_github_MitjaNemec_ReplicateLayout.replicate_layout 991:Dst text UUid:9aba5773-b57d-410a-95ff-b527b47963b7
08-25 23:01:44 com_github_MitjaNemec_ReplicateLayout.replicate_layout 990:Src text UUid:14138a6e-1c8e-436b-8f4e-fb21de4d93f5
08-25 23:01:44 com_github_MitjaNemec_ReplicateLayout.replicate_layout 991:Dst text UUid:65fa04a2-ccc5-49bf-8685-53fd453a6728
08-25 23:01:44 com_github_MitjaNemec_ReplicateLayout.replicate_layout 888:Replicating footprint: 'Q6'
08-25 23:01:44 com_github_MitjaNemec_ReplicateLayout.replicate_layout 835:Src fp.id: '8D847CB5-E00B-428D-BD6B-968281E3857C'
08-25 23:01:44 com_github_MitjaNemec_ReplicateLayout.replicate_layout 839:Dst fp.id: '8D847CB5-E00B-428D-BD6B-968281E3857C'
08-25 23:01:44 com_github_MitjaNemec_ReplicateLayout.replicate_layout 895:found match in dst footprint: 'Q22'
08-25 23:01:44 com_github_MitjaNemec_ReplicateLayout.replicate_layout 990:Src text UUid:f4b0c936-80e7-4521-b75e-fd2ff620a41e
08-25 23:01:44 com_github_MitjaNemec_ReplicateLayout.replicate_layout 991:Dst text UUid:fbadf322-a10a-4480-91ea-5de557c2ac43
08-25 23:01:44 com_github_MitjaNemec_ReplicateLayout.replicate_layout 990:Src text UUid:ca1deeec-565b-44f5-ba76-6767fb50c702
08-25 23:01:44 com_github_MitjaNemec_ReplicateLayout.replicate_layout 991:Dst text UUid:7f408b0e-2608-4b24-8e9c-e26f3193a4d3
08-25 23:01:44 com_github_MitjaNemec_ReplicateLayout.replicate_layout 990:Src text UUid:df664c19-7990-4850-ab00-790be9f327cf
08-25 23:01:44 com_github_MitjaNemec_ReplicateLayout.replicate_layout 991:Dst text UUid:06f9469d-8a78-4984-9621-e62c3f3a9715
08-25 23:01:44 com_github_MitjaNemec_ReplicateLayout.replicate_layout 888:Replicating footprint: 'Q5'
08-25 23:01:44 com_github_MitjaNemec_ReplicateLayout.replicate_layout 835:Src fp.id: 'D3B029CA-A78A-4AD0-B065-5E40F898A58E'
08-25 23:01:44 com_github_MitjaNemec_ReplicateLayout.replicate_layout 839:Dst fp.id: 'D3B029CA-A78A-4AD0-B065-5E40F898A58E'
08-25 23:01:44 com_github_MitjaNemec_ReplicateLayout.replicate_layout 895:found match in dst footprint: 'Q21'
08-25 23:01:44 com_github_MitjaNemec_ReplicateLayout.replicate_layout 990:Src text UUid:f7a5dac9-b2cb-4eea-9ca3-6ea7d19a2d45
08-25 23:01:44 com_github_MitjaNemec_ReplicateLayout.replicate_layout 991:Dst text UUid:bfb81b9b-b30c-4274-a295-9b92e97abe76
08-25 23:01:44 com_github_MitjaNemec_ReplicateLayout.replicate_layout 990:Src text UUid:48debcb2-2912-4536-b052-0d85ca611cdc
08-25 23:01:44 com_github_MitjaNemec_ReplicateLayout.replicate_layout 991:Dst text UUid:da3e35a7-1945-4689-9507-3bd79a455303
08-25 23:01:44 com_github_MitjaNemec_ReplicateLayout.replicate_layout 990:Src text UUid:a913f8d2-1603-416c-a1a9-301575d45bab
08-25 23:01:44 com_github_MitjaNemec_ReplicateLayout.replicate_layout 991:Dst text UUid:55d694ac-95d9-42c4-bfcf-6803e0040c6c
08-25 23:01:44 com_github_MitjaNemec_ReplicateLayout.replicate_layout 888:Replicating footprint: 'C3'
08-25 23:01:44 com_github_MitjaNemec_ReplicateLayout.replicate_layout 835:Src fp.id: '48CE2A11-6FA1-4816-8BEE-2E82038543FF'
08-25 23:01:44 com_github_MitjaNemec_ReplicateLayout.replicate_layout 839:Dst fp.id: '48CE2A11-6FA1-4816-8BEE-2E82038543FF'
08-25 23:01:44 com_github_MitjaNemec_ReplicateLayout.replicate_layout 895:found match in dst footprint: 'C11'
08-25 23:01:44 com_github_MitjaNemec_ReplicateLayout.replicate_layout 990:Src text UUid:6c1243e2-8b92-4081-a9cf-ac1017aacc39
08-25 23:01:44 com_github_MitjaNemec_ReplicateLayout.replicate_layout 991:Dst text UUid:fb40c3a3-01e5-4522-8680-239821f2ed3f
08-25 23:01:44 com_github_MitjaNemec_ReplicateLayout.replicate_layout 990:Src text UUid:d3915164-4687-4b37-b9ec-416e9e66b755
08-25 23:01:44 com_github_MitjaNemec_ReplicateLayout.replicate_layout 991:Dst text UUid:38dfdf8b-e48d-4931-8e07-844a8cda40d6
08-25 23:01:44 com_github_MitjaNemec_ReplicateLayout.replicate_layout 990:Src text UUid:b582355e-a4d6-4f4b-9e7b-1e8095053193
08-25 23:01:44 com_github_MitjaNemec_ReplicateLayout.replicate_layout 991:Dst text UUid:1f918ac0-46e5-4577-8502-79e13f136f52
08-25 23:01:44 com_github_MitjaNemec_ReplicateLayout.replicate_layout 888:Replicating footprint: 'R3'
08-25 23:01:44 com_github_MitjaNemec_ReplicateLayout.replicate_layout 835:Src fp.id: 'E3A00D99-EE45-46E5-9182-7CB5902749B3'
08-25 23:01:44 com_github_MitjaNemec_ReplicateLayout.replicate_layout 839:Dst fp.id: 'E3A00D99-EE45-46E5-9182-7CB5902749B3'
08-25 23:01:44 com_github_MitjaNemec_ReplicateLayout.replicate_layout 895:found match in dst footprint: 'R11'
08-25 23:01:44 com_github_MitjaNemec_ReplicateLayout.replicate_layout 990:Src text UUid:c8d8973c-40f0-40f8-bca0-85a2f7563a32
08-25 23:01:44 com_github_MitjaNemec_ReplicateLayout.replicate_layout 991:Dst text UUid:8581ff87-ab9b-468b-8ef2-5a1343e73884
08-25 23:01:44 com_github_MitjaNemec_ReplicateLayout.replicate_layout 990:Src text UUid:fa873b22-e32d-469d-a726-853e5be2a24e
08-25 23:01:44 com_github_MitjaNemec_ReplicateLayout.replicate_layout 991:Dst text UUid:a83e4998-6a8c-448a-a813-589c701b8cc9
08-25 23:01:44 com_github_MitjaNemec_ReplicateLayout.replicate_layout 990:Src text UUid:aa74c71c-e0cc-4bdd-9d44-47fee14196bb
08-25 23:01:44 com_github_MitjaNemec_ReplicateLayout.replicate_layout 991:Dst text UUid:46b86936-87f7-4ed5-a11f-1f06d471d757
08-25 23:01:44 root 345:updating GUI with: 8
08-25 23:01:44 com_github_MitjaNemec_ReplicateLayout.replicate_layout 870:Replicating footprints on sheet ['/SensorModule11/']
08-25 23:01:44 com_github_MitjaNemec_ReplicateLayout.replicate_layout 835:Src fp.id: 'D3B029CA-A78A-4AD0-B065-5E40F898A58E'
08-25 23:01:44 com_github_MitjaNemec_ReplicateLayout.replicate_layout 839:Dst fp.id: 'D3B029CA-A78A-4AD0-B065-5E40F898A58E'
08-25 23:01:44 com_github_MitjaNemec_ReplicateLayout.replicate_layout 888:Replicating footprint: 'TP3'
08-25 23:01:44 com_github_MitjaNemec_ReplicateLayout.replicate_layout 835:Src fp.id: 'DC4441AA-6AE7-41D3-B704-9B167A21E89A'
08-25 23:01:44 com_github_MitjaNemec_ReplicateLayout.replicate_layout 839:Dst fp.id: 'DC4441AA-6AE7-41D3-B704-9B167A21E89A'
08-25 23:01:44 com_github_MitjaNemec_ReplicateLayout.replicate_layout 895:found match in dst footprint: 'TP12'
08-25 23:01:44 com_github_MitjaNemec_ReplicateLayout.replicate_layout 990:Src text UUid:084cf6f4-13f1-4979-a7dd-38f91f964ca4
08-25 23:01:44 com_github_MitjaNemec_ReplicateLayout.replicate_layout 991:Dst text UUid:43aaed98-9647-4d43-a492-a9897faa17ce
08-25 23:01:44 com_github_MitjaNemec_ReplicateLayout.replicate_layout 990:Src text UUid:fed86236-d6ae-4332-954a-f8f2489cea47
08-25 23:01:44 com_github_MitjaNemec_ReplicateLayout.replicate_layout 991:Dst text UUid:ff7bc726-fb79-4955-a747-5b273d040982
08-25 23:01:44 com_github_MitjaNemec_ReplicateLayout.replicate_layout 990:Src text UUid:14138a6e-1c8e-436b-8f4e-fb21de4d93f5
08-25 23:01:44 com_github_MitjaNemec_ReplicateLayout.replicate_layout 991:Dst text UUid:0a52202a-bc3d-4fab-8c20-19e992244585
08-25 23:01:44 com_github_MitjaNemec_ReplicateLayout.replicate_layout 888:Replicating footprint: 'Q6'
08-25 23:01:44 com_github_MitjaNemec_ReplicateLayout.replicate_layout 835:Src fp.id: '8D847CB5-E00B-428D-BD6B-968281E3857C'
08-25 23:01:44 com_github_MitjaNemec_ReplicateLayout.replicate_layout 839:Dst fp.id: '8D847CB5-E00B-428D-BD6B-968281E3857C'
08-25 23:01:44 com_github_MitjaNemec_ReplicateLayout.replicate_layout 895:found match in dst footprint: 'Q24'
08-25 23:01:44 com_github_MitjaNemec_ReplicateLayout.replicate_layout 990:Src text UUid:f4b0c936-80e7-4521-b75e-fd2ff620a41e
08-25 23:01:44 com_github_MitjaNemec_ReplicateLayout.replicate_layout 991:Dst text UUid:5a59e588-fc20-4b3d-97d7-17a6d1d22e83
08-25 23:01:44 com_github_MitjaNemec_ReplicateLayout.replicate_layout 990:Src text UUid:ca1deeec-565b-44f5-ba76-6767fb50c702
08-25 23:01:44 com_github_MitjaNemec_ReplicateLayout.replicate_layout 991:Dst text UUid:169da275-d86c-45fd-bc6b-9d0c71502b58
08-25 23:01:44 com_github_MitjaNemec_ReplicateLayout.replicate_layout 990:Src text UUid:df664c19-7990-4850-ab00-790be9f327cf
08-25 23:01:44 com_github_MitjaNemec_ReplicateLayout.replicate_layout 991:Dst text UUid:34a2883c-1547-411a-bfc7-3431a5b10f2d
08-25 23:01:44 com_github_MitjaNemec_ReplicateLayout.replicate_layout 888:Replicating footprint: 'Q5'
08-25 23:01:44 com_github_MitjaNemec_ReplicateLayout.replicate_layout 835:Src fp.id: 'D3B029CA-A78A-4AD0-B065-5E40F898A58E'
08-25 23:01:44 com_github_MitjaNemec_ReplicateLayout.replicate_layout 839:Dst fp.id: 'D3B029CA-A78A-4AD0-B065-5E40F898A58E'
08-25 23:01:44 com_github_MitjaNemec_ReplicateLayout.replicate_layout 895:found match in dst footprint: 'Q23'
08-25 23:01:44 com_github_MitjaNemec_ReplicateLayout.replicate_layout 990:Src text UUid:f7a5dac9-b2cb-4eea-9ca3-6ea7d19a2d45
08-25 23:01:44 com_github_MitjaNemec_ReplicateLayout.replicate_layout 991:Dst text UUid:347daab3-8e36-4949-b655-0b68d3c0caaa
08-25 23:01:44 com_github_MitjaNemec_ReplicateLayout.replicate_layout 990:Src text UUid:48debcb2-2912-4536-b052-0d85ca611cdc
08-25 23:01:44 com_github_MitjaNemec_ReplicateLayout.replicate_layout 991:Dst text UUid:f9bdf27b-984c-4433-b50c-b63129b8febe
08-25 23:01:44 com_github_MitjaNemec_ReplicateLayout.replicate_layout 990:Src text UUid:a913f8d2-1603-416c-a1a9-301575d45bab
08-25 23:01:44 com_github_MitjaNemec_ReplicateLayout.replicate_layout 991:Dst text UUid:2d0a32dd-d03b-4650-8d9f-5d4e4dc52208
08-25 23:01:44 com_github_MitjaNemec_ReplicateLayout.replicate_layout 888:Replicating footprint: 'C3'
08-25 23:01:44 com_github_MitjaNemec_ReplicateLayout.replicate_layout 835:Src fp.id: '48CE2A11-6FA1-4816-8BEE-2E82038543FF'
08-25 23:01:44 com_github_MitjaNemec_ReplicateLayout.replicate_layout 839:Dst fp.id: '48CE2A11-6FA1-4816-8BEE-2E82038543FF'
08-25 23:01:44 com_github_MitjaNemec_ReplicateLayout.replicate_layout 895:found match in dst footprint: 'C12'
08-25 23:01:44 com_github_MitjaNemec_ReplicateLayout.replicate_layout 990:Src text UUid:6c1243e2-8b92-4081-a9cf-ac1017aacc39
08-25 23:01:44 com_github_MitjaNemec_ReplicateLayout.replicate_layout 991:Dst text UUid:15e5d840-7162-4ec1-9a75-44917a4732ec
08-25 23:01:44 com_github_MitjaNemec_ReplicateLayout.replicate_layout 990:Src text UUid:d3915164-4687-4b37-b9ec-416e9e66b755
08-25 23:01:44 com_github_MitjaNemec_ReplicateLayout.replicate_layout 991:Dst text UUid:14599f80-4664-4055-8e54-5d23d556c7bf
08-25 23:01:44 com_github_MitjaNemec_ReplicateLayout.replicate_layout 990:Src text UUid:b582355e-a4d6-4f4b-9e7b-1e8095053193
08-25 23:01:44 com_github_MitjaNemec_ReplicateLayout.replicate_layout 991:Dst text UUid:fa9d0f89-e711-4253-9d0f-9032075c1acb
08-25 23:01:44 com_github_MitjaNemec_ReplicateLayout.replicate_layout 888:Replicating footprint: 'R3'
08-25 23:01:44 com_github_MitjaNemec_ReplicateLayout.replicate_layout 835:Src fp.id: 'E3A00D99-EE45-46E5-9182-7CB5902749B3'
08-25 23:01:44 com_github_MitjaNemec_ReplicateLayout.replicate_layout 839:Dst fp.id: 'E3A00D99-EE45-46E5-9182-7CB5902749B3'
08-25 23:01:44 com_github_MitjaNemec_ReplicateLayout.replicate_layout 895:found match in dst footprint: 'R12'
08-25 23:01:44 com_github_MitjaNemec_ReplicateLayout.replicate_layout 990:Src text UUid:c8d8973c-40f0-40f8-bca0-85a2f7563a32
08-25 23:01:44 com_github_MitjaNemec_ReplicateLayout.replicate_layout 991:Dst text UUid:f8b0117f-df13-4752-924d-ac1ed01fb13b
08-25 23:01:44 com_github_MitjaNemec_ReplicateLayout.replicate_layout 990:Src text UUid:fa873b22-e32d-469d-a726-853e5be2a24e
08-25 23:01:44 com_github_MitjaNemec_ReplicateLayout.replicate_layout 991:Dst text UUid:3fa492c6-a600-4620-b5fc-2382e04f6e54
08-25 23:01:44 com_github_MitjaNemec_ReplicateLayout.replicate_layout 990:Src text UUid:aa74c71c-e0cc-4bdd-9d44-47fee14196bb
08-25 23:01:44 com_github_MitjaNemec_ReplicateLayout.replicate_layout 991:Dst text UUid:1a12e986-fc7c-440a-a6b2-d4e8f018246e
08-25 23:01:44 com_github_MitjaNemec_ReplicateLayout.replicate_layout 870:Replicating footprints on sheet ['/SensorModule12/']
08-25 23:01:44 com_github_MitjaNemec_ReplicateLayout.replicate_layout 835:Src fp.id: 'D3B029CA-A78A-4AD0-B065-5E40F898A58E'
08-25 23:01:44 com_github_MitjaNemec_ReplicateLayout.replicate_layout 839:Dst fp.id: 'D3B029CA-A78A-4AD0-B065-5E40F898A58E'
08-25 23:01:44 com_github_MitjaNemec_ReplicateLayout.replicate_layout 888:Replicating footprint: 'TP3'
08-25 23:01:44 com_github_MitjaNemec_ReplicateLayout.replicate_layout 835:Src fp.id: 'DC4441AA-6AE7-41D3-B704-9B167A21E89A'
08-25 23:01:44 com_github_MitjaNemec_ReplicateLayout.replicate_layout 839:Dst fp.id: 'DC4441AA-6AE7-41D3-B704-9B167A21E89A'
08-25 23:01:44 com_github_MitjaNemec_ReplicateLayout.replicate_layout 895:found match in dst footprint: 'TP13'
08-25 23:01:44 com_github_MitjaNemec_ReplicateLayout.replicate_layout 990:Src text UUid:084cf6f4-13f1-4979-a7dd-38f91f964ca4
08-25 23:01:44 com_github_MitjaNemec_ReplicateLayout.replicate_layout 991:Dst text UUid:e3702a79-ae95-48ca-8da0-e9207c9bb375
08-25 23:01:44 com_github_MitjaNemec_ReplicateLayout.replicate_layout 990:Src text UUid:fed86236-d6ae-4332-954a-f8f2489cea47
08-25 23:01:44 com_github_MitjaNemec_ReplicateLayout.replicate_layout 991:Dst text UUid:e583224c-691c-4347-8dfb-b0ab5399cd0e
08-25 23:01:44 com_github_MitjaNemec_ReplicateLayout.replicate_layout 990:Src text UUid:14138a6e-1c8e-436b-8f4e-fb21de4d93f5
08-25 23:01:44 com_github_MitjaNemec_ReplicateLayout.replicate_layout 991:Dst text UUid:458a6738-4fa1-4476-9c61-0b521c718ec1
08-25 23:01:44 com_github_MitjaNemec_ReplicateLayout.replicate_layout 888:Replicating footprint: 'Q6'
08-25 23:01:44 com_github_MitjaNemec_ReplicateLayout.replicate_layout 835:Src fp.id: '8D847CB5-E00B-428D-BD6B-968281E3857C'
08-25 23:01:44 com_github_MitjaNemec_ReplicateLayout.replicate_layout 839:Dst fp.id: '8D847CB5-E00B-428D-BD6B-968281E3857C'
08-25 23:01:44 com_github_MitjaNemec_ReplicateLayout.replicate_layout 895:found match in dst footprint: 'Q26'
08-25 23:01:44 com_github_MitjaNemec_ReplicateLayout.replicate_layout 990:Src text UUid:f4b0c936-80e7-4521-b75e-fd2ff620a41e
08-25 23:01:44 com_github_MitjaNemec_ReplicateLayout.replicate_layout 991:Dst text UUid:88e15f50-ca02-4889-8deb-7ab78f3ff964
08-25 23:01:44 com_github_MitjaNemec_ReplicateLayout.replicate_layout 990:Src text UUid:ca1deeec-565b-44f5-ba76-6767fb50c702
08-25 23:01:44 com_github_MitjaNemec_ReplicateLayout.replicate_layout 991:Dst text UUid:046c5926-e581-4eb2-a809-ef9a4d9a3eb8
08-25 23:01:44 com_github_MitjaNemec_ReplicateLayout.replicate_layout 990:Src text UUid:df664c19-7990-4850-ab00-790be9f327cf
08-25 23:01:44 com_github_MitjaNemec_ReplicateLayout.replicate_layout 991:Dst text UUid:f523c10a-2525-462b-81db-5ac4fa1d86b2
08-25 23:01:44 com_github_MitjaNemec_ReplicateLayout.replicate_layout 888:Replicating footprint: 'Q5'
08-25 23:01:44 com_github_MitjaNemec_ReplicateLayout.replicate_layout 835:Src fp.id: 'D3B029CA-A78A-4AD0-B065-5E40F898A58E'
08-25 23:01:44 com_github_MitjaNemec_ReplicateLayout.replicate_layout 839:Dst fp.id: 'D3B029CA-A78A-4AD0-B065-5E40F898A58E'
08-25 23:01:44 com_github_MitjaNemec_ReplicateLayout.replicate_layout 895:found match in dst footprint: 'Q25'
08-25 23:01:44 com_github_MitjaNemec_ReplicateLayout.replicate_layout 990:Src text UUid:f7a5dac9-b2cb-4eea-9ca3-6ea7d19a2d45
08-25 23:01:44 com_github_MitjaNemec_ReplicateLayout.replicate_layout 991:Dst text UUid:91e59e4a-7cce-4c14-90d5-32f5acf98aad
08-25 23:01:44 com_github_MitjaNemec_ReplicateLayout.replicate_layout 990:Src text UUid:48debcb2-2912-4536-b052-0d85ca611cdc
08-25 23:01:44 com_github_MitjaNemec_ReplicateLayout.replicate_layout 991:Dst text UUid:bd9a83d5-beea-4ba1-8001-bfa2ebce1d63
08-25 23:01:44 com_github_MitjaNemec_ReplicateLayout.replicate_layout 990:Src text UUid:a913f8d2-1603-416c-a1a9-301575d45bab
08-25 23:01:44 com_github_MitjaNemec_ReplicateLayout.replicate_layout 991:Dst text UUid:8b9fd461-efeb-4e2e-82e3-6a503330947b
08-25 23:01:44 com_github_MitjaNemec_ReplicateLayout.replicate_layout 888:Replicating footprint: 'C3'
08-25 23:01:44 com_github_MitjaNemec_ReplicateLayout.replicate_layout 835:Src fp.id: '48CE2A11-6FA1-4816-8BEE-2E82038543FF'
08-25 23:01:44 com_github_MitjaNemec_ReplicateLayout.replicate_layout 839:Dst fp.id: '48CE2A11-6FA1-4816-8BEE-2E82038543FF'
08-25 23:01:44 com_github_MitjaNemec_ReplicateLayout.replicate_layout 895:found match in dst footprint: 'C13'
08-25 23:01:44 com_github_MitjaNemec_ReplicateLayout.replicate_layout 990:Src text UUid:6c1243e2-8b92-4081-a9cf-ac1017aacc39
08-25 23:01:44 com_github_MitjaNemec_ReplicateLayout.replicate_layout 991:Dst text UUid:47d940d7-0332-4053-98e8-f5f59bf6dff4
08-25 23:01:44 com_github_MitjaNemec_ReplicateLayout.replicate_layout 990:Src text UUid:d3915164-4687-4b37-b9ec-416e9e66b755
08-25 23:01:44 com_github_MitjaNemec_ReplicateLayout.replicate_layout 991:Dst text UUid:f84252ab-0199-44c4-b76b-eb65b3e83372
08-25 23:01:44 com_github_MitjaNemec_ReplicateLayout.replicate_layout 990:Src text UUid:b582355e-a4d6-4f4b-9e7b-1e8095053193
08-25 23:01:44 com_github_MitjaNemec_ReplicateLayout.replicate_layout 991:Dst text UUid:702df101-b4c3-4910-90be-526b55db2a27
08-25 23:01:44 com_github_MitjaNemec_ReplicateLayout.replicate_layout 888:Replicating footprint: 'R3'
08-25 23:01:44 com_github_MitjaNemec_ReplicateLayout.replicate_layout 835:Src fp.id: 'E3A00D99-EE45-46E5-9182-7CB5902749B3'
08-25 23:01:44 com_github_MitjaNemec_ReplicateLayout.replicate_layout 839:Dst fp.id: 'E3A00D99-EE45-46E5-9182-7CB5902749B3'
08-25 23:01:44 com_github_MitjaNemec_ReplicateLayout.replicate_layout 895:found match in dst footprint: 'R13'
08-25 23:01:44 com_github_MitjaNemec_ReplicateLayout.replicate_layout 990:Src text UUid:c8d8973c-40f0-40f8-bca0-85a2f7563a32
08-25 23:01:44 com_github_MitjaNemec_ReplicateLayout.replicate_layout 991:Dst text UUid:4416739a-3c10-4ce8-802e-07a0fc1283fa
08-25 23:01:44 com_github_MitjaNemec_ReplicateLayout.replicate_layout 990:Src text UUid:fa873b22-e32d-469d-a726-853e5be2a24e
08-25 23:01:44 com_github_MitjaNemec_ReplicateLayout.replicate_layout 991:Dst text UUid:806ee11c-2d6a-499d-bdb3-276890624508
08-25 23:01:44 com_github_MitjaNemec_ReplicateLayout.replicate_layout 990:Src text UUid:aa74c71c-e0cc-4bdd-9d44-47fee14196bb
08-25 23:01:44 com_github_MitjaNemec_ReplicateLayout.replicate_layout 991:Dst text UUid:3c44566d-f2a0-4b51-8be8-4b62ecc5bdec
08-25 23:01:44 com_github_MitjaNemec_ReplicateLayout.replicate_layout 870:Replicating footprints on sheet ['/SensorModule13/']
08-25 23:01:44 com_github_MitjaNemec_ReplicateLayout.replicate_layout 835:Src fp.id: 'D3B029CA-A78A-4AD0-B065-5E40F898A58E'
08-25 23:01:44 com_github_MitjaNemec_ReplicateLayout.replicate_layout 839:Dst fp.id: 'D3B029CA-A78A-4AD0-B065-5E40F898A58E'
08-25 23:01:44 com_github_MitjaNemec_ReplicateLayout.replicate_layout 888:Replicating footprint: 'TP3'
08-25 23:01:44 com_github_MitjaNemec_ReplicateLayout.replicate_layout 835:Src fp.id: 'DC4441AA-6AE7-41D3-B704-9B167A21E89A'
08-25 23:01:44 com_github_MitjaNemec_ReplicateLayout.replicate_layout 839:Dst fp.id: 'DC4441AA-6AE7-41D3-B704-9B167A21E89A'
08-25 23:01:44 com_github_MitjaNemec_ReplicateLayout.replicate_layout 895:found match in dst footprint: 'TP14'
08-25 23:01:44 com_github_MitjaNemec_ReplicateLayout.replicate_layout 990:Src text UUid:084cf6f4-13f1-4979-a7dd-38f91f964ca4
08-25 23:01:44 com_github_MitjaNemec_ReplicateLayout.replicate_layout 991:Dst text UUid:0375cf5c-22cd-426b-8f8e-a69603b0f468
08-25 23:01:44 com_github_MitjaNemec_ReplicateLayout.replicate_layout 990:Src text UUid:fed86236-d6ae-4332-954a-f8f2489cea47
08-25 23:01:44 com_github_MitjaNemec_ReplicateLayout.replicate_layout 991:Dst text UUid:a7e27c0a-020b-4277-a4e3-c0a1f09a1c3f
08-25 23:01:44 com_github_MitjaNemec_ReplicateLayout.replicate_layout 990:Src text UUid:14138a6e-1c8e-436b-8f4e-fb21de4d93f5
08-25 23:01:44 com_github_MitjaNemec_ReplicateLayout.replicate_layout 991:Dst text UUid:f144ad45-cc64-4a1d-b3be-ee60e96b662a
08-25 23:01:44 com_github_MitjaNemec_ReplicateLayout.replicate_layout 888:Replicating footprint: 'Q6'
08-25 23:01:44 com_github_MitjaNemec_ReplicateLayout.replicate_layout 835:Src fp.id: '8D847CB5-E00B-428D-BD6B-968281E3857C'
08-25 23:01:44 com_github_MitjaNemec_ReplicateLayout.replicate_layout 839:Dst fp.id: '8D847CB5-E00B-428D-BD6B-968281E3857C'
08-25 23:01:44 com_github_MitjaNemec_ReplicateLayout.replicate_layout 895:found match in dst footprint: 'Q28'
08-25 23:01:44 com_github_MitjaNemec_ReplicateLayout.replicate_layout 990:Src text UUid:f4b0c936-80e7-4521-b75e-fd2ff620a41e
08-25 23:01:44 com_github_MitjaNemec_ReplicateLayout.replicate_layout 991:Dst text UUid:e551122d-700a-47af-a6c1-06a69f48dd75
08-25 23:01:44 com_github_MitjaNemec_ReplicateLayout.replicate_layout 990:Src text UUid:ca1deeec-565b-44f5-ba76-6767fb50c702
08-25 23:01:44 com_github_MitjaNemec_ReplicateLayout.replicate_layout 991:Dst text UUid:5c358956-a813-4c8e-982d-bb716a108e3a
08-25 23:01:44 com_github_MitjaNemec_ReplicateLayout.replicate_layout 990:Src text UUid:df664c19-7990-4850-ab00-790be9f327cf
08-25 23:01:44 com_github_MitjaNemec_ReplicateLayout.replicate_layout 991:Dst text UUid:89de8720-987a-4436-91cc-4aed8e2f3b61
08-25 23:01:44 com_github_MitjaNemec_ReplicateLayout.replicate_layout 888:Replicating footprint: 'Q5'
08-25 23:01:44 root 345:updating GUI with: 15
08-25 23:01:44 com_github_MitjaNemec_ReplicateLayout.replicate_layout 835:Src fp.id: 'D3B029CA-A78A-4AD0-B065-5E40F898A58E'
08-25 23:01:44 com_github_MitjaNemec_ReplicateLayout.replicate_layout 839:Dst fp.id: 'D3B029CA-A78A-4AD0-B065-5E40F898A58E'
08-25 23:01:44 com_github_MitjaNemec_ReplicateLayout.replicate_layout 895:found match in dst footprint: 'Q27'
08-25 23:01:44 com_github_MitjaNemec_ReplicateLayout.replicate_layout 990:Src text UUid:f7a5dac9-b2cb-4eea-9ca3-6ea7d19a2d45
08-25 23:01:44 com_github_MitjaNemec_ReplicateLayout.replicate_layout 991:Dst text UUid:224f9364-9164-4bd3-8c1c-bfb8b1b0d208
08-25 23:01:44 com_github_MitjaNemec_ReplicateLayout.replicate_layout 990:Src text UUid:48debcb2-2912-4536-b052-0d85ca611cdc
08-25 23:01:44 com_github_MitjaNemec_ReplicateLayout.replicate_layout 991:Dst text UUid:6a614e5a-e099-42f2-92bb-cafd2592907a
08-25 23:01:44 com_github_MitjaNemec_ReplicateLayout.replicate_layout 990:Src text UUid:a913f8d2-1603-416c-a1a9-301575d45bab
08-25 23:01:44 com_github_MitjaNemec_ReplicateLayout.replicate_layout 991:Dst text UUid:ec324063-17da-4063-9d4f-be05da91c6ac
08-25 23:01:44 com_github_MitjaNemec_ReplicateLayout.replicate_layout 888:Replicating footprint: 'C3'
08-25 23:01:44 com_github_MitjaNemec_ReplicateLayout.replicate_layout 835:Src fp.id: '48CE2A11-6FA1-4816-8BEE-2E82038543FF'
08-25 23:01:44 com_github_MitjaNemec_ReplicateLayout.replicate_layout 839:Dst fp.id: '48CE2A11-6FA1-4816-8BEE-2E82038543FF'
08-25 23:01:44 com_github_MitjaNemec_ReplicateLayout.replicate_layout 895:found match in dst footprint: 'C14'
08-25 23:01:44 com_github_MitjaNemec_ReplicateLayout.replicate_layout 990:Src text UUid:6c1243e2-8b92-4081-a9cf-ac1017aacc39
08-25 23:01:44 com_github_MitjaNemec_ReplicateLayout.replicate_layout 991:Dst text UUid:9fe317d7-0489-426a-a160-2c824141ea7a
08-25 23:01:44 com_github_MitjaNemec_ReplicateLayout.replicate_layout 990:Src text UUid:d3915164-4687-4b37-b9ec-416e9e66b755
08-25 23:01:44 com_github_MitjaNemec_ReplicateLayout.replicate_layout 991:Dst text UUid:86844764-d4e5-4dda-8b67-9c000494f058
08-25 23:01:44 com_github_MitjaNemec_ReplicateLayout.replicate_layout 990:Src text UUid:b582355e-a4d6-4f4b-9e7b-1e8095053193
08-25 23:01:44 com_github_MitjaNemec_ReplicateLayout.replicate_layout 991:Dst text UUid:7ad4bcaf-d7f6-4244-866f-ce7836922aae
08-25 23:01:44 com_github_MitjaNemec_ReplicateLayout.replicate_layout 888:Replicating footprint: 'R3'
08-25 23:01:44 com_github_MitjaNemec_ReplicateLayout.replicate_layout 835:Src fp.id: 'E3A00D99-EE45-46E5-9182-7CB5902749B3'
08-25 23:01:44 com_github_MitjaNemec_ReplicateLayout.replicate_layout 839:Dst fp.id: 'E3A00D99-EE45-46E5-9182-7CB5902749B3'
08-25 23:01:44 com_github_MitjaNemec_ReplicateLayout.replicate_layout 895:found match in dst footprint: 'R14'
08-25 23:01:44 com_github_MitjaNemec_ReplicateLayout.replicate_layout 990:Src text UUid:c8d8973c-40f0-40f8-bca0-85a2f7563a32
08-25 23:01:44 com_github_MitjaNemec_ReplicateLayout.replicate_layout 991:Dst text UUid:3ed1ae3e-d0c0-420f-8266-449880aced48
08-25 23:01:44 com_github_MitjaNemec_ReplicateLayout.replicate_layout 990:Src text UUid:fa873b22-e32d-469d-a726-853e5be2a24e
08-25 23:01:44 com_github_MitjaNemec_ReplicateLayout.replicate_layout 991:Dst text UUid:760259c5-8361-42b6-935d-3bc132c11e5e
08-25 23:01:44 com_github_MitjaNemec_ReplicateLayout.replicate_layout 990:Src text UUid:aa74c71c-e0cc-4bdd-9d44-47fee14196bb
08-25 23:01:44 com_github_MitjaNemec_ReplicateLayout.replicate_layout 991:Dst text UUid:3cafcaec-8412-4b1c-af0f-47280b8ea6dd
08-25 23:01:44 com_github_MitjaNemec_ReplicateLayout.replicate_layout 870:Replicating footprints on sheet ['/SensorModule14/']
08-25 23:01:44 com_github_MitjaNemec_ReplicateLayout.replicate_layout 835:Src fp.id: 'D3B029CA-A78A-4AD0-B065-5E40F898A58E'
08-25 23:01:44 com_github_MitjaNemec_ReplicateLayout.replicate_layout 839:Dst fp.id: 'D3B029CA-A78A-4AD0-B065-5E40F898A58E'
08-25 23:01:44 com_github_MitjaNemec_ReplicateLayout.replicate_layout 888:Replicating footprint: 'TP3'
08-25 23:01:44 com_github_MitjaNemec_ReplicateLayout.replicate_layout 835:Src fp.id: 'DC4441AA-6AE7-41D3-B704-9B167A21E89A'
08-25 23:01:44 com_github_MitjaNemec_ReplicateLayout.replicate_layout 839:Dst fp.id: 'DC4441AA-6AE7-41D3-B704-9B167A21E89A'
08-25 23:01:44 com_github_MitjaNemec_ReplicateLayout.replicate_layout 895:found match in dst footprint: 'TP15'
08-25 23:01:44 com_github_MitjaNemec_ReplicateLayout.replicate_layout 990:Src text UUid:084cf6f4-13f1-4979-a7dd-38f91f964ca4
08-25 23:01:44 com_github_MitjaNemec_ReplicateLayout.replicate_layout 991:Dst text UUid:aa0219e2-f1d0-407f-984a-a2c5b860cabd
08-25 23:01:44 com_github_MitjaNemec_ReplicateLayout.replicate_layout 990:Src text UUid:fed86236-d6ae-4332-954a-f8f2489cea47
08-25 23:01:44 com_github_MitjaNemec_ReplicateLayout.replicate_layout 991:Dst text UUid:1ce39c71-4d31-4540-a4c9-374534612124
08-25 23:01:44 com_github_MitjaNemec_ReplicateLayout.replicate_layout 990:Src text UUid:14138a6e-1c8e-436b-8f4e-fb21de4d93f5
08-25 23:01:44 com_github_MitjaNemec_ReplicateLayout.replicate_layout 991:Dst text UUid:4d2cbabc-5005-4e43-a8b0-b78b649de4a2
08-25 23:01:44 com_github_MitjaNemec_ReplicateLayout.replicate_layout 888:Replicating footprint: 'Q6'
08-25 23:01:44 com_github_MitjaNemec_ReplicateLayout.replicate_layout 835:Src fp.id: '8D847CB5-E00B-428D-BD6B-968281E3857C'
08-25 23:01:44 com_github_MitjaNemec_ReplicateLayout.replicate_layout 839:Dst fp.id: '8D847CB5-E00B-428D-BD6B-968281E3857C'
08-25 23:01:44 com_github_MitjaNemec_ReplicateLayout.replicate_layout 895:found match in dst footprint: 'Q30'
08-25 23:01:44 com_github_MitjaNemec_ReplicateLayout.replicate_layout 990:Src text UUid:f4b0c936-80e7-4521-b75e-fd2ff620a41e
08-25 23:01:44 com_github_MitjaNemec_ReplicateLayout.replicate_layout 991:Dst text UUid:99fab9ce-37fe-47a6-b225-182feec86d3b
08-25 23:01:44 com_github_MitjaNemec_ReplicateLayout.replicate_layout 990:Src text UUid:ca1deeec-565b-44f5-ba76-6767fb50c702
08-25 23:01:44 com_github_MitjaNemec_ReplicateLayout.replicate_layout 991:Dst text UUid:a2de84b5-092b-4b58-a2fe-96fd9a820084
08-25 23:01:44 com_github_MitjaNemec_ReplicateLayout.replicate_layout 990:Src text UUid:df664c19-7990-4850-ab00-790be9f327cf
08-25 23:01:44 com_github_MitjaNemec_ReplicateLayout.replicate_layout 991:Dst text UUid:5d980840-dfe5-456f-9c40-1f8a427a35e8
08-25 23:01:44 com_github_MitjaNemec_ReplicateLayout.replicate_layout 888:Replicating footprint: 'Q5'
08-25 23:01:44 com_github_MitjaNemec_ReplicateLayout.replicate_layout 835:Src fp.id: 'D3B029CA-A78A-4AD0-B065-5E40F898A58E'
08-25 23:01:44 com_github_MitjaNemec_ReplicateLayout.replicate_layout 839:Dst fp.id: 'D3B029CA-A78A-4AD0-B065-5E40F898A58E'
08-25 23:01:44 com_github_MitjaNemec_ReplicateLayout.replicate_layout 895:found match in dst footprint: 'Q29'
08-25 23:01:44 com_github_MitjaNemec_ReplicateLayout.replicate_layout 990:Src text UUid:f7a5dac9-b2cb-4eea-9ca3-6ea7d19a2d45
08-25 23:01:44 com_github_MitjaNemec_ReplicateLayout.replicate_layout 991:Dst text UUid:fd374a33-dbf0-4ebf-8203-c761813bc4c1
08-25 23:01:44 com_github_MitjaNemec_ReplicateLayout.replicate_layout 990:Src text UUid:48debcb2-2912-4536-b052-0d85ca611cdc
08-25 23:01:44 com_github_MitjaNemec_ReplicateLayout.replicate_layout 991:Dst text UUid:0cba93b7-1dda-4f75-b377-f7394096ca00
08-25 23:01:44 com_github_MitjaNemec_ReplicateLayout.replicate_layout 990:Src text UUid:a913f8d2-1603-416c-a1a9-301575d45bab
08-25 23:01:44 com_github_MitjaNemec_ReplicateLayout.replicate_layout 991:Dst text UUid:a80344e1-e4ce-4ed6-a60b-01c7f77b3f3c
08-25 23:01:44 com_github_MitjaNemec_ReplicateLayout.replicate_layout 888:Replicating footprint: 'C3'
08-25 23:01:44 com_github_MitjaNemec_ReplicateLayout.replicate_layout 835:Src fp.id: '48CE2A11-6FA1-4816-8BEE-2E82038543FF'
08-25 23:01:44 com_github_MitjaNemec_ReplicateLayout.replicate_layout 839:Dst fp.id: '48CE2A11-6FA1-4816-8BEE-2E82038543FF'
08-25 23:01:44 com_github_MitjaNemec_ReplicateLayout.replicate_layout 895:found match in dst footprint: 'C15'
08-25 23:01:44 com_github_MitjaNemec_ReplicateLayout.replicate_layout 990:Src text UUid:6c1243e2-8b92-4081-a9cf-ac1017aacc39
08-25 23:01:44 com_github_MitjaNemec_ReplicateLayout.replicate_layout 991:Dst text UUid:721e491b-c31d-4b54-98b0-234d2b547431
08-25 23:01:44 com_github_MitjaNemec_ReplicateLayout.replicate_layout 990:Src text UUid:d3915164-4687-4b37-b9ec-416e9e66b755
08-25 23:01:44 com_github_MitjaNemec_ReplicateLayout.replicate_layout 991:Dst text UUid:a12e3ebe-186d-4454-bdf0-77e167554023
08-25 23:01:44 com_github_MitjaNemec_ReplicateLayout.replicate_layout 990:Src text UUid:b582355e-a4d6-4f4b-9e7b-1e8095053193
08-25 23:01:44 com_github_MitjaNemec_ReplicateLayout.replicate_layout 991:Dst text UUid:0bad8008-4b22-45ee-8b98-a649f73d13b9
08-25 23:01:44 com_github_MitjaNemec_ReplicateLayout.replicate_layout 888:Replicating footprint: 'R3'
08-25 23:01:44 com_github_MitjaNemec_ReplicateLayout.replicate_layout 835:Src fp.id: 'E3A00D99-EE45-46E5-9182-7CB5902749B3'
08-25 23:01:44 com_github_MitjaNemec_ReplicateLayout.replicate_layout 839:Dst fp.id: 'E3A00D99-EE45-46E5-9182-7CB5902749B3'
08-25 23:01:44 com_github_MitjaNemec_ReplicateLayout.replicate_layout 895:found match in dst footprint: 'R15'
08-25 23:01:44 com_github_MitjaNemec_ReplicateLayout.replicate_layout 990:Src text UUid:c8d8973c-40f0-40f8-bca0-85a2f7563a32
08-25 23:01:44 com_github_MitjaNemec_ReplicateLayout.replicate_layout 991:Dst text UUid:ca84b654-fc24-4729-9f5f-17c3487e82f6
08-25 23:01:44 com_github_MitjaNemec_ReplicateLayout.replicate_layout 990:Src text UUid:fa873b22-e32d-469d-a726-853e5be2a24e
08-25 23:01:44 com_github_MitjaNemec_ReplicateLayout.replicate_layout 991:Dst text UUid:48178c2e-8e7e-4d86-bbe7-a1a513fff78b
08-25 23:01:44 com_github_MitjaNemec_ReplicateLayout.replicate_layout 990:Src text UUid:aa74c71c-e0cc-4bdd-9d44-47fee14196bb
08-25 23:01:44 com_github_MitjaNemec_ReplicateLayout.replicate_layout 991:Dst text UUid:c696fa93-8a52-4f2f-b08a-237409c4eb3d
08-25 23:01:44 com_github_MitjaNemec_ReplicateLayout.replicate_layout 870:Replicating footprints on sheet ['/SensorModule15/']
08-25 23:01:44 com_github_MitjaNemec_ReplicateLayout.replicate_layout 835:Src fp.id: 'D3B029CA-A78A-4AD0-B065-5E40F898A58E'
08-25 23:01:44 com_github_MitjaNemec_ReplicateLayout.replicate_layout 839:Dst fp.id: 'D3B029CA-A78A-4AD0-B065-5E40F898A58E'
08-25 23:01:44 com_github_MitjaNemec_ReplicateLayout.replicate_layout 888:Replicating footprint: 'TP3'
08-25 23:01:44 com_github_MitjaNemec_ReplicateLayout.replicate_layout 835:Src fp.id: 'DC4441AA-6AE7-41D3-B704-9B167A21E89A'
08-25 23:01:44 com_github_MitjaNemec_ReplicateLayout.replicate_layout 839:Dst fp.id: 'DC4441AA-6AE7-41D3-B704-9B167A21E89A'
08-25 23:01:44 com_github_MitjaNemec_ReplicateLayout.replicate_layout 895:found match in dst footprint: 'TP16'
08-25 23:01:44 com_github_MitjaNemec_ReplicateLayout.replicate_layout 990:Src text UUid:084cf6f4-13f1-4979-a7dd-38f91f964ca4
08-25 23:01:44 com_github_MitjaNemec_ReplicateLayout.replicate_layout 991:Dst text UUid:1c278f66-c940-48ad-a090-9a2382e37aef
08-25 23:01:44 com_github_MitjaNemec_ReplicateLayout.replicate_layout 990:Src text UUid:fed86236-d6ae-4332-954a-f8f2489cea47
08-25 23:01:44 com_github_MitjaNemec_ReplicateLayout.replicate_layout 991:Dst text UUid:3026c28b-9d3e-4e3c-b174-161a3645ab3f
08-25 23:01:44 com_github_MitjaNemec_ReplicateLayout.replicate_layout 990:Src text UUid:14138a6e-1c8e-436b-8f4e-fb21de4d93f5
08-25 23:01:44 com_github_MitjaNemec_ReplicateLayout.replicate_layout 991:Dst text UUid:617347c6-5f01-4fc6-b009-1fe4b5769b6d
08-25 23:01:44 com_github_MitjaNemec_ReplicateLayout.replicate_layout 888:Replicating footprint: 'Q6'
08-25 23:01:44 com_github_MitjaNemec_ReplicateLayout.replicate_layout 835:Src fp.id: '8D847CB5-E00B-428D-BD6B-968281E3857C'
08-25 23:01:44 com_github_MitjaNemec_ReplicateLayout.replicate_layout 839:Dst fp.id: '8D847CB5-E00B-428D-BD6B-968281E3857C'
08-25 23:01:44 com_github_MitjaNemec_ReplicateLayout.replicate_layout 895:found match in dst footprint: 'Q32'
08-25 23:01:44 com_github_MitjaNemec_ReplicateLayout.replicate_layout 990:Src text UUid:f4b0c936-80e7-4521-b75e-fd2ff620a41e
08-25 23:01:44 com_github_MitjaNemec_ReplicateLayout.replicate_layout 991:Dst text UUid:6ef8b0b6-f4ee-4a97-934a-8e1b41390394
08-25 23:01:44 com_github_MitjaNemec_ReplicateLayout.replicate_layout 990:Src text UUid:ca1deeec-565b-44f5-ba76-6767fb50c702
08-25 23:01:44 com_github_MitjaNemec_ReplicateLayout.replicate_layout 991:Dst text UUid:7829593a-a4e4-4972-8782-dfb9db3fc477
08-25 23:01:44 com_github_MitjaNemec_ReplicateLayout.replicate_layout 990:Src text UUid:df664c19-7990-4850-ab00-790be9f327cf
08-25 23:01:44 com_github_MitjaNemec_ReplicateLayout.replicate_layout 991:Dst text UUid:b43a7a18-53ad-4d6f-9c14-83ca07915b32
08-25 23:01:44 com_github_MitjaNemec_ReplicateLayout.replicate_layout 888:Replicating footprint: 'Q5'
08-25 23:01:44 com_github_MitjaNemec_ReplicateLayout.replicate_layout 835:Src fp.id: 'D3B029CA-A78A-4AD0-B065-5E40F898A58E'
08-25 23:01:44 com_github_MitjaNemec_ReplicateLayout.replicate_layout 839:Dst fp.id: 'D3B029CA-A78A-4AD0-B065-5E40F898A58E'
08-25 23:01:44 com_github_MitjaNemec_ReplicateLayout.replicate_layout 895:found match in dst footprint: 'Q31'
08-25 23:01:44 com_github_MitjaNemec_ReplicateLayout.replicate_layout 990:Src text UUid:f7a5dac9-b2cb-4eea-9ca3-6ea7d19a2d45
08-25 23:01:44 com_github_MitjaNemec_ReplicateLayout.replicate_layout 991:Dst text UUid:42c291df-0bad-448d-8c88-b9c15e7e5a36
08-25 23:01:44 com_github_MitjaNemec_ReplicateLayout.replicate_layout 990:Src text UUid:48debcb2-2912-4536-b052-0d85ca611cdc
08-25 23:01:44 com_github_MitjaNemec_ReplicateLayout.replicate_layout 991:Dst text UUid:124a2713-55b1-4d5f-b96d-48075ce6590b
08-25 23:01:44 com_github_MitjaNemec_ReplicateLayout.replicate_layout 990:Src text UUid:a913f8d2-1603-416c-a1a9-301575d45bab
08-25 23:01:44 com_github_MitjaNemec_ReplicateLayout.replicate_layout 991:Dst text UUid:3be18cbd-0850-408e-bc66-a3fb2a8b0a50
08-25 23:01:44 com_github_MitjaNemec_ReplicateLayout.replicate_layout 888:Replicating footprint: 'C3'
08-25 23:01:44 com_github_MitjaNemec_ReplicateLayout.replicate_layout 835:Src fp.id: '48CE2A11-6FA1-4816-8BEE-2E82038543FF'
08-25 23:01:44 com_github_MitjaNemec_ReplicateLayout.replicate_layout 839:Dst fp.id: '48CE2A11-6FA1-4816-8BEE-2E82038543FF'
08-25 23:01:44 com_github_MitjaNemec_ReplicateLayout.replicate_layout 895:found match in dst footprint: 'C16'
08-25 23:01:44 com_github_MitjaNemec_ReplicateLayout.replicate_layout 990:Src text UUid:6c1243e2-8b92-4081-a9cf-ac1017aacc39
08-25 23:01:44 com_github_MitjaNemec_ReplicateLayout.replicate_layout 991:Dst text UUid:717b855c-4a14-462c-8662-5af3103ab84a
08-25 23:01:44 com_github_MitjaNemec_ReplicateLayout.replicate_layout 990:Src text UUid:d3915164-4687-4b37-b9ec-416e9e66b755
08-25 23:01:44 com_github_MitjaNemec_ReplicateLayout.replicate_layout 991:Dst text UUid:be2b7a92-f1d2-4478-a6c9-b17f05adcd2b
08-25 23:01:44 com_github_MitjaNemec_ReplicateLayout.replicate_layout 990:Src text UUid:b582355e-a4d6-4f4b-9e7b-1e8095053193
08-25 23:01:44 com_github_MitjaNemec_ReplicateLayout.replicate_layout 991:Dst text UUid:8fbee743-568b-4f6d-b79e-6aed33c14250
08-25 23:01:44 com_github_MitjaNemec_ReplicateLayout.replicate_layout 888:Replicating footprint: 'R3'
08-25 23:01:44 root 345:updating GUI with: 22
08-25 23:01:44 com_github_MitjaNemec_ReplicateLayout.replicate_layout 835:Src fp.id: 'E3A00D99-EE45-46E5-9182-7CB5902749B3'
08-25 23:01:44 com_github_MitjaNemec_ReplicateLayout.replicate_layout 839:Dst fp.id: 'E3A00D99-EE45-46E5-9182-7CB5902749B3'
08-25 23:01:44 com_github_MitjaNemec_ReplicateLayout.replicate_layout 895:found match in dst footprint: 'R16'
08-25 23:01:44 com_github_MitjaNemec_ReplicateLayout.replicate_layout 990:Src text UUid:c8d8973c-40f0-40f8-bca0-85a2f7563a32
08-25 23:01:44 com_github_MitjaNemec_ReplicateLayout.replicate_layout 991:Dst text UUid:bbce98ff-8533-4ab3-98f9-eb632b21541c
08-25 23:01:44 com_github_MitjaNemec_ReplicateLayout.replicate_layout 990:Src text UUid:fa873b22-e32d-469d-a726-853e5be2a24e
08-25 23:01:44 com_github_MitjaNemec_ReplicateLayout.replicate_layout 991:Dst text UUid:0ebbfdbf-dedb-4422-93b7-6f5f7d07c94b
08-25 23:01:44 com_github_MitjaNemec_ReplicateLayout.replicate_layout 990:Src text UUid:aa74c71c-e0cc-4bdd-9d44-47fee14196bb
08-25 23:01:44 com_github_MitjaNemec_ReplicateLayout.replicate_layout 991:Dst text UUid:264289aa-08a8-4bac-9eb1-af1c96776e0c
08-25 23:01:44 com_github_MitjaNemec_ReplicateLayout.replicate_layout 870:Replicating footprints on sheet ['/SensorModule16/']
08-25 23:01:44 com_github_MitjaNemec_ReplicateLayout.replicate_layout 835:Src fp.id: 'D3B029CA-A78A-4AD0-B065-5E40F898A58E'
08-25 23:01:44 com_github_MitjaNemec_ReplicateLayout.replicate_layout 839:Dst fp.id: 'D3B029CA-A78A-4AD0-B065-5E40F898A58E'
08-25 23:01:44 com_github_MitjaNemec_ReplicateLayout.replicate_layout 888:Replicating footprint: 'TP3'
08-25 23:01:44 com_github_MitjaNemec_ReplicateLayout.replicate_layout 835:Src fp.id: 'DC4441AA-6AE7-41D3-B704-9B167A21E89A'
08-25 23:01:44 com_github_MitjaNemec_ReplicateLayout.replicate_layout 839:Dst fp.id: 'DC4441AA-6AE7-41D3-B704-9B167A21E89A'
08-25 23:01:44 com_github_MitjaNemec_ReplicateLayout.replicate_layout 895:found match in dst footprint: 'TP17'
08-25 23:01:44 com_github_MitjaNemec_ReplicateLayout.replicate_layout 990:Src text UUid:084cf6f4-13f1-4979-a7dd-38f91f964ca4
08-25 23:01:44 com_github_MitjaNemec_ReplicateLayout.replicate_layout 991:Dst text UUid:a09a19a0-a99d-4dba-98c8-d904da04c4f6
08-25 23:01:44 com_github_MitjaNemec_ReplicateLayout.replicate_layout 990:Src text UUid:fed86236-d6ae-4332-954a-f8f2489cea47
08-25 23:01:44 com_github_MitjaNemec_ReplicateLayout.replicate_layout 991:Dst text UUid:df5b0468-23ed-4d5d-ba71-ae4bd7ad8c2e
08-25 23:01:44 com_github_MitjaNemec_ReplicateLayout.replicate_layout 990:Src text UUid:14138a6e-1c8e-436b-8f4e-fb21de4d93f5
08-25 23:01:44 com_github_MitjaNemec_ReplicateLayout.replicate_layout 991:Dst text UUid:2a78ffa4-4e51-4b4b-8129-6313ea0446be
08-25 23:01:44 com_github_MitjaNemec_ReplicateLayout.replicate_layout 888:Replicating footprint: 'Q6'
08-25 23:01:44 com_github_MitjaNemec_ReplicateLayout.replicate_layout 835:Src fp.id: '8D847CB5-E00B-428D-BD6B-968281E3857C'
08-25 23:01:44 com_github_MitjaNemec_ReplicateLayout.replicate_layout 839:Dst fp.id: '8D847CB5-E00B-428D-BD6B-968281E3857C'
08-25 23:01:44 com_github_MitjaNemec_ReplicateLayout.replicate_layout 895:found match in dst footprint: 'Q34'
08-25 23:01:44 com_github_MitjaNemec_ReplicateLayout.replicate_layout 990:Src text UUid:f4b0c936-80e7-4521-b75e-fd2ff620a41e
08-25 23:01:44 com_github_MitjaNemec_ReplicateLayout.replicate_layout 991:Dst text UUid:1777c7d9-686d-469f-8af2-3f7649c69a02
08-25 23:01:44 com_github_MitjaNemec_ReplicateLayout.replicate_layout 990:Src text UUid:ca1deeec-565b-44f5-ba76-6767fb50c702
08-25 23:01:44 com_github_MitjaNemec_ReplicateLayout.replicate_layout 991:Dst text UUid:6cbeeb4e-cb1a-48b2-9ca9-bd88b8626e5b
08-25 23:01:44 com_github_MitjaNemec_ReplicateLayout.replicate_layout 990:Src text UUid:df664c19-7990-4850-ab00-790be9f327cf
08-25 23:01:44 com_github_MitjaNemec_ReplicateLayout.replicate_layout 991:Dst text UUid:02ff0728-3bf0-491f-a308-362821471772
08-25 23:01:44 com_github_MitjaNemec_ReplicateLayout.replicate_layout 888:Replicating footprint: 'Q5'
08-25 23:01:44 com_github_MitjaNemec_ReplicateLayout.replicate_layout 835:Src fp.id: 'D3B029CA-A78A-4AD0-B065-5E40F898A58E'
08-25 23:01:44 com_github_MitjaNemec_ReplicateLayout.replicate_layout 839:Dst fp.id: 'D3B029CA-A78A-4AD0-B065-5E40F898A58E'
08-25 23:01:44 com_github_MitjaNemec_ReplicateLayout.replicate_layout 895:found match in dst footprint: 'Q33'
08-25 23:01:44 com_github_MitjaNemec_ReplicateLayout.replicate_layout 990:Src text UUid:f7a5dac9-b2cb-4eea-9ca3-6ea7d19a2d45
08-25 23:01:44 com_github_MitjaNemec_ReplicateLayout.replicate_layout 991:Dst text UUid:29680a28-7bec-40d8-89dd-c9e1f32728c2
08-25 23:01:44 com_github_MitjaNemec_ReplicateLayout.replicate_layout 990:Src text UUid:48debcb2-2912-4536-b052-0d85ca611cdc
08-25 23:01:44 com_github_MitjaNemec_ReplicateLayout.replicate_layout 991:Dst text UUid:9d19a2eb-850f-4628-bd5f-eaacba401729
08-25 23:01:44 com_github_MitjaNemec_ReplicateLayout.replicate_layout 990:Src text UUid:a913f8d2-1603-416c-a1a9-301575d45bab
08-25 23:01:44 com_github_MitjaNemec_ReplicateLayout.replicate_layout 991:Dst text UUid:5ed564ab-610e-4241-b004-c69257b615bd
08-25 23:01:44 com_github_MitjaNemec_ReplicateLayout.replicate_layout 888:Replicating footprint: 'C3'
08-25 23:01:44 com_github_MitjaNemec_ReplicateLayout.replicate_layout 835:Src fp.id: '48CE2A11-6FA1-4816-8BEE-2E82038543FF'
08-25 23:01:44 com_github_MitjaNemec_ReplicateLayout.replicate_layout 839:Dst fp.id: '48CE2A11-6FA1-4816-8BEE-2E82038543FF'
08-25 23:01:44 com_github_MitjaNemec_ReplicateLayout.replicate_layout 895:found match in dst footprint: 'C17'
08-25 23:01:44 com_github_MitjaNemec_ReplicateLayout.replicate_layout 990:Src text UUid:6c1243e2-8b92-4081-a9cf-ac1017aacc39
08-25 23:01:44 com_github_MitjaNemec_ReplicateLayout.replicate_layout 991:Dst text UUid:8c9e6c14-4dcf-4e8a-b290-3f1ac63714cc
08-25 23:01:44 com_github_MitjaNemec_ReplicateLayout.replicate_layout 990:Src text UUid:d3915164-4687-4b37-b9ec-416e9e66b755
08-25 23:01:44 com_github_MitjaNemec_ReplicateLayout.replicate_layout 991:Dst text UUid:4f817b78-ef70-4ab1-a1b0-526b6e601987
08-25 23:01:44 com_github_MitjaNemec_ReplicateLayout.replicate_layout 990:Src text UUid:b582355e-a4d6-4f4b-9e7b-1e8095053193
08-25 23:01:44 com_github_MitjaNemec_ReplicateLayout.replicate_layout 991:Dst text UUid:68a10189-b9cc-47ad-8e00-4802aeefd070
08-25 23:01:44 com_github_MitjaNemec_ReplicateLayout.replicate_layout 888:Replicating footprint: 'R3'
08-25 23:01:44 com_github_MitjaNemec_ReplicateLayout.replicate_layout 835:Src fp.id: 'E3A00D99-EE45-46E5-9182-7CB5902749B3'
08-25 23:01:44 com_github_MitjaNemec_ReplicateLayout.replicate_layout 839:Dst fp.id: 'E3A00D99-EE45-46E5-9182-7CB5902749B3'
08-25 23:01:44 com_github_MitjaNemec_ReplicateLayout.replicate_layout 895:found match in dst footprint: 'R17'
08-25 23:01:44 com_github_MitjaNemec_ReplicateLayout.replicate_layout 990:Src text UUid:c8d8973c-40f0-40f8-bca0-85a2f7563a32
08-25 23:01:44 com_github_MitjaNemec_ReplicateLayout.replicate_layout 991:Dst text UUid:194c7c97-f665-49d0-baa2-a14ee2daafc7
08-25 23:01:44 com_github_MitjaNemec_ReplicateLayout.replicate_layout 990:Src text UUid:fa873b22-e32d-469d-a726-853e5be2a24e
08-25 23:01:44 com_github_MitjaNemec_ReplicateLayout.replicate_layout 991:Dst text UUid:cc06b98b-095a-450f-a64c-9ab2ddaca751
08-25 23:01:44 com_github_MitjaNemec_ReplicateLayout.replicate_layout 990:Src text UUid:aa74c71c-e0cc-4bdd-9d44-47fee14196bb
08-25 23:01:44 com_github_MitjaNemec_ReplicateLayout.replicate_layout 991:Dst text UUid:020a05ba-f6ea-4b30-bf84-71e5cc42893b
08-25 23:01:44 com_github_MitjaNemec_ReplicateLayout.replicate_layout 870:Replicating footprints on sheet ['/SensorModule17/']
08-25 23:01:44 com_github_MitjaNemec_ReplicateLayout.replicate_layout 835:Src fp.id: 'D3B029CA-A78A-4AD0-B065-5E40F898A58E'
08-25 23:01:44 com_github_MitjaNemec_ReplicateLayout.replicate_layout 839:Dst fp.id: 'D3B029CA-A78A-4AD0-B065-5E40F898A58E'
08-25 23:01:44 com_github_MitjaNemec_ReplicateLayout.replicate_layout 888:Replicating footprint: 'TP3'
08-25 23:01:44 com_github_MitjaNemec_ReplicateLayout.replicate_layout 835:Src fp.id: 'DC4441AA-6AE7-41D3-B704-9B167A21E89A'
08-25 23:01:44 com_github_MitjaNemec_ReplicateLayout.replicate_layout 839:Dst fp.id: 'DC4441AA-6AE7-41D3-B704-9B167A21E89A'
08-25 23:01:44 com_github_MitjaNemec_ReplicateLayout.replicate_layout 895:found match in dst footprint: 'TP18'
08-25 23:01:44 com_github_MitjaNemec_ReplicateLayout.replicate_layout 990:Src text UUid:084cf6f4-13f1-4979-a7dd-38f91f964ca4
08-25 23:01:44 com_github_MitjaNemec_ReplicateLayout.replicate_layout 991:Dst text UUid:726d54af-6fd6-4c52-a575-7a60504faf8d
08-25 23:01:44 com_github_MitjaNemec_ReplicateLayout.replicate_layout 990:Src text UUid:fed86236-d6ae-4332-954a-f8f2489cea47
08-25 23:01:44 com_github_MitjaNemec_ReplicateLayout.replicate_layout 991:Dst text UUid:ebf3049d-f134-46b4-8409-be8fa51ce2b0
08-25 23:01:44 com_github_MitjaNemec_ReplicateLayout.replicate_layout 990:Src text UUid:14138a6e-1c8e-436b-8f4e-fb21de4d93f5
08-25 23:01:44 com_github_MitjaNemec_ReplicateLayout.replicate_layout 991:Dst text UUid:cb1a0b72-ec54-47bf-91b2-0abb92aeccf6
08-25 23:01:44 com_github_MitjaNemec_ReplicateLayout.replicate_layout 888:Replicating footprint: 'Q6'
08-25 23:01:44 com_github_MitjaNemec_ReplicateLayout.replicate_layout 835:Src fp.id: '8D847CB5-E00B-428D-BD6B-968281E3857C'
08-25 23:01:44 com_github_MitjaNemec_ReplicateLayout.replicate_layout 839:Dst fp.id: '8D847CB5-E00B-428D-BD6B-968281E3857C'
08-25 23:01:44 com_github_MitjaNemec_ReplicateLayout.replicate_layout 895:found match in dst footprint: 'Q36'
08-25 23:01:44 com_github_MitjaNemec_ReplicateLayout.replicate_layout 990:Src text UUid:f4b0c936-80e7-4521-b75e-fd2ff620a41e
08-25 23:01:44 com_github_MitjaNemec_ReplicateLayout.replicate_layout 991:Dst text UUid:eabe727d-352c-4a19-9455-2e3d8f87867b
08-25 23:01:44 com_github_MitjaNemec_ReplicateLayout.replicate_layout 990:Src text UUid:ca1deeec-565b-44f5-ba76-6767fb50c702
08-25 23:01:44 com_github_MitjaNemec_ReplicateLayout.replicate_layout 991:Dst text UUid:4114537d-542f-43fe-957b-e08e9c7bc32e
08-25 23:01:44 com_github_MitjaNemec_ReplicateLayout.replicate_layout 990:Src text UUid:df664c19-7990-4850-ab00-790be9f327cf
08-25 23:01:44 com_github_MitjaNemec_ReplicateLayout.replicate_layout 991:Dst text UUid:7dde8de1-3c36-4bc4-9559-dac976d2a0f5
08-25 23:01:44 com_github_MitjaNemec_ReplicateLayout.replicate_layout 888:Replicating footprint: 'Q5'
08-25 23:01:44 com_github_MitjaNemec_ReplicateLayout.replicate_layout 835:Src fp.id: 'D3B029CA-A78A-4AD0-B065-5E40F898A58E'
08-25 23:01:44 com_github_MitjaNemec_ReplicateLayout.replicate_layout 839:Dst fp.id: 'D3B029CA-A78A-4AD0-B065-5E40F898A58E'
08-25 23:01:44 com_github_MitjaNemec_ReplicateLayout.replicate_layout 895:found match in dst footprint: 'Q35'
08-25 23:01:44 com_github_MitjaNemec_ReplicateLayout.replicate_layout 990:Src text UUid:f7a5dac9-b2cb-4eea-9ca3-6ea7d19a2d45
08-25 23:01:44 com_github_MitjaNemec_ReplicateLayout.replicate_layout 991:Dst text UUid:673c8cb7-28a1-4049-8f62-1b0e832817b6
08-25 23:01:44 com_github_MitjaNemec_ReplicateLayout.replicate_layout 990:Src text UUid:48debcb2-2912-4536-b052-0d85ca611cdc
08-25 23:01:44 com_github_MitjaNemec_ReplicateLayout.replicate_layout 991:Dst text UUid:a1598b27-498e-4f7a-819d-2bb56850bde9
08-25 23:01:44 com_github_MitjaNemec_ReplicateLayout.replicate_layout 990:Src text UUid:a913f8d2-1603-416c-a1a9-301575d45bab
08-25 23:01:44 com_github_MitjaNemec_ReplicateLayout.replicate_layout 991:Dst text UUid:f61485ea-6fcf-49f7-85dd-ecdb0f21fbc4
08-25 23:01:44 com_github_MitjaNemec_ReplicateLayout.replicate_layout 888:Replicating footprint: 'C3'
08-25 23:01:44 com_github_MitjaNemec_ReplicateLayout.replicate_layout 835:Src fp.id: '48CE2A11-6FA1-4816-8BEE-2E82038543FF'
08-25 23:01:44 com_github_MitjaNemec_ReplicateLayout.replicate_layout 839:Dst fp.id: '48CE2A11-6FA1-4816-8BEE-2E82038543FF'
08-25 23:01:44 com_github_MitjaNemec_ReplicateLayout.replicate_layout 895:found match in dst footprint: 'C18'
08-25 23:01:44 com_github_MitjaNemec_ReplicateLayout.replicate_layout 990:Src text UUid:6c1243e2-8b92-4081-a9cf-ac1017aacc39
08-25 23:01:44 com_github_MitjaNemec_ReplicateLayout.replicate_layout 991:Dst text UUid:6ab8852e-7645-48ca-9d67-e397bc4347cd
08-25 23:01:44 com_github_MitjaNemec_ReplicateLayout.replicate_layout 990:Src text UUid:d3915164-4687-4b37-b9ec-416e9e66b755
08-25 23:01:44 com_github_MitjaNemec_ReplicateLayout.replicate_layout 991:Dst text UUid:a4da055d-a5a6-4342-8e29-c980066cece9
08-25 23:01:44 com_github_MitjaNemec_ReplicateLayout.replicate_layout 990:Src text UUid:b582355e-a4d6-4f4b-9e7b-1e8095053193
08-25 23:01:44 com_github_MitjaNemec_ReplicateLayout.replicate_layout 991:Dst text UUid:7010519d-ee92-42c7-8ab4-48c994a37811
08-25 23:01:44 com_github_MitjaNemec_ReplicateLayout.replicate_layout 888:Replicating footprint: 'R3'
08-25 23:01:44 com_github_MitjaNemec_ReplicateLayout.replicate_layout 835:Src fp.id: 'E3A00D99-EE45-46E5-9182-7CB5902749B3'
08-25 23:01:44 com_github_MitjaNemec_ReplicateLayout.replicate_layout 839:Dst fp.id: 'E3A00D99-EE45-46E5-9182-7CB5902749B3'
08-25 23:01:44 com_github_MitjaNemec_ReplicateLayout.replicate_layout 895:found match in dst footprint: 'R18'
08-25 23:01:44 com_github_MitjaNemec_ReplicateLayout.replicate_layout 990:Src text UUid:c8d8973c-40f0-40f8-bca0-85a2f7563a32
08-25 23:01:44 com_github_MitjaNemec_ReplicateLayout.replicate_layout 991:Dst text UUid:8c60b52c-3659-4502-8913-a14ce9d9659a
08-25 23:01:44 com_github_MitjaNemec_ReplicateLayout.replicate_layout 990:Src text UUid:fa873b22-e32d-469d-a726-853e5be2a24e
08-25 23:01:44 com_github_MitjaNemec_ReplicateLayout.replicate_layout 991:Dst text UUid:d2c6bff6-654e-49ca-8b31-cd045eb262ab
08-25 23:01:44 com_github_MitjaNemec_ReplicateLayout.replicate_layout 990:Src text UUid:aa74c71c-e0cc-4bdd-9d44-47fee14196bb
08-25 23:01:44 com_github_MitjaNemec_ReplicateLayout.replicate_layout 991:Dst text UUid:78dfbc40-b568-4d2f-b8c8-238838e35892
08-25 23:01:44 com_github_MitjaNemec_ReplicateLayout.replicate_layout 870:Replicating footprints on sheet ['/SensorModule18/']
08-25 23:01:44 com_github_MitjaNemec_ReplicateLayout.replicate_layout 835:Src fp.id: 'D3B029CA-A78A-4AD0-B065-5E40F898A58E'
08-25 23:01:44 com_github_MitjaNemec_ReplicateLayout.replicate_layout 839:Dst fp.id: 'D3B029CA-A78A-4AD0-B065-5E40F898A58E'
08-25 23:01:44 com_github_MitjaNemec_ReplicateLayout.replicate_layout 888:Replicating footprint: 'TP3'
08-25 23:01:44 root 345:updating GUI with: 28
08-25 23:01:44 com_github_MitjaNemec_ReplicateLayout.replicate_layout 835:Src fp.id: 'DC4441AA-6AE7-41D3-B704-9B167A21E89A'
08-25 23:01:44 com_github_MitjaNemec_ReplicateLayout.replicate_layout 839:Dst fp.id: 'DC4441AA-6AE7-41D3-B704-9B167A21E89A'
08-25 23:01:44 com_github_MitjaNemec_ReplicateLayout.replicate_layout 895:found match in dst footprint: 'TP19'
08-25 23:01:44 com_github_MitjaNemec_ReplicateLayout.replicate_layout 990:Src text UUid:084cf6f4-13f1-4979-a7dd-38f91f964ca4
08-25 23:01:44 com_github_MitjaNemec_ReplicateLayout.replicate_layout 991:Dst text UUid:590139ce-6ee9-400b-8bb6-237206aac069
08-25 23:01:44 com_github_MitjaNemec_ReplicateLayout.replicate_layout 990:Src text UUid:fed86236-d6ae-4332-954a-f8f2489cea47
08-25 23:01:44 com_github_MitjaNemec_ReplicateLayout.replicate_layout 991:Dst text UUid:b165226f-9915-40bb-8da9-31cafe687d34
08-25 23:01:44 com_github_MitjaNemec_ReplicateLayout.replicate_layout 990:Src text UUid:14138a6e-1c8e-436b-8f4e-fb21de4d93f5
08-25 23:01:44 com_github_MitjaNemec_ReplicateLayout.replicate_layout 991:Dst text UUid:9df37bb0-5a6e-4492-b9b2-14b52cb8f8e5
08-25 23:01:44 com_github_MitjaNemec_ReplicateLayout.replicate_layout 888:Replicating footprint: 'Q6'
08-25 23:01:44 com_github_MitjaNemec_ReplicateLayout.replicate_layout 835:Src fp.id: '8D847CB5-E00B-428D-BD6B-968281E3857C'
08-25 23:01:44 com_github_MitjaNemec_ReplicateLayout.replicate_layout 839:Dst fp.id: '8D847CB5-E00B-428D-BD6B-968281E3857C'
08-25 23:01:44 com_github_MitjaNemec_ReplicateLayout.replicate_layout 895:found match in dst footprint: 'Q38'
08-25 23:01:44 com_github_MitjaNemec_ReplicateLayout.replicate_layout 990:Src text UUid:f4b0c936-80e7-4521-b75e-fd2ff620a41e
08-25 23:01:44 com_github_MitjaNemec_ReplicateLayout.replicate_layout 991:Dst text UUid:cdb03d22-bb93-4d48-9270-bbff79707952
08-25 23:01:44 com_github_MitjaNemec_ReplicateLayout.replicate_layout 990:Src text UUid:ca1deeec-565b-44f5-ba76-6767fb50c702
08-25 23:01:44 com_github_MitjaNemec_ReplicateLayout.replicate_layout 991:Dst text UUid:fd930a65-fdd8-41b9-acdf-6d8fa29dd46a
08-25 23:01:44 com_github_MitjaNemec_ReplicateLayout.replicate_layout 990:Src text UUid:df664c19-7990-4850-ab00-790be9f327cf
08-25 23:01:44 com_github_MitjaNemec_ReplicateLayout.replicate_layout 991:Dst text UUid:1a4791b8-d01d-44e4-9c70-42f45d39a855
08-25 23:01:44 com_github_MitjaNemec_ReplicateLayout.replicate_layout 888:Replicating footprint: 'Q5'
08-25 23:01:44 com_github_MitjaNemec_ReplicateLayout.replicate_layout 835:Src fp.id: 'D3B029CA-A78A-4AD0-B065-5E40F898A58E'
08-25 23:01:44 com_github_MitjaNemec_ReplicateLayout.replicate_layout 839:Dst fp.id: 'D3B029CA-A78A-4AD0-B065-5E40F898A58E'
08-25 23:01:44 com_github_MitjaNemec_ReplicateLayout.replicate_layout 895:found match in dst footprint: 'Q37'
08-25 23:01:44 com_github_MitjaNemec_ReplicateLayout.replicate_layout 990:Src text UUid:f7a5dac9-b2cb-4eea-9ca3-6ea7d19a2d45
08-25 23:01:44 com_github_MitjaNemec_ReplicateLayout.replicate_layout 991:Dst text UUid:ecae4d3f-cbfc-4a13-a762-17b64266202b
08-25 23:01:44 com_github_MitjaNemec_ReplicateLayout.replicate_layout 990:Src text UUid:48debcb2-2912-4536-b052-0d85ca611cdc
08-25 23:01:44 com_github_MitjaNemec_ReplicateLayout.replicate_layout 991:Dst text UUid:46fae97d-c189-4b12-aa85-694c6864864e
08-25 23:01:44 com_github_MitjaNemec_ReplicateLayout.replicate_layout 990:Src text UUid:a913f8d2-1603-416c-a1a9-301575d45bab
08-25 23:01:44 com_github_MitjaNemec_ReplicateLayout.replicate_layout 991:Dst text UUid:25a31a3a-84a9-46ce-b363-4acd77854133
08-25 23:01:44 com_github_MitjaNemec_ReplicateLayout.replicate_layout 888:Replicating footprint: 'C3'
08-25 23:01:44 com_github_MitjaNemec_ReplicateLayout.replicate_layout 835:Src fp.id: '48CE2A11-6FA1-4816-8BEE-2E82038543FF'
08-25 23:01:44 com_github_MitjaNemec_ReplicateLayout.replicate_layout 839:Dst fp.id: '48CE2A11-6FA1-4816-8BEE-2E82038543FF'
08-25 23:01:44 com_github_MitjaNemec_ReplicateLayout.replicate_layout 895:found match in dst footprint: 'C19'
08-25 23:01:44 com_github_MitjaNemec_ReplicateLayout.replicate_layout 990:Src text UUid:6c1243e2-8b92-4081-a9cf-ac1017aacc39
08-25 23:01:44 com_github_MitjaNemec_ReplicateLayout.replicate_layout 991:Dst text UUid:20a43048-9c8e-4fd4-b92d-7bcf17620ecb
08-25 23:01:44 com_github_MitjaNemec_ReplicateLayout.replicate_layout 990:Src text UUid:d3915164-4687-4b37-b9ec-416e9e66b755
08-25 23:01:44 com_github_MitjaNemec_ReplicateLayout.replicate_layout 991:Dst text UUid:d877ad57-45ef-419b-9055-3863182ef2f0
08-25 23:01:44 com_github_MitjaNemec_ReplicateLayout.replicate_layout 990:Src text UUid:b582355e-a4d6-4f4b-9e7b-1e8095053193
08-25 23:01:44 com_github_MitjaNemec_ReplicateLayout.replicate_layout 991:Dst text UUid:bb9ba55a-0435-4740-a5ef-de3041f46aef
08-25 23:01:44 com_github_MitjaNemec_ReplicateLayout.replicate_layout 888:Replicating footprint: 'R3'
08-25 23:01:44 com_github_MitjaNemec_ReplicateLayout.replicate_layout 835:Src fp.id: 'E3A00D99-EE45-46E5-9182-7CB5902749B3'
08-25 23:01:44 com_github_MitjaNemec_ReplicateLayout.replicate_layout 839:Dst fp.id: 'E3A00D99-EE45-46E5-9182-7CB5902749B3'
08-25 23:01:44 com_github_MitjaNemec_ReplicateLayout.replicate_layout 895:found match in dst footprint: 'R19'
08-25 23:01:44 com_github_MitjaNemec_ReplicateLayout.replicate_layout 990:Src text UUid:c8d8973c-40f0-40f8-bca0-85a2f7563a32
08-25 23:01:44 com_github_MitjaNemec_ReplicateLayout.replicate_layout 991:Dst text UUid:170b7626-5f3b-40c0-9d7a-07268f05eac3
08-25 23:01:44 com_github_MitjaNemec_ReplicateLayout.replicate_layout 990:Src text UUid:fa873b22-e32d-469d-a726-853e5be2a24e
08-25 23:01:44 com_github_MitjaNemec_ReplicateLayout.replicate_layout 991:Dst text UUid:5f950108-7af4-4fd5-8249-24fba40b347d
08-25 23:01:44 com_github_MitjaNemec_ReplicateLayout.replicate_layout 990:Src text UUid:aa74c71c-e0cc-4bdd-9d44-47fee14196bb
08-25 23:01:44 com_github_MitjaNemec_ReplicateLayout.replicate_layout 991:Dst text UUid:f48ca91a-94f0-4ce4-98f0-3bb905cbc0bc
08-25 23:01:44 com_github_MitjaNemec_ReplicateLayout.replicate_layout 870:Replicating footprints on sheet ['/SensorModule19/']
08-25 23:01:44 com_github_MitjaNemec_ReplicateLayout.replicate_layout 835:Src fp.id: 'D3B029CA-A78A-4AD0-B065-5E40F898A58E'
08-25 23:01:44 com_github_MitjaNemec_ReplicateLayout.replicate_layout 839:Dst fp.id: 'D3B029CA-A78A-4AD0-B065-5E40F898A58E'
08-25 23:01:44 com_github_MitjaNemec_ReplicateLayout.replicate_layout 888:Replicating footprint: 'TP3'
08-25 23:01:44 com_github_MitjaNemec_ReplicateLayout.replicate_layout 835:Src fp.id: 'DC4441AA-6AE7-41D3-B704-9B167A21E89A'
08-25 23:01:44 com_github_MitjaNemec_ReplicateLayout.replicate_layout 839:Dst fp.id: 'DC4441AA-6AE7-41D3-B704-9B167A21E89A'
08-25 23:01:44 com_github_MitjaNemec_ReplicateLayout.replicate_layout 895:found match in dst footprint: 'TP20'
08-25 23:01:44 com_github_MitjaNemec_ReplicateLayout.replicate_layout 990:Src text UUid:084cf6f4-13f1-4979-a7dd-38f91f964ca4
08-25 23:01:44 com_github_MitjaNemec_ReplicateLayout.replicate_layout 991:Dst text UUid:ba7931d4-f533-49a4-aedf-3d8d1567f0a3
08-25 23:01:44 com_github_MitjaNemec_ReplicateLayout.replicate_layout 990:Src text UUid:fed86236-d6ae-4332-954a-f8f2489cea47
08-25 23:01:44 com_github_MitjaNemec_ReplicateLayout.replicate_layout 991:Dst text UUid:d9b3ab66-7fae-458c-9df9-607a6226ac97
08-25 23:01:44 com_github_MitjaNemec_ReplicateLayout.replicate_layout 990:Src text UUid:14138a6e-1c8e-436b-8f4e-fb21de4d93f5
08-25 23:01:44 com_github_MitjaNemec_ReplicateLayout.replicate_layout 991:Dst text UUid:b1271499-dfbd-446b-8156-b9b8f60da054
08-25 23:01:44 com_github_MitjaNemec_ReplicateLayout.replicate_layout 888:Replicating footprint: 'Q6'
08-25 23:01:44 com_github_MitjaNemec_ReplicateLayout.replicate_layout 835:Src fp.id: '8D847CB5-E00B-428D-BD6B-968281E3857C'
08-25 23:01:44 com_github_MitjaNemec_ReplicateLayout.replicate_layout 839:Dst fp.id: '8D847CB5-E00B-428D-BD6B-968281E3857C'
08-25 23:01:44 com_github_MitjaNemec_ReplicateLayout.replicate_layout 895:found match in dst footprint: 'Q40'
08-25 23:01:44 com_github_MitjaNemec_ReplicateLayout.replicate_layout 990:Src text UUid:f4b0c936-80e7-4521-b75e-fd2ff620a41e
08-25 23:01:44 com_github_MitjaNemec_ReplicateLayout.replicate_layout 991:Dst text UUid:d6ab2d90-11cb-4d67-9401-13e22159a731
08-25 23:01:44 com_github_MitjaNemec_ReplicateLayout.replicate_layout 990:Src text UUid:ca1deeec-565b-44f5-ba76-6767fb50c702
08-25 23:01:44 com_github_MitjaNemec_ReplicateLayout.replicate_layout 991:Dst text UUid:259b6f85-ebb3-4c86-9859-b15bc5956e54
08-25 23:01:44 com_github_MitjaNemec_ReplicateLayout.replicate_layout 990:Src text UUid:df664c19-7990-4850-ab00-790be9f327cf
08-25 23:01:44 com_github_MitjaNemec_ReplicateLayout.replicate_layout 991:Dst text UUid:68763049-e349-4175-a0a6-73f78f7a43cd
08-25 23:01:44 com_github_MitjaNemec_ReplicateLayout.replicate_layout 888:Replicating footprint: 'Q5'
08-25 23:01:44 com_github_MitjaNemec_ReplicateLayout.replicate_layout 835:Src fp.id: 'D3B029CA-A78A-4AD0-B065-5E40F898A58E'
08-25 23:01:44 com_github_MitjaNemec_ReplicateLayout.replicate_layout 839:Dst fp.id: 'D3B029CA-A78A-4AD0-B065-5E40F898A58E'
08-25 23:01:44 com_github_MitjaNemec_ReplicateLayout.replicate_layout 895:found match in dst footprint: 'Q39'
08-25 23:01:44 com_github_MitjaNemec_ReplicateLayout.replicate_layout 990:Src text UUid:f7a5dac9-b2cb-4eea-9ca3-6ea7d19a2d45
08-25 23:01:44 com_github_MitjaNemec_ReplicateLayout.replicate_layout 991:Dst text UUid:53c0f358-df2c-4c91-a08e-6c055ccb8d96
08-25 23:01:44 com_github_MitjaNemec_ReplicateLayout.replicate_layout 990:Src text UUid:48debcb2-2912-4536-b052-0d85ca611cdc
08-25 23:01:44 com_github_MitjaNemec_ReplicateLayout.replicate_layout 991:Dst text UUid:2422c1ee-6877-4091-9dd8-c07c6c7da709
08-25 23:01:44 com_github_MitjaNemec_ReplicateLayout.replicate_layout 990:Src text UUid:a913f8d2-1603-416c-a1a9-301575d45bab
08-25 23:01:44 com_github_MitjaNemec_ReplicateLayout.replicate_layout 991:Dst text UUid:7b48d68b-1918-4bb8-8a36-de5c4606eabe
08-25 23:01:44 com_github_MitjaNemec_ReplicateLayout.replicate_layout 888:Replicating footprint: 'C3'
08-25 23:01:44 com_github_MitjaNemec_ReplicateLayout.replicate_layout 835:Src fp.id: '48CE2A11-6FA1-4816-8BEE-2E82038543FF'
08-25 23:01:44 com_github_MitjaNemec_ReplicateLayout.replicate_layout 839:Dst fp.id: '48CE2A11-6FA1-4816-8BEE-2E82038543FF'
08-25 23:01:44 com_github_MitjaNemec_ReplicateLayout.replicate_layout 895:found match in dst footprint: 'C20'
08-25 23:01:44 com_github_MitjaNemec_ReplicateLayout.replicate_layout 990:Src text UUid:6c1243e2-8b92-4081-a9cf-ac1017aacc39
08-25 23:01:44 com_github_MitjaNemec_ReplicateLayout.replicate_layout 991:Dst text UUid:fb061a27-4530-4566-9555-66bb50cf5474
08-25 23:01:44 com_github_MitjaNemec_ReplicateLayout.replicate_layout 990:Src text UUid:d3915164-4687-4b37-b9ec-416e9e66b755
08-25 23:01:44 com_github_MitjaNemec_ReplicateLayout.replicate_layout 991:Dst text UUid:6f9b5751-8275-4835-89a6-438e98c2b586
08-25 23:01:44 com_github_MitjaNemec_ReplicateLayout.replicate_layout 990:Src text UUid:b582355e-a4d6-4f4b-9e7b-1e8095053193
08-25 23:01:44 com_github_MitjaNemec_ReplicateLayout.replicate_layout 991:Dst text UUid:4a4ef9fc-cbbb-4e63-8dd1-bbf3b9ebd50b
08-25 23:01:44 com_github_MitjaNemec_ReplicateLayout.replicate_layout 888:Replicating footprint: 'R3'
08-25 23:01:44 com_github_MitjaNemec_ReplicateLayout.replicate_layout 835:Src fp.id: 'E3A00D99-EE45-46E5-9182-7CB5902749B3'
08-25 23:01:44 com_github_MitjaNemec_ReplicateLayout.replicate_layout 839:Dst fp.id: 'E3A00D99-EE45-46E5-9182-7CB5902749B3'
08-25 23:01:44 com_github_MitjaNemec_ReplicateLayout.replicate_layout 895:found match in dst footprint: 'R20'
08-25 23:01:44 com_github_MitjaNemec_ReplicateLayout.replicate_layout 990:Src text UUid:c8d8973c-40f0-40f8-bca0-85a2f7563a32
08-25 23:01:44 com_github_MitjaNemec_ReplicateLayout.replicate_layout 991:Dst text UUid:f83b3dc5-4d5d-4522-9047-5c4802ba0a95
08-25 23:01:44 com_github_MitjaNemec_ReplicateLayout.replicate_layout 990:Src text UUid:fa873b22-e32d-469d-a726-853e5be2a24e
08-25 23:01:44 com_github_MitjaNemec_ReplicateLayout.replicate_layout 991:Dst text UUid:ca3fded7-1323-46cc-b093-d0180800812f
08-25 23:01:44 com_github_MitjaNemec_ReplicateLayout.replicate_layout 990:Src text UUid:aa74c71c-e0cc-4bdd-9d44-47fee14196bb
08-25 23:01:44 com_github_MitjaNemec_ReplicateLayout.replicate_layout 991:Dst text UUid:54d12b4c-3dfa-42ae-9786-ca936a08a04e
08-25 23:01:44 com_github_MitjaNemec_ReplicateLayout.replicate_layout 870:Replicating footprints on sheet ['/SensorModule20/']
08-25 23:01:44 com_github_MitjaNemec_ReplicateLayout.replicate_layout 835:Src fp.id: 'D3B029CA-A78A-4AD0-B065-5E40F898A58E'
08-25 23:01:44 com_github_MitjaNemec_ReplicateLayout.replicate_layout 839:Dst fp.id: 'D3B029CA-A78A-4AD0-B065-5E40F898A58E'
08-25 23:01:44 com_github_MitjaNemec_ReplicateLayout.replicate_layout 888:Replicating footprint: 'TP3'
08-25 23:01:44 com_github_MitjaNemec_ReplicateLayout.replicate_layout 835:Src fp.id: 'DC4441AA-6AE7-41D3-B704-9B167A21E89A'
08-25 23:01:44 com_github_MitjaNemec_ReplicateLayout.replicate_layout 839:Dst fp.id: 'DC4441AA-6AE7-41D3-B704-9B167A21E89A'
08-25 23:01:44 com_github_MitjaNemec_ReplicateLayout.replicate_layout 895:found match in dst footprint: 'TP21'
08-25 23:01:44 com_github_MitjaNemec_ReplicateLayout.replicate_layout 990:Src text UUid:084cf6f4-13f1-4979-a7dd-38f91f964ca4
08-25 23:01:44 com_github_MitjaNemec_ReplicateLayout.replicate_layout 991:Dst text UUid:a1b955b8-7cc7-49ce-8dfe-ccaaeb00d7ec
08-25 23:01:44 com_github_MitjaNemec_ReplicateLayout.replicate_layout 990:Src text UUid:fed86236-d6ae-4332-954a-f8f2489cea47
08-25 23:01:44 com_github_MitjaNemec_ReplicateLayout.replicate_layout 991:Dst text UUid:bcebecc0-922c-4c66-b15e-c2c17e3bac41
08-25 23:01:44 com_github_MitjaNemec_ReplicateLayout.replicate_layout 990:Src text UUid:14138a6e-1c8e-436b-8f4e-fb21de4d93f5
08-25 23:01:44 com_github_MitjaNemec_ReplicateLayout.replicate_layout 991:Dst text UUid:5a494c44-2720-4742-9d16-af5ac854bcc9
08-25 23:01:44 com_github_MitjaNemec_ReplicateLayout.replicate_layout 888:Replicating footprint: 'Q6'
08-25 23:01:44 com_github_MitjaNemec_ReplicateLayout.replicate_layout 835:Src fp.id: '8D847CB5-E00B-428D-BD6B-968281E3857C'
08-25 23:01:44 com_github_MitjaNemec_ReplicateLayout.replicate_layout 839:Dst fp.id: '8D847CB5-E00B-428D-BD6B-968281E3857C'
08-25 23:01:44 com_github_MitjaNemec_ReplicateLayout.replicate_layout 895:found match in dst footprint: 'Q42'
08-25 23:01:44 com_github_MitjaNemec_ReplicateLayout.replicate_layout 990:Src text UUid:f4b0c936-80e7-4521-b75e-fd2ff620a41e
08-25 23:01:44 com_github_MitjaNemec_ReplicateLayout.replicate_layout 991:Dst text UUid:fb56dfa3-c695-4da3-b748-240adfecad8f
08-25 23:01:44 com_github_MitjaNemec_ReplicateLayout.replicate_layout 990:Src text UUid:ca1deeec-565b-44f5-ba76-6767fb50c702
08-25 23:01:44 com_github_MitjaNemec_ReplicateLayout.replicate_layout 991:Dst text UUid:322f60e7-49c1-43c6-819a-82a43aef58ce
08-25 23:01:44 com_github_MitjaNemec_ReplicateLayout.replicate_layout 990:Src text UUid:df664c19-7990-4850-ab00-790be9f327cf
08-25 23:01:44 com_github_MitjaNemec_ReplicateLayout.replicate_layout 991:Dst text UUid:4d6fc182-ae8a-453a-b484-34ab9d2b6843
08-25 23:01:44 com_github_MitjaNemec_ReplicateLayout.replicate_layout 888:Replicating footprint: 'Q5'
08-25 23:01:44 com_github_MitjaNemec_ReplicateLayout.replicate_layout 835:Src fp.id: 'D3B029CA-A78A-4AD0-B065-5E40F898A58E'
08-25 23:01:44 com_github_MitjaNemec_ReplicateLayout.replicate_layout 839:Dst fp.id: 'D3B029CA-A78A-4AD0-B065-5E40F898A58E'
08-25 23:01:44 com_github_MitjaNemec_ReplicateLayout.replicate_layout 895:found match in dst footprint: 'Q41'
08-25 23:01:44 com_github_MitjaNemec_ReplicateLayout.replicate_layout 990:Src text UUid:f7a5dac9-b2cb-4eea-9ca3-6ea7d19a2d45
08-25 23:01:44 com_github_MitjaNemec_ReplicateLayout.replicate_layout 991:Dst text UUid:cb51bf8e-e4be-4bb9-a8e1-f2a88bd95fad
08-25 23:01:44 com_github_MitjaNemec_ReplicateLayout.replicate_layout 990:Src text UUid:48debcb2-2912-4536-b052-0d85ca611cdc
08-25 23:01:44 com_github_MitjaNemec_ReplicateLayout.replicate_layout 991:Dst text UUid:e76e295a-f876-4890-90bd-fb493d5c397c
08-25 23:01:44 com_github_MitjaNemec_ReplicateLayout.replicate_layout 990:Src text UUid:a913f8d2-1603-416c-a1a9-301575d45bab
08-25 23:01:44 com_github_MitjaNemec_ReplicateLayout.replicate_layout 991:Dst text UUid:dfbc9107-7374-491e-90b5-2c5e76969a0e
08-25 23:01:44 com_github_MitjaNemec_ReplicateLayout.replicate_layout 888:Replicating footprint: 'C3'
08-25 23:01:44 root 345:updating GUI with: 35
08-25 23:01:44 com_github_MitjaNemec_ReplicateLayout.replicate_layout 835:Src fp.id: '48CE2A11-6FA1-4816-8BEE-2E82038543FF'
08-25 23:01:44 com_github_MitjaNemec_ReplicateLayout.replicate_layout 839:Dst fp.id: '48CE2A11-6FA1-4816-8BEE-2E82038543FF'
08-25 23:01:44 com_github_MitjaNemec_ReplicateLayout.replicate_layout 895:found match in dst footprint: 'C21'
08-25 23:01:44 com_github_MitjaNemec_ReplicateLayout.replicate_layout 990:Src text UUid:6c1243e2-8b92-4081-a9cf-ac1017aacc39
08-25 23:01:44 com_github_MitjaNemec_ReplicateLayout.replicate_layout 991:Dst text UUid:32a78ae8-1031-4905-b11c-dcd588befe94
08-25 23:01:44 com_github_MitjaNemec_ReplicateLayout.replicate_layout 990:Src text UUid:d3915164-4687-4b37-b9ec-416e9e66b755
08-25 23:01:44 com_github_MitjaNemec_ReplicateLayout.replicate_layout 991:Dst text UUid:4ea04c87-1c75-44f1-80bd-b6e02175ca79
08-25 23:01:44 com_github_MitjaNemec_ReplicateLayout.replicate_layout 990:Src text UUid:b582355e-a4d6-4f4b-9e7b-1e8095053193
08-25 23:01:44 com_github_MitjaNemec_ReplicateLayout.replicate_layout 991:Dst text UUid:1ee47a3f-ab5c-43b5-a056-e326a194c96a
08-25 23:01:44 com_github_MitjaNemec_ReplicateLayout.replicate_layout 888:Replicating footprint: 'R3'
08-25 23:01:44 com_github_MitjaNemec_ReplicateLayout.replicate_layout 835:Src fp.id: 'E3A00D99-EE45-46E5-9182-7CB5902749B3'
08-25 23:01:44 com_github_MitjaNemec_ReplicateLayout.replicate_layout 839:Dst fp.id: 'E3A00D99-EE45-46E5-9182-7CB5902749B3'
08-25 23:01:44 com_github_MitjaNemec_ReplicateLayout.replicate_layout 895:found match in dst footprint: 'R21'
08-25 23:01:44 com_github_MitjaNemec_ReplicateLayout.replicate_layout 990:Src text UUid:c8d8973c-40f0-40f8-bca0-85a2f7563a32
08-25 23:01:44 com_github_MitjaNemec_ReplicateLayout.replicate_layout 991:Dst text UUid:fd8dd2c7-1276-4ca3-adb2-675e04411663
08-25 23:01:44 com_github_MitjaNemec_ReplicateLayout.replicate_layout 990:Src text UUid:fa873b22-e32d-469d-a726-853e5be2a24e
08-25 23:01:44 com_github_MitjaNemec_ReplicateLayout.replicate_layout 991:Dst text UUid:284f1aa9-48d5-43d9-a6de-51cb24090f5e
08-25 23:01:44 com_github_MitjaNemec_ReplicateLayout.replicate_layout 990:Src text UUid:aa74c71c-e0cc-4bdd-9d44-47fee14196bb
08-25 23:01:44 com_github_MitjaNemec_ReplicateLayout.replicate_layout 991:Dst text UUid:875a23a8-f462-425f-b30f-680814c11cae
08-25 23:01:44 com_github_MitjaNemec_ReplicateLayout.replicate_layout 870:Replicating footprints on sheet ['/SensorModule21/']
08-25 23:01:44 com_github_MitjaNemec_ReplicateLayout.replicate_layout 835:Src fp.id: 'D3B029CA-A78A-4AD0-B065-5E40F898A58E'
08-25 23:01:44 com_github_MitjaNemec_ReplicateLayout.replicate_layout 839:Dst fp.id: 'D3B029CA-A78A-4AD0-B065-5E40F898A58E'
08-25 23:01:44 com_github_MitjaNemec_ReplicateLayout.replicate_layout 888:Replicating footprint: 'TP3'
08-25 23:01:44 com_github_MitjaNemec_ReplicateLayout.replicate_layout 835:Src fp.id: 'DC4441AA-6AE7-41D3-B704-9B167A21E89A'
08-25 23:01:44 com_github_MitjaNemec_ReplicateLayout.replicate_layout 839:Dst fp.id: 'DC4441AA-6AE7-41D3-B704-9B167A21E89A'
08-25 23:01:44 com_github_MitjaNemec_ReplicateLayout.replicate_layout 895:found match in dst footprint: 'TP22'
08-25 23:01:44 com_github_MitjaNemec_ReplicateLayout.replicate_layout 990:Src text UUid:084cf6f4-13f1-4979-a7dd-38f91f964ca4
08-25 23:01:44 com_github_MitjaNemec_ReplicateLayout.replicate_layout 991:Dst text UUid:d6fb61b5-fb0d-49b5-a910-2792072c3bf4
08-25 23:01:44 com_github_MitjaNemec_ReplicateLayout.replicate_layout 990:Src text UUid:fed86236-d6ae-4332-954a-f8f2489cea47
08-25 23:01:44 com_github_MitjaNemec_ReplicateLayout.replicate_layout 991:Dst text UUid:5de8d0af-326c-4ae4-8621-ea15ae841929
08-25 23:01:44 com_github_MitjaNemec_ReplicateLayout.replicate_layout 990:Src text UUid:14138a6e-1c8e-436b-8f4e-fb21de4d93f5
08-25 23:01:44 com_github_MitjaNemec_ReplicateLayout.replicate_layout 991:Dst text UUid:aea60248-29b5-4417-b544-6e939c831a1a
08-25 23:01:44 com_github_MitjaNemec_ReplicateLayout.replicate_layout 888:Replicating footprint: 'Q6'
08-25 23:01:44 com_github_MitjaNemec_ReplicateLayout.replicate_layout 835:Src fp.id: '8D847CB5-E00B-428D-BD6B-968281E3857C'
08-25 23:01:44 com_github_MitjaNemec_ReplicateLayout.replicate_layout 839:Dst fp.id: '8D847CB5-E00B-428D-BD6B-968281E3857C'
08-25 23:01:44 com_github_MitjaNemec_ReplicateLayout.replicate_layout 895:found match in dst footprint: 'Q44'
08-25 23:01:44 com_github_MitjaNemec_ReplicateLayout.replicate_layout 990:Src text UUid:f4b0c936-80e7-4521-b75e-fd2ff620a41e
08-25 23:01:44 com_github_MitjaNemec_ReplicateLayout.replicate_layout 991:Dst text UUid:6e79ac36-3709-44a9-ba54-79f006f1951a
08-25 23:01:44 com_github_MitjaNemec_ReplicateLayout.replicate_layout 990:Src text UUid:ca1deeec-565b-44f5-ba76-6767fb50c702
08-25 23:01:44 com_github_MitjaNemec_ReplicateLayout.replicate_layout 991:Dst text UUid:fddc6d5f-fd6f-4321-a196-dea2bb213a67
08-25 23:01:44 com_github_MitjaNemec_ReplicateLayout.replicate_layout 990:Src text UUid:df664c19-7990-4850-ab00-790be9f327cf
08-25 23:01:44 com_github_MitjaNemec_ReplicateLayout.replicate_layout 991:Dst text UUid:18d7d0a5-684c-437b-884d-2b7a76f0724e
08-25 23:01:44 com_github_MitjaNemec_ReplicateLayout.replicate_layout 888:Replicating footprint: 'Q5'
08-25 23:01:44 com_github_MitjaNemec_ReplicateLayout.replicate_layout 835:Src fp.id: 'D3B029CA-A78A-4AD0-B065-5E40F898A58E'
08-25 23:01:44 com_github_MitjaNemec_ReplicateLayout.replicate_layout 839:Dst fp.id: 'D3B029CA-A78A-4AD0-B065-5E40F898A58E'
08-25 23:01:44 com_github_MitjaNemec_ReplicateLayout.replicate_layout 895:found match in dst footprint: 'Q43'
08-25 23:01:44 com_github_MitjaNemec_ReplicateLayout.replicate_layout 990:Src text UUid:f7a5dac9-b2cb-4eea-9ca3-6ea7d19a2d45
08-25 23:01:44 com_github_MitjaNemec_ReplicateLayout.replicate_layout 991:Dst text UUid:6a253ab0-c11d-4b3a-ab87-f1d22f295d68
08-25 23:01:44 com_github_MitjaNemec_ReplicateLayout.replicate_layout 990:Src text UUid:48debcb2-2912-4536-b052-0d85ca611cdc
08-25 23:01:44 com_github_MitjaNemec_ReplicateLayout.replicate_layout 991:Dst text UUid:5eb7594e-761a-4dd9-8a9e-4cb9b1d96dab
08-25 23:01:44 com_github_MitjaNemec_ReplicateLayout.replicate_layout 990:Src text UUid:a913f8d2-1603-416c-a1a9-301575d45bab
08-25 23:01:44 com_github_MitjaNemec_ReplicateLayout.replicate_layout 991:Dst text UUid:33363cd3-edc3-4f3b-9c7b-e7430c896a61
08-25 23:01:44 com_github_MitjaNemec_ReplicateLayout.replicate_layout 888:Replicating footprint: 'C3'
08-25 23:01:44 com_github_MitjaNemec_ReplicateLayout.replicate_layout 835:Src fp.id: '48CE2A11-6FA1-4816-8BEE-2E82038543FF'
08-25 23:01:44 com_github_MitjaNemec_ReplicateLayout.replicate_layout 839:Dst fp.id: '48CE2A11-6FA1-4816-8BEE-2E82038543FF'
08-25 23:01:44 com_github_MitjaNemec_ReplicateLayout.replicate_layout 895:found match in dst footprint: 'C22'
08-25 23:01:44 com_github_MitjaNemec_ReplicateLayout.replicate_layout 990:Src text UUid:6c1243e2-8b92-4081-a9cf-ac1017aacc39
08-25 23:01:44 com_github_MitjaNemec_ReplicateLayout.replicate_layout 991:Dst text UUid:8d181bd7-3ba8-4238-b726-4e3f599b0fb6
08-25 23:01:44 com_github_MitjaNemec_ReplicateLayout.replicate_layout 990:Src text UUid:d3915164-4687-4b37-b9ec-416e9e66b755
08-25 23:01:44 com_github_MitjaNemec_ReplicateLayout.replicate_layout 991:Dst text UUid:664334e4-57fd-47fb-89de-d0cf4f5f6232
08-25 23:01:44 com_github_MitjaNemec_ReplicateLayout.replicate_layout 990:Src text UUid:b582355e-a4d6-4f4b-9e7b-1e8095053193
08-25 23:01:44 com_github_MitjaNemec_ReplicateLayout.replicate_layout 991:Dst text UUid:d8fcc1e3-200f-4e9c-a8be-25fe449f9c36
08-25 23:01:44 com_github_MitjaNemec_ReplicateLayout.replicate_layout 888:Replicating footprint: 'R3'
08-25 23:01:44 com_github_MitjaNemec_ReplicateLayout.replicate_layout 835:Src fp.id: 'E3A00D99-EE45-46E5-9182-7CB5902749B3'
08-25 23:01:44 com_github_MitjaNemec_ReplicateLayout.replicate_layout 839:Dst fp.id: 'E3A00D99-EE45-46E5-9182-7CB5902749B3'
08-25 23:01:44 com_github_MitjaNemec_ReplicateLayout.replicate_layout 895:found match in dst footprint: 'R22'
08-25 23:01:44 com_github_MitjaNemec_ReplicateLayout.replicate_layout 990:Src text UUid:c8d8973c-40f0-40f8-bca0-85a2f7563a32
08-25 23:01:44 com_github_MitjaNemec_ReplicateLayout.replicate_layout 991:Dst text UUid:3f61d766-2803-4b5b-8b1b-72220ccd050c
08-25 23:01:44 com_github_MitjaNemec_ReplicateLayout.replicate_layout 990:Src text UUid:fa873b22-e32d-469d-a726-853e5be2a24e
08-25 23:01:44 com_github_MitjaNemec_ReplicateLayout.replicate_layout 991:Dst text UUid:71a7deeb-8437-4bb4-87da-1c2fba07dbff
08-25 23:01:44 com_github_MitjaNemec_ReplicateLayout.replicate_layout 990:Src text UUid:aa74c71c-e0cc-4bdd-9d44-47fee14196bb
08-25 23:01:44 com_github_MitjaNemec_ReplicateLayout.replicate_layout 991:Dst text UUid:d4967c72-32ae-45bd-9032-2575811b07f4
08-25 23:01:44 com_github_MitjaNemec_ReplicateLayout.replicate_layout 870:Replicating footprints on sheet ['/SensorModule22/']
08-25 23:01:44 com_github_MitjaNemec_ReplicateLayout.replicate_layout 835:Src fp.id: 'D3B029CA-A78A-4AD0-B065-5E40F898A58E'
08-25 23:01:44 com_github_MitjaNemec_ReplicateLayout.replicate_layout 839:Dst fp.id: 'D3B029CA-A78A-4AD0-B065-5E40F898A58E'
08-25 23:01:44 com_github_MitjaNemec_ReplicateLayout.replicate_layout 888:Replicating footprint: 'TP3'
08-25 23:01:44 com_github_MitjaNemec_ReplicateLayout.replicate_layout 835:Src fp.id: 'DC4441AA-6AE7-41D3-B704-9B167A21E89A'
08-25 23:01:44 com_github_MitjaNemec_ReplicateLayout.replicate_layout 839:Dst fp.id: 'DC4441AA-6AE7-41D3-B704-9B167A21E89A'
08-25 23:01:44 com_github_MitjaNemec_ReplicateLayout.replicate_layout 895:found match in dst footprint: 'TP23'
08-25 23:01:44 com_github_MitjaNemec_ReplicateLayout.replicate_layout 990:Src text UUid:084cf6f4-13f1-4979-a7dd-38f91f964ca4
08-25 23:01:44 com_github_MitjaNemec_ReplicateLayout.replicate_layout 991:Dst text UUid:392fb2d1-380e-464c-887d-3ef00312b82a
08-25 23:01:44 com_github_MitjaNemec_ReplicateLayout.replicate_layout 990:Src text UUid:fed86236-d6ae-4332-954a-f8f2489cea47
08-25 23:01:44 com_github_MitjaNemec_ReplicateLayout.replicate_layout 991:Dst text UUid:c64de23d-8cbd-413e-a557-e3ce2c7ade2f
08-25 23:01:44 com_github_MitjaNemec_ReplicateLayout.replicate_layout 990:Src text UUid:14138a6e-1c8e-436b-8f4e-fb21de4d93f5
08-25 23:01:44 com_github_MitjaNemec_ReplicateLayout.replicate_layout 991:Dst text UUid:4ee5394c-b08a-45c0-976d-12b284e3a024
08-25 23:01:44 com_github_MitjaNemec_ReplicateLayout.replicate_layout 888:Replicating footprint: 'Q6'
08-25 23:01:44 com_github_MitjaNemec_ReplicateLayout.replicate_layout 835:Src fp.id: '8D847CB5-E00B-428D-BD6B-968281E3857C'
08-25 23:01:44 com_github_MitjaNemec_ReplicateLayout.replicate_layout 839:Dst fp.id: '8D847CB5-E00B-428D-BD6B-968281E3857C'
08-25 23:01:44 com_github_MitjaNemec_ReplicateLayout.replicate_layout 895:found match in dst footprint: 'Q46'
08-25 23:01:44 com_github_MitjaNemec_ReplicateLayout.replicate_layout 990:Src text UUid:f4b0c936-80e7-4521-b75e-fd2ff620a41e
08-25 23:01:44 com_github_MitjaNemec_ReplicateLayout.replicate_layout 991:Dst text UUid:08e167f2-658c-432b-b079-366d33a0608a
08-25 23:01:44 com_github_MitjaNemec_ReplicateLayout.replicate_layout 990:Src text UUid:ca1deeec-565b-44f5-ba76-6767fb50c702
08-25 23:01:44 com_github_MitjaNemec_ReplicateLayout.replicate_layout 991:Dst text UUid:c8a7dd5d-2d5c-423b-92b8-22eca1abb546
08-25 23:01:44 com_github_MitjaNemec_ReplicateLayout.replicate_layout 990:Src text UUid:df664c19-7990-4850-ab00-790be9f327cf
08-25 23:01:44 com_github_MitjaNemec_ReplicateLayout.replicate_layout 991:Dst text UUid:2edbe0cc-d61b-48cb-a542-3b75f902317f
08-25 23:01:44 com_github_MitjaNemec_ReplicateLayout.replicate_layout 888:Replicating footprint: 'Q5'
08-25 23:01:44 com_github_MitjaNemec_ReplicateLayout.replicate_layout 835:Src fp.id: 'D3B029CA-A78A-4AD0-B065-5E40F898A58E'
08-25 23:01:44 com_github_MitjaNemec_ReplicateLayout.replicate_layout 839:Dst fp.id: 'D3B029CA-A78A-4AD0-B065-5E40F898A58E'
08-25 23:01:44 com_github_MitjaNemec_ReplicateLayout.replicate_layout 895:found match in dst footprint: 'Q45'
08-25 23:01:44 com_github_MitjaNemec_ReplicateLayout.replicate_layout 990:Src text UUid:f7a5dac9-b2cb-4eea-9ca3-6ea7d19a2d45
08-25 23:01:44 com_github_MitjaNemec_ReplicateLayout.replicate_layout 991:Dst text UUid:966c04ff-047b-48c7-a4e1-513cc89d187e
08-25 23:01:44 com_github_MitjaNemec_ReplicateLayout.replicate_layout 990:Src text UUid:48debcb2-2912-4536-b052-0d85ca611cdc
08-25 23:01:44 com_github_MitjaNemec_ReplicateLayout.replicate_layout 991:Dst text UUid:20150b4b-3ea3-41ad-bc36-0098b14789b1
08-25 23:01:44 com_github_MitjaNemec_ReplicateLayout.replicate_layout 990:Src text UUid:a913f8d2-1603-416c-a1a9-301575d45bab
08-25 23:01:44 com_github_MitjaNemec_ReplicateLayout.replicate_layout 991:Dst text UUid:9f95a437-c9ce-4e14-858e-921380d36028
08-25 23:01:44 com_github_MitjaNemec_ReplicateLayout.replicate_layout 888:Replicating footprint: 'C3'
08-25 23:01:44 com_github_MitjaNemec_ReplicateLayout.replicate_layout 835:Src fp.id: '48CE2A11-6FA1-4816-8BEE-2E82038543FF'
08-25 23:01:44 com_github_MitjaNemec_ReplicateLayout.replicate_layout 839:Dst fp.id: '48CE2A11-6FA1-4816-8BEE-2E82038543FF'
08-25 23:01:44 com_github_MitjaNemec_ReplicateLayout.replicate_layout 895:found match in dst footprint: 'C23'
08-25 23:01:44 com_github_MitjaNemec_ReplicateLayout.replicate_layout 990:Src text UUid:6c1243e2-8b92-4081-a9cf-ac1017aacc39
08-25 23:01:44 com_github_MitjaNemec_ReplicateLayout.replicate_layout 991:Dst text UUid:0f8aa42b-b445-434a-aa7a-e3395d261408
08-25 23:01:44 com_github_MitjaNemec_ReplicateLayout.replicate_layout 990:Src text UUid:d3915164-4687-4b37-b9ec-416e9e66b755
08-25 23:01:44 com_github_MitjaNemec_ReplicateLayout.replicate_layout 991:Dst text UUid:746613c3-0b56-43b5-beff-927999b72825
08-25 23:01:44 com_github_MitjaNemec_ReplicateLayout.replicate_layout 990:Src text UUid:b582355e-a4d6-4f4b-9e7b-1e8095053193
08-25 23:01:44 com_github_MitjaNemec_ReplicateLayout.replicate_layout 991:Dst text UUid:7f1dd157-2b40-4b24-9c43-965fbbee5d24
08-25 23:01:44 com_github_MitjaNemec_ReplicateLayout.replicate_layout 888:Replicating footprint: 'R3'
08-25 23:01:44 com_github_MitjaNemec_ReplicateLayout.replicate_layout 835:Src fp.id: 'E3A00D99-EE45-46E5-9182-7CB5902749B3'
08-25 23:01:44 com_github_MitjaNemec_ReplicateLayout.replicate_layout 839:Dst fp.id: 'E3A00D99-EE45-46E5-9182-7CB5902749B3'
08-25 23:01:44 com_github_MitjaNemec_ReplicateLayout.replicate_layout 895:found match in dst footprint: 'R23'
08-25 23:01:44 com_github_MitjaNemec_ReplicateLayout.replicate_layout 990:Src text UUid:c8d8973c-40f0-40f8-bca0-85a2f7563a32
08-25 23:01:44 com_github_MitjaNemec_ReplicateLayout.replicate_layout 991:Dst text UUid:0ee26132-4f1b-471e-92b5-5fe4859f668d
08-25 23:01:44 com_github_MitjaNemec_ReplicateLayout.replicate_layout 990:Src text UUid:fa873b22-e32d-469d-a726-853e5be2a24e
08-25 23:01:44 com_github_MitjaNemec_ReplicateLayout.replicate_layout 991:Dst text UUid:c634572b-e92b-4b55-9c36-63de68ec942d
08-25 23:01:44 com_github_MitjaNemec_ReplicateLayout.replicate_layout 990:Src text UUid:aa74c71c-e0cc-4bdd-9d44-47fee14196bb
08-25 23:01:44 com_github_MitjaNemec_ReplicateLayout.replicate_layout 991:Dst text UUid:f7a71c89-7a29-42ad-8a98-1627c4d243a3
08-25 23:01:44 com_github_MitjaNemec_ReplicateLayout.replicate_layout 870:Replicating footprints on sheet ['/SensorModule23/']
08-25 23:01:44 com_github_MitjaNemec_ReplicateLayout.replicate_layout 835:Src fp.id: 'D3B029CA-A78A-4AD0-B065-5E40F898A58E'
08-25 23:01:44 com_github_MitjaNemec_ReplicateLayout.replicate_layout 839:Dst fp.id: 'D3B029CA-A78A-4AD0-B065-5E40F898A58E'
08-25 23:01:44 com_github_MitjaNemec_ReplicateLayout.replicate_layout 888:Replicating footprint: 'TP3'
08-25 23:01:44 root 345:updating GUI with: 42
08-25 23:01:44 com_github_MitjaNemec_ReplicateLayout.replicate_layout 835:Src fp.id: 'DC4441AA-6AE7-41D3-B704-9B167A21E89A'
08-25 23:01:44 com_github_MitjaNemec_ReplicateLayout.replicate_layout 839:Dst fp.id: 'DC4441AA-6AE7-41D3-B704-9B167A21E89A'
08-25 23:01:44 com_github_MitjaNemec_ReplicateLayout.replicate_layout 895:found match in dst footprint: 'TP24'
08-25 23:01:44 com_github_MitjaNemec_ReplicateLayout.replicate_layout 990:Src text UUid:084cf6f4-13f1-4979-a7dd-38f91f964ca4
08-25 23:01:44 com_github_MitjaNemec_ReplicateLayout.replicate_layout 991:Dst text UUid:df3e63f8-0a9c-40bb-900b-3e55f935e89a
08-25 23:01:44 com_github_MitjaNemec_ReplicateLayout.replicate_layout 990:Src text UUid:fed86236-d6ae-4332-954a-f8f2489cea47
08-25 23:01:44 com_github_MitjaNemec_ReplicateLayout.replicate_layout 991:Dst text UUid:82f48ae0-cc3b-49e6-a2fe-0371b2750c35
08-25 23:01:44 com_github_MitjaNemec_ReplicateLayout.replicate_layout 990:Src text UUid:14138a6e-1c8e-436b-8f4e-fb21de4d93f5
08-25 23:01:44 com_github_MitjaNemec_ReplicateLayout.replicate_layout 991:Dst text UUid:b48bbcf9-cf13-43f7-910c-5af438d834ed
08-25 23:01:44 com_github_MitjaNemec_ReplicateLayout.replicate_layout 888:Replicating footprint: 'Q6'
08-25 23:01:44 com_github_MitjaNemec_ReplicateLayout.replicate_layout 835:Src fp.id: '8D847CB5-E00B-428D-BD6B-968281E3857C'
08-25 23:01:44 com_github_MitjaNemec_ReplicateLayout.replicate_layout 839:Dst fp.id: '8D847CB5-E00B-428D-BD6B-968281E3857C'
08-25 23:01:44 com_github_MitjaNemec_ReplicateLayout.replicate_layout 895:found match in dst footprint: 'Q48'
08-25 23:01:44 com_github_MitjaNemec_ReplicateLayout.replicate_layout 990:Src text UUid:f4b0c936-80e7-4521-b75e-fd2ff620a41e
08-25 23:01:44 com_github_MitjaNemec_ReplicateLayout.replicate_layout 991:Dst text UUid:403ca718-421f-4836-8d32-9b5b1c618bcb
08-25 23:01:44 com_github_MitjaNemec_ReplicateLayout.replicate_layout 990:Src text UUid:ca1deeec-565b-44f5-ba76-6767fb50c702
08-25 23:01:44 com_github_MitjaNemec_ReplicateLayout.replicate_layout 991:Dst text UUid:a0df788d-5ed2-4f32-8ee6-c5b202d9b111
08-25 23:01:44 com_github_MitjaNemec_ReplicateLayout.replicate_layout 990:Src text UUid:df664c19-7990-4850-ab00-790be9f327cf
08-25 23:01:44 com_github_MitjaNemec_ReplicateLayout.replicate_layout 991:Dst text UUid:1a603659-2f14-4821-a7ac-862b70d336eb
08-25 23:01:44 com_github_MitjaNemec_ReplicateLayout.replicate_layout 888:Replicating footprint: 'Q5'
08-25 23:01:44 com_github_MitjaNemec_ReplicateLayout.replicate_layout 835:Src fp.id: 'D3B029CA-A78A-4AD0-B065-5E40F898A58E'
08-25 23:01:44 com_github_MitjaNemec_ReplicateLayout.replicate_layout 839:Dst fp.id: 'D3B029CA-A78A-4AD0-B065-5E40F898A58E'
08-25 23:01:44 com_github_MitjaNemec_ReplicateLayout.replicate_layout 895:found match in dst footprint: 'Q47'
08-25 23:01:44 com_github_MitjaNemec_ReplicateLayout.replicate_layout 990:Src text UUid:f7a5dac9-b2cb-4eea-9ca3-6ea7d19a2d45
08-25 23:01:44 com_github_MitjaNemec_ReplicateLayout.replicate_layout 991:Dst text UUid:422f40a5-0c92-47d7-b6d1-39b18bfa3c18
08-25 23:01:44 com_github_MitjaNemec_ReplicateLayout.replicate_layout 990:Src text UUid:48debcb2-2912-4536-b052-0d85ca611cdc
08-25 23:01:44 com_github_MitjaNemec_ReplicateLayout.replicate_layout 991:Dst text UUid:16875680-d039-4261-9645-2b7c4634b73e
08-25 23:01:44 com_github_MitjaNemec_ReplicateLayout.replicate_layout 990:Src text UUid:a913f8d2-1603-416c-a1a9-301575d45bab
08-25 23:01:44 com_github_MitjaNemec_ReplicateLayout.replicate_layout 991:Dst text UUid:f664421c-d08c-4077-b0b7-a3a632ca0de1
08-25 23:01:44 com_github_MitjaNemec_ReplicateLayout.replicate_layout 888:Replicating footprint: 'C3'
08-25 23:01:44 com_github_MitjaNemec_ReplicateLayout.replicate_layout 835:Src fp.id: '48CE2A11-6FA1-4816-8BEE-2E82038543FF'
08-25 23:01:44 com_github_MitjaNemec_ReplicateLayout.replicate_layout 839:Dst fp.id: '48CE2A11-6FA1-4816-8BEE-2E82038543FF'
08-25 23:01:44 com_github_MitjaNemec_ReplicateLayout.replicate_layout 895:found match in dst footprint: 'C24'
08-25 23:01:44 com_github_MitjaNemec_ReplicateLayout.replicate_layout 990:Src text UUid:6c1243e2-8b92-4081-a9cf-ac1017aacc39
08-25 23:01:44 com_github_MitjaNemec_ReplicateLayout.replicate_layout 991:Dst text UUid:7c5703e7-b600-4eb6-900f-800e9ab819ee
08-25 23:01:44 com_github_MitjaNemec_ReplicateLayout.replicate_layout 990:Src text UUid:d3915164-4687-4b37-b9ec-416e9e66b755
08-25 23:01:44 com_github_MitjaNemec_ReplicateLayout.replicate_layout 991:Dst text UUid:d50e4c85-b2d5-4558-9a62-795ff985f56f
08-25 23:01:44 com_github_MitjaNemec_ReplicateLayout.replicate_layout 990:Src text UUid:b582355e-a4d6-4f4b-9e7b-1e8095053193
08-25 23:01:44 com_github_MitjaNemec_ReplicateLayout.replicate_layout 991:Dst text UUid:07fdb85b-5e32-4c40-b645-4239afc94e71
08-25 23:01:44 com_github_MitjaNemec_ReplicateLayout.replicate_layout 888:Replicating footprint: 'R3'
08-25 23:01:44 com_github_MitjaNemec_ReplicateLayout.replicate_layout 835:Src fp.id: 'E3A00D99-EE45-46E5-9182-7CB5902749B3'
08-25 23:01:44 com_github_MitjaNemec_ReplicateLayout.replicate_layout 839:Dst fp.id: 'E3A00D99-EE45-46E5-9182-7CB5902749B3'
08-25 23:01:44 com_github_MitjaNemec_ReplicateLayout.replicate_layout 895:found match in dst footprint: 'R24'
08-25 23:01:44 com_github_MitjaNemec_ReplicateLayout.replicate_layout 990:Src text UUid:c8d8973c-40f0-40f8-bca0-85a2f7563a32
08-25 23:01:44 com_github_MitjaNemec_ReplicateLayout.replicate_layout 991:Dst text UUid:6f974890-2b6a-4740-9840-cfa1496d273c
08-25 23:01:44 com_github_MitjaNemec_ReplicateLayout.replicate_layout 990:Src text UUid:fa873b22-e32d-469d-a726-853e5be2a24e
08-25 23:01:44 com_github_MitjaNemec_ReplicateLayout.replicate_layout 991:Dst text UUid:1a4d10e5-5f27-46aa-8d95-47c1182ee9db
08-25 23:01:44 com_github_MitjaNemec_ReplicateLayout.replicate_layout 990:Src text UUid:aa74c71c-e0cc-4bdd-9d44-47fee14196bb
08-25 23:01:44 com_github_MitjaNemec_ReplicateLayout.replicate_layout 991:Dst text UUid:c9e5f363-8b75-4d64-ae69-c9d8992918f9
08-25 23:01:44 com_github_MitjaNemec_ReplicateLayout.replicate_layout 870:Replicating footprints on sheet ['/SensorModule24/']
08-25 23:01:44 com_github_MitjaNemec_ReplicateLayout.replicate_layout 835:Src fp.id: 'D3B029CA-A78A-4AD0-B065-5E40F898A58E'
08-25 23:01:44 com_github_MitjaNemec_ReplicateLayout.replicate_layout 839:Dst fp.id: 'D3B029CA-A78A-4AD0-B065-5E40F898A58E'
08-25 23:01:44 com_github_MitjaNemec_ReplicateLayout.replicate_layout 888:Replicating footprint: 'TP3'
08-25 23:01:44 com_github_MitjaNemec_ReplicateLayout.replicate_layout 835:Src fp.id: 'DC4441AA-6AE7-41D3-B704-9B167A21E89A'
08-25 23:01:44 com_github_MitjaNemec_ReplicateLayout.replicate_layout 839:Dst fp.id: 'DC4441AA-6AE7-41D3-B704-9B167A21E89A'
08-25 23:01:44 com_github_MitjaNemec_ReplicateLayout.replicate_layout 895:found match in dst footprint: 'TP25'
08-25 23:01:44 com_github_MitjaNemec_ReplicateLayout.replicate_layout 990:Src text UUid:084cf6f4-13f1-4979-a7dd-38f91f964ca4
08-25 23:01:44 com_github_MitjaNemec_ReplicateLayout.replicate_layout 991:Dst text UUid:145c8896-521e-4a27-8cad-e408de5bffd1
08-25 23:01:44 com_github_MitjaNemec_ReplicateLayout.replicate_layout 990:Src text UUid:fed86236-d6ae-4332-954a-f8f2489cea47
08-25 23:01:44 com_github_MitjaNemec_ReplicateLayout.replicate_layout 991:Dst text UUid:98b41744-9273-4581-ab80-528980fb1b13
08-25 23:01:44 com_github_MitjaNemec_ReplicateLayout.replicate_layout 990:Src text UUid:14138a6e-1c8e-436b-8f4e-fb21de4d93f5
08-25 23:01:44 com_github_MitjaNemec_ReplicateLayout.replicate_layout 991:Dst text UUid:d5b6170d-7af6-4511-b3e1-71e279710467
08-25 23:01:44 com_github_MitjaNemec_ReplicateLayout.replicate_layout 888:Replicating footprint: 'Q6'
08-25 23:01:44 com_github_MitjaNemec_ReplicateLayout.replicate_layout 835:Src fp.id: '8D847CB5-E00B-428D-BD6B-968281E3857C'
08-25 23:01:44 com_github_MitjaNemec_ReplicateLayout.replicate_layout 839:Dst fp.id: '8D847CB5-E00B-428D-BD6B-968281E3857C'
08-25 23:01:44 com_github_MitjaNemec_ReplicateLayout.replicate_layout 895:found match in dst footprint: 'Q50'
08-25 23:01:44 com_github_MitjaNemec_ReplicateLayout.replicate_layout 990:Src text UUid:f4b0c936-80e7-4521-b75e-fd2ff620a41e
08-25 23:01:44 com_github_MitjaNemec_ReplicateLayout.replicate_layout 991:Dst text UUid:9a2686a0-6aa5-4128-a708-16e32affae03
08-25 23:01:44 com_github_MitjaNemec_ReplicateLayout.replicate_layout 990:Src text UUid:ca1deeec-565b-44f5-ba76-6767fb50c702
08-25 23:01:44 com_github_MitjaNemec_ReplicateLayout.replicate_layout 991:Dst text UUid:9e161614-f2ca-4d9e-bcd7-757f3f53660f
08-25 23:01:44 com_github_MitjaNemec_ReplicateLayout.replicate_layout 990:Src text UUid:df664c19-7990-4850-ab00-790be9f327cf
08-25 23:01:44 com_github_MitjaNemec_ReplicateLayout.replicate_layout 991:Dst text UUid:75e214de-ac18-46cb-ac8b-e3ca49b31eaf
08-25 23:01:44 com_github_MitjaNemec_ReplicateLayout.replicate_layout 888:Replicating footprint: 'Q5'
08-25 23:01:44 com_github_MitjaNemec_ReplicateLayout.replicate_layout 835:Src fp.id: 'D3B029CA-A78A-4AD0-B065-5E40F898A58E'
08-25 23:01:44 com_github_MitjaNemec_ReplicateLayout.replicate_layout 839:Dst fp.id: 'D3B029CA-A78A-4AD0-B065-5E40F898A58E'
08-25 23:01:44 com_github_MitjaNemec_ReplicateLayout.replicate_layout 895:found match in dst footprint: 'Q49'
08-25 23:01:44 com_github_MitjaNemec_ReplicateLayout.replicate_layout 990:Src text UUid:f7a5dac9-b2cb-4eea-9ca3-6ea7d19a2d45
08-25 23:01:44 com_github_MitjaNemec_ReplicateLayout.replicate_layout 991:Dst text UUid:bbf20a4b-ca3b-419a-aa31-2a7921d4508e
08-25 23:01:44 com_github_MitjaNemec_ReplicateLayout.replicate_layout 990:Src text UUid:48debcb2-2912-4536-b052-0d85ca611cdc
08-25 23:01:44 com_github_MitjaNemec_ReplicateLayout.replicate_layout 991:Dst text UUid:57cabbf5-166d-4271-ac2c-1e440e26adb7
08-25 23:01:44 com_github_MitjaNemec_ReplicateLayout.replicate_layout 990:Src text UUid:a913f8d2-1603-416c-a1a9-301575d45bab
08-25 23:01:44 com_github_MitjaNemec_ReplicateLayout.replicate_layout 991:Dst text UUid:074057d4-f892-4d47-9665-bc2e9515c782
08-25 23:01:44 com_github_MitjaNemec_ReplicateLayout.replicate_layout 888:Replicating footprint: 'C3'
08-25 23:01:44 com_github_MitjaNemec_ReplicateLayout.replicate_layout 835:Src fp.id: '48CE2A11-6FA1-4816-8BEE-2E82038543FF'
08-25 23:01:44 com_github_MitjaNemec_ReplicateLayout.replicate_layout 839:Dst fp.id: '48CE2A11-6FA1-4816-8BEE-2E82038543FF'
08-25 23:01:44 com_github_MitjaNemec_ReplicateLayout.replicate_layout 895:found match in dst footprint: 'C25'
08-25 23:01:44 com_github_MitjaNemec_ReplicateLayout.replicate_layout 990:Src text UUid:6c1243e2-8b92-4081-a9cf-ac1017aacc39
08-25 23:01:44 com_github_MitjaNemec_ReplicateLayout.replicate_layout 991:Dst text UUid:d8bbb90b-92b1-492c-b8d8-5b4eb764821d
08-25 23:01:44 com_github_MitjaNemec_ReplicateLayout.replicate_layout 990:Src text UUid:d3915164-4687-4b37-b9ec-416e9e66b755
08-25 23:01:44 com_github_MitjaNemec_ReplicateLayout.replicate_layout 991:Dst text UUid:87c3ea19-0a2c-4c82-8c64-d71a1f9902a8
08-25 23:01:44 com_github_MitjaNemec_ReplicateLayout.replicate_layout 990:Src text UUid:b582355e-a4d6-4f4b-9e7b-1e8095053193
08-25 23:01:44 com_github_MitjaNemec_ReplicateLayout.replicate_layout 991:Dst text UUid:8e9cbbe5-a2a4-441f-be05-56cadecf208d
08-25 23:01:44 com_github_MitjaNemec_ReplicateLayout.replicate_layout 888:Replicating footprint: 'R3'
08-25 23:01:44 com_github_MitjaNemec_ReplicateLayout.replicate_layout 835:Src fp.id: 'E3A00D99-EE45-46E5-9182-7CB5902749B3'
08-25 23:01:44 com_github_MitjaNemec_ReplicateLayout.replicate_layout 839:Dst fp.id: 'E3A00D99-EE45-46E5-9182-7CB5902749B3'
08-25 23:01:44 com_github_MitjaNemec_ReplicateLayout.replicate_layout 895:found match in dst footprint: 'R25'
08-25 23:01:44 com_github_MitjaNemec_ReplicateLayout.replicate_layout 990:Src text UUid:c8d8973c-40f0-40f8-bca0-85a2f7563a32
08-25 23:01:44 com_github_MitjaNemec_ReplicateLayout.replicate_layout 991:Dst text UUid:5ec01388-5815-4ebb-a38e-c0dcbf6e1933
08-25 23:01:44 com_github_MitjaNemec_ReplicateLayout.replicate_layout 990:Src text UUid:fa873b22-e32d-469d-a726-853e5be2a24e
08-25 23:01:44 com_github_MitjaNemec_ReplicateLayout.replicate_layout 991:Dst text UUid:d11f48bf-a388-49d2-94d0-bb39ea37d812
08-25 23:01:44 com_github_MitjaNemec_ReplicateLayout.replicate_layout 990:Src text UUid:aa74c71c-e0cc-4bdd-9d44-47fee14196bb
08-25 23:01:44 com_github_MitjaNemec_ReplicateLayout.replicate_layout 991:Dst text UUid:0fb52788-6621-4096-8bee-497952ebe269
08-25 23:01:44 com_github_MitjaNemec_ReplicateLayout.replicate_layout 870:Replicating footprints on sheet ['/SensorModule25/']
08-25 23:01:44 com_github_MitjaNemec_ReplicateLayout.replicate_layout 835:Src fp.id: 'D3B029CA-A78A-4AD0-B065-5E40F898A58E'
08-25 23:01:44 com_github_MitjaNemec_ReplicateLayout.replicate_layout 839:Dst fp.id: 'D3B029CA-A78A-4AD0-B065-5E40F898A58E'
08-25 23:01:44 com_github_MitjaNemec_ReplicateLayout.replicate_layout 888:Replicating footprint: 'TP3'
08-25 23:01:44 com_github_MitjaNemec_ReplicateLayout.replicate_layout 835:Src fp.id: 'DC4441AA-6AE7-41D3-B704-9B167A21E89A'
08-25 23:01:44 com_github_MitjaNemec_ReplicateLayout.replicate_layout 839:Dst fp.id: 'DC4441AA-6AE7-41D3-B704-9B167A21E89A'
08-25 23:01:44 com_github_MitjaNemec_ReplicateLayout.replicate_layout 895:found match in dst footprint: 'TP26'
08-25 23:01:44 com_github_MitjaNemec_ReplicateLayout.replicate_layout 990:Src text UUid:084cf6f4-13f1-4979-a7dd-38f91f964ca4
08-25 23:01:44 com_github_MitjaNemec_ReplicateLayout.replicate_layout 991:Dst text UUid:8ef71433-2dea-4cd0-b316-6dcbb6c117e9
08-25 23:01:44 com_github_MitjaNemec_ReplicateLayout.replicate_layout 990:Src text UUid:fed86236-d6ae-4332-954a-f8f2489cea47
08-25 23:01:44 com_github_MitjaNemec_ReplicateLayout.replicate_layout 991:Dst text UUid:dffa3ca1-5513-44e1-9940-bfeaf4dafa0c
08-25 23:01:44 com_github_MitjaNemec_ReplicateLayout.replicate_layout 990:Src text UUid:14138a6e-1c8e-436b-8f4e-fb21de4d93f5
08-25 23:01:44 com_github_MitjaNemec_ReplicateLayout.replicate_layout 991:Dst text UUid:7ef63373-53d9-49cc-8376-923fdeffd270
08-25 23:01:44 com_github_MitjaNemec_ReplicateLayout.replicate_layout 888:Replicating footprint: 'Q6'
08-25 23:01:44 com_github_MitjaNemec_ReplicateLayout.replicate_layout 835:Src fp.id: '8D847CB5-E00B-428D-BD6B-968281E3857C'
08-25 23:01:44 com_github_MitjaNemec_ReplicateLayout.replicate_layout 839:Dst fp.id: '8D847CB5-E00B-428D-BD6B-968281E3857C'
08-25 23:01:44 com_github_MitjaNemec_ReplicateLayout.replicate_layout 895:found match in dst footprint: 'Q52'
08-25 23:01:44 com_github_MitjaNemec_ReplicateLayout.replicate_layout 990:Src text UUid:f4b0c936-80e7-4521-b75e-fd2ff620a41e
08-25 23:01:44 com_github_MitjaNemec_ReplicateLayout.replicate_layout 991:Dst text UUid:e92c4c8c-1c47-41b8-91f8-7147e911fa0f
08-25 23:01:44 com_github_MitjaNemec_ReplicateLayout.replicate_layout 990:Src text UUid:ca1deeec-565b-44f5-ba76-6767fb50c702
08-25 23:01:44 com_github_MitjaNemec_ReplicateLayout.replicate_layout 991:Dst text UUid:a098a79a-a179-4f42-8990-7c2aec97ab33
08-25 23:01:44 com_github_MitjaNemec_ReplicateLayout.replicate_layout 990:Src text UUid:df664c19-7990-4850-ab00-790be9f327cf
08-25 23:01:44 com_github_MitjaNemec_ReplicateLayout.replicate_layout 991:Dst text UUid:00c6515c-bd14-49b0-9bcf-4213cf492ed0
08-25 23:01:44 com_github_MitjaNemec_ReplicateLayout.replicate_layout 888:Replicating footprint: 'Q5'
08-25 23:01:44 com_github_MitjaNemec_ReplicateLayout.replicate_layout 835:Src fp.id: 'D3B029CA-A78A-4AD0-B065-5E40F898A58E'
08-25 23:01:44 com_github_MitjaNemec_ReplicateLayout.replicate_layout 839:Dst fp.id: 'D3B029CA-A78A-4AD0-B065-5E40F898A58E'
08-25 23:01:44 com_github_MitjaNemec_ReplicateLayout.replicate_layout 895:found match in dst footprint: 'Q51'
08-25 23:01:44 com_github_MitjaNemec_ReplicateLayout.replicate_layout 990:Src text UUid:f7a5dac9-b2cb-4eea-9ca3-6ea7d19a2d45
08-25 23:01:44 com_github_MitjaNemec_ReplicateLayout.replicate_layout 991:Dst text UUid:e82768dc-d5b2-4c60-9303-80d7ad8dbbb7
08-25 23:01:44 com_github_MitjaNemec_ReplicateLayout.replicate_layout 990:Src text UUid:48debcb2-2912-4536-b052-0d85ca611cdc
08-25 23:01:44 com_github_MitjaNemec_ReplicateLayout.replicate_layout 991:Dst text UUid:f940f220-6456-4901-a63f-b45e6d5168c2
08-25 23:01:44 com_github_MitjaNemec_ReplicateLayout.replicate_layout 990:Src text UUid:a913f8d2-1603-416c-a1a9-301575d45bab
08-25 23:01:44 com_github_MitjaNemec_ReplicateLayout.replicate_layout 991:Dst text UUid:57baffc5-65f7-4eff-9373-43ac4768f3b4
08-25 23:01:44 com_github_MitjaNemec_ReplicateLayout.replicate_layout 888:Replicating footprint: 'C3'
08-25 23:01:44 root 345:updating GUI with: 49
08-25 23:01:44 com_github_MitjaNemec_ReplicateLayout.replicate_layout 835:Src fp.id: '48CE2A11-6FA1-4816-8BEE-2E82038543FF'
08-25 23:01:44 com_github_MitjaNemec_ReplicateLayout.replicate_layout 839:Dst fp.id: '48CE2A11-6FA1-4816-8BEE-2E82038543FF'
08-25 23:01:44 com_github_MitjaNemec_ReplicateLayout.replicate_layout 895:found match in dst footprint: 'C26'
08-25 23:01:44 com_github_MitjaNemec_ReplicateLayout.replicate_layout 990:Src text UUid:6c1243e2-8b92-4081-a9cf-ac1017aacc39
08-25 23:01:44 com_github_MitjaNemec_ReplicateLayout.replicate_layout 991:Dst text UUid:15b2459b-594c-4a9b-b902-92cc2ffc8a9b
08-25 23:01:44 com_github_MitjaNemec_ReplicateLayout.replicate_layout 990:Src text UUid:d3915164-4687-4b37-b9ec-416e9e66b755
08-25 23:01:44 com_github_MitjaNemec_ReplicateLayout.replicate_layout 991:Dst text UUid:3fb96df4-4495-4e35-8f4c-3572ee7c3937
08-25 23:01:44 com_github_MitjaNemec_ReplicateLayout.replicate_layout 990:Src text UUid:b582355e-a4d6-4f4b-9e7b-1e8095053193
08-25 23:01:44 com_github_MitjaNemec_ReplicateLayout.replicate_layout 991:Dst text UUid:0e4f06d1-db90-4758-a425-536a6d29eb67
08-25 23:01:44 com_github_MitjaNemec_ReplicateLayout.replicate_layout 888:Replicating footprint: 'R3'
08-25 23:01:44 com_github_MitjaNemec_ReplicateLayout.replicate_layout 835:Src fp.id: 'E3A00D99-EE45-46E5-9182-7CB5902749B3'
08-25 23:01:44 com_github_MitjaNemec_ReplicateLayout.replicate_layout 839:Dst fp.id: 'E3A00D99-EE45-46E5-9182-7CB5902749B3'
08-25 23:01:44 com_github_MitjaNemec_ReplicateLayout.replicate_layout 895:found match in dst footprint: 'R26'
08-25 23:01:44 com_github_MitjaNemec_ReplicateLayout.replicate_layout 990:Src text UUid:c8d8973c-40f0-40f8-bca0-85a2f7563a32
08-25 23:01:44 com_github_MitjaNemec_ReplicateLayout.replicate_layout 991:Dst text UUid:2e52d6ec-0edd-4a64-a8c7-0c2d66208c10
08-25 23:01:44 com_github_MitjaNemec_ReplicateLayout.replicate_layout 990:Src text UUid:fa873b22-e32d-469d-a726-853e5be2a24e
08-25 23:01:44 com_github_MitjaNemec_ReplicateLayout.replicate_layout 991:Dst text UUid:e18788e7-0531-432c-82d0-bf82496cc6ea
08-25 23:01:44 com_github_MitjaNemec_ReplicateLayout.replicate_layout 990:Src text UUid:aa74c71c-e0cc-4bdd-9d44-47fee14196bb
08-25 23:01:44 com_github_MitjaNemec_ReplicateLayout.replicate_layout 991:Dst text UUid:b58c3168-0416-432f-92bf-ec20e3002b72
08-25 23:01:44 com_github_MitjaNemec_ReplicateLayout.replicate_layout 870:Replicating footprints on sheet ['/SensorModule26/']
08-25 23:01:44 com_github_MitjaNemec_ReplicateLayout.replicate_layout 835:Src fp.id: 'D3B029CA-A78A-4AD0-B065-5E40F898A58E'
08-25 23:01:44 com_github_MitjaNemec_ReplicateLayout.replicate_layout 839:Dst fp.id: 'D3B029CA-A78A-4AD0-B065-5E40F898A58E'
08-25 23:01:44 com_github_MitjaNemec_ReplicateLayout.replicate_layout 888:Replicating footprint: 'TP3'
08-25 23:01:44 com_github_MitjaNemec_ReplicateLayout.replicate_layout 835:Src fp.id: 'DC4441AA-6AE7-41D3-B704-9B167A21E89A'
08-25 23:01:44 com_github_MitjaNemec_ReplicateLayout.replicate_layout 839:Dst fp.id: 'DC4441AA-6AE7-41D3-B704-9B167A21E89A'
08-25 23:01:44 com_github_MitjaNemec_ReplicateLayout.replicate_layout 895:found match in dst footprint: 'TP27'
08-25 23:01:44 com_github_MitjaNemec_ReplicateLayout.replicate_layout 990:Src text UUid:084cf6f4-13f1-4979-a7dd-38f91f964ca4
08-25 23:01:44 com_github_MitjaNemec_ReplicateLayout.replicate_layout 991:Dst text UUid:0b21788f-7b22-4eea-b405-ee643b12ee1b
08-25 23:01:44 com_github_MitjaNemec_ReplicateLayout.replicate_layout 990:Src text UUid:fed86236-d6ae-4332-954a-f8f2489cea47
08-25 23:01:44 com_github_MitjaNemec_ReplicateLayout.replicate_layout 991:Dst text UUid:5a24b566-be0f-477e-9306-efc9172a0493
08-25 23:01:44 com_github_MitjaNemec_ReplicateLayout.replicate_layout 990:Src text UUid:14138a6e-1c8e-436b-8f4e-fb21de4d93f5
08-25 23:01:44 com_github_MitjaNemec_ReplicateLayout.replicate_layout 991:Dst text UUid:dabfdade-cafd-479d-855a-3ce9f37ded70
08-25 23:01:44 com_github_MitjaNemec_ReplicateLayout.replicate_layout 888:Replicating footprint: 'Q6'
08-25 23:01:44 com_github_MitjaNemec_ReplicateLayout.replicate_layout 835:Src fp.id: '8D847CB5-E00B-428D-BD6B-968281E3857C'
08-25 23:01:44 com_github_MitjaNemec_ReplicateLayout.replicate_layout 839:Dst fp.id: '8D847CB5-E00B-428D-BD6B-968281E3857C'
08-25 23:01:44 com_github_MitjaNemec_ReplicateLayout.replicate_layout 895:found match in dst footprint: 'Q54'
08-25 23:01:44 com_github_MitjaNemec_ReplicateLayout.replicate_layout 990:Src text UUid:f4b0c936-80e7-4521-b75e-fd2ff620a41e
08-25 23:01:44 com_github_MitjaNemec_ReplicateLayout.replicate_layout 991:Dst text UUid:7cd6510c-59cd-4142-9534-16de3fe7d6c5
08-25 23:01:44 com_github_MitjaNemec_ReplicateLayout.replicate_layout 990:Src text UUid:ca1deeec-565b-44f5-ba76-6767fb50c702
08-25 23:01:44 com_github_MitjaNemec_ReplicateLayout.replicate_layout 991:Dst text UUid:d12a904f-6fce-4732-acc1-dec6dde082c4
08-25 23:01:44 com_github_MitjaNemec_ReplicateLayout.replicate_layout 990:Src text UUid:df664c19-7990-4850-ab00-790be9f327cf
08-25 23:01:44 com_github_MitjaNemec_ReplicateLayout.replicate_layout 991:Dst text UUid:498a792d-cc48-4f5c-bf18-b1a22da4af42
08-25 23:01:44 com_github_MitjaNemec_ReplicateLayout.replicate_layout 888:Replicating footprint: 'Q5'
08-25 23:01:44 com_github_MitjaNemec_ReplicateLayout.replicate_layout 835:Src fp.id: 'D3B029CA-A78A-4AD0-B065-5E40F898A58E'
08-25 23:01:44 com_github_MitjaNemec_ReplicateLayout.replicate_layout 839:Dst fp.id: 'D3B029CA-A78A-4AD0-B065-5E40F898A58E'
08-25 23:01:44 com_github_MitjaNemec_ReplicateLayout.replicate_layout 895:found match in dst footprint: 'Q53'
08-25 23:01:44 com_github_MitjaNemec_ReplicateLayout.replicate_layout 990:Src text UUid:f7a5dac9-b2cb-4eea-9ca3-6ea7d19a2d45
08-25 23:01:44 com_github_MitjaNemec_ReplicateLayout.replicate_layout 991:Dst text UUid:e66748e4-535f-47b9-9f8b-f3933fa5a162
08-25 23:01:44 com_github_MitjaNemec_ReplicateLayout.replicate_layout 990:Src text UUid:48debcb2-2912-4536-b052-0d85ca611cdc
08-25 23:01:44 com_github_MitjaNemec_ReplicateLayout.replicate_layout 991:Dst text UUid:aa2bde4e-37e7-4e2f-9360-fcf2c6cf95fd
08-25 23:01:44 com_github_MitjaNemec_ReplicateLayout.replicate_layout 990:Src text UUid:a913f8d2-1603-416c-a1a9-301575d45bab
08-25 23:01:44 com_github_MitjaNemec_ReplicateLayout.replicate_layout 991:Dst text UUid:d49d9f9e-017e-4d17-b9e2-eec32d26b5eb
08-25 23:01:44 com_github_MitjaNemec_ReplicateLayout.replicate_layout 888:Replicating footprint: 'C3'
08-25 23:01:44 com_github_MitjaNemec_ReplicateLayout.replicate_layout 835:Src fp.id: '48CE2A11-6FA1-4816-8BEE-2E82038543FF'
08-25 23:01:44 com_github_MitjaNemec_ReplicateLayout.replicate_layout 839:Dst fp.id: '48CE2A11-6FA1-4816-8BEE-2E82038543FF'
08-25 23:01:44 com_github_MitjaNemec_ReplicateLayout.replicate_layout 895:found match in dst footprint: 'C27'
08-25 23:01:44 com_github_MitjaNemec_ReplicateLayout.replicate_layout 990:Src text UUid:6c1243e2-8b92-4081-a9cf-ac1017aacc39
08-25 23:01:44 com_github_MitjaNemec_ReplicateLayout.replicate_layout 991:Dst text UUid:1ac40af8-fccf-49d5-8bb1-fc666b49257b
08-25 23:01:44 com_github_MitjaNemec_ReplicateLayout.replicate_layout 990:Src text UUid:d3915164-4687-4b37-b9ec-416e9e66b755
08-25 23:01:44 com_github_MitjaNemec_ReplicateLayout.replicate_layout 991:Dst text UUid:b8c4e2cc-918d-46e6-af05-6196599acc71
08-25 23:01:44 com_github_MitjaNemec_ReplicateLayout.replicate_layout 990:Src text UUid:b582355e-a4d6-4f4b-9e7b-1e8095053193
08-25 23:01:44 com_github_MitjaNemec_ReplicateLayout.replicate_layout 991:Dst text UUid:37357843-92fe-435e-9085-94a9c3950147
08-25 23:01:44 com_github_MitjaNemec_ReplicateLayout.replicate_layout 888:Replicating footprint: 'R3'
08-25 23:01:44 com_github_MitjaNemec_ReplicateLayout.replicate_layout 835:Src fp.id: 'E3A00D99-EE45-46E5-9182-7CB5902749B3'
08-25 23:01:44 com_github_MitjaNemec_ReplicateLayout.replicate_layout 839:Dst fp.id: 'E3A00D99-EE45-46E5-9182-7CB5902749B3'
08-25 23:01:44 com_github_MitjaNemec_ReplicateLayout.replicate_layout 895:found match in dst footprint: 'R27'
08-25 23:01:44 com_github_MitjaNemec_ReplicateLayout.replicate_layout 990:Src text UUid:c8d8973c-40f0-40f8-bca0-85a2f7563a32
08-25 23:01:44 com_github_MitjaNemec_ReplicateLayout.replicate_layout 991:Dst text UUid:8c7b2118-a8f9-478f-a0d2-cda9b0a3909a
08-25 23:01:44 com_github_MitjaNemec_ReplicateLayout.replicate_layout 990:Src text UUid:fa873b22-e32d-469d-a726-853e5be2a24e
08-25 23:01:44 com_github_MitjaNemec_ReplicateLayout.replicate_layout 991:Dst text UUid:11a55303-c6e6-450f-b62a-027985283d54
08-25 23:01:44 com_github_MitjaNemec_ReplicateLayout.replicate_layout 990:Src text UUid:aa74c71c-e0cc-4bdd-9d44-47fee14196bb
08-25 23:01:44 com_github_MitjaNemec_ReplicateLayout.replicate_layout 991:Dst text UUid:76d1a7c8-61b7-4a88-b027-6a3699ae27a1
08-25 23:01:44 com_github_MitjaNemec_ReplicateLayout.replicate_layout 870:Replicating footprints on sheet ['/SensorModule27/']
08-25 23:01:44 com_github_MitjaNemec_ReplicateLayout.replicate_layout 835:Src fp.id: 'D3B029CA-A78A-4AD0-B065-5E40F898A58E'
08-25 23:01:44 com_github_MitjaNemec_ReplicateLayout.replicate_layout 839:Dst fp.id: 'D3B029CA-A78A-4AD0-B065-5E40F898A58E'
08-25 23:01:44 com_github_MitjaNemec_ReplicateLayout.replicate_layout 888:Replicating footprint: 'TP3'
08-25 23:01:44 com_github_MitjaNemec_ReplicateLayout.replicate_layout 835:Src fp.id: 'DC4441AA-6AE7-41D3-B704-9B167A21E89A'
08-25 23:01:44 com_github_MitjaNemec_ReplicateLayout.replicate_layout 839:Dst fp.id: 'DC4441AA-6AE7-41D3-B704-9B167A21E89A'
08-25 23:01:44 com_github_MitjaNemec_ReplicateLayout.replicate_layout 895:found match in dst footprint: 'TP28'
08-25 23:01:44 com_github_MitjaNemec_ReplicateLayout.replicate_layout 990:Src text UUid:084cf6f4-13f1-4979-a7dd-38f91f964ca4
08-25 23:01:44 com_github_MitjaNemec_ReplicateLayout.replicate_layout 991:Dst text UUid:547144e2-e91e-4ffc-8263-889b021e915a
08-25 23:01:44 com_github_MitjaNemec_ReplicateLayout.replicate_layout 990:Src text UUid:fed86236-d6ae-4332-954a-f8f2489cea47
08-25 23:01:44 com_github_MitjaNemec_ReplicateLayout.replicate_layout 991:Dst text UUid:0b0c7ab1-131f-4eae-b5dd-0e8ef91b05d0
08-25 23:01:44 com_github_MitjaNemec_ReplicateLayout.replicate_layout 990:Src text UUid:14138a6e-1c8e-436b-8f4e-fb21de4d93f5
08-25 23:01:44 com_github_MitjaNemec_ReplicateLayout.replicate_layout 991:Dst text UUid:f8dd6ec4-8e18-452e-830e-7f9d38e24e0a
08-25 23:01:44 com_github_MitjaNemec_ReplicateLayout.replicate_layout 888:Replicating footprint: 'Q6'
08-25 23:01:44 com_github_MitjaNemec_ReplicateLayout.replicate_layout 835:Src fp.id: '8D847CB5-E00B-428D-BD6B-968281E3857C'
08-25 23:01:44 com_github_MitjaNemec_ReplicateLayout.replicate_layout 839:Dst fp.id: '8D847CB5-E00B-428D-BD6B-968281E3857C'
08-25 23:01:44 com_github_MitjaNemec_ReplicateLayout.replicate_layout 895:found match in dst footprint: 'Q56'
08-25 23:01:44 com_github_MitjaNemec_ReplicateLayout.replicate_layout 990:Src text UUid:f4b0c936-80e7-4521-b75e-fd2ff620a41e
08-25 23:01:44 com_github_MitjaNemec_ReplicateLayout.replicate_layout 991:Dst text UUid:0982455b-5069-45f4-8569-fb71e8a6d7d2
08-25 23:01:44 com_github_MitjaNemec_ReplicateLayout.replicate_layout 990:Src text UUid:ca1deeec-565b-44f5-ba76-6767fb50c702
08-25 23:01:44 com_github_MitjaNemec_ReplicateLayout.replicate_layout 991:Dst text UUid:1c78bb27-33f7-4b8b-8792-ad2a7f0213d2
08-25 23:01:44 com_github_MitjaNemec_ReplicateLayout.replicate_layout 990:Src text UUid:df664c19-7990-4850-ab00-790be9f327cf
08-25 23:01:44 com_github_MitjaNemec_ReplicateLayout.replicate_layout 991:Dst text UUid:2cc8e66a-b492-4ed1-824a-e359d50cb751
08-25 23:01:44 com_github_MitjaNemec_ReplicateLayout.replicate_layout 888:Replicating footprint: 'Q5'
08-25 23:01:44 com_github_MitjaNemec_ReplicateLayout.replicate_layout 835:Src fp.id: 'D3B029CA-A78A-4AD0-B065-5E40F898A58E'
08-25 23:01:44 com_github_MitjaNemec_ReplicateLayout.replicate_layout 839:Dst fp.id: 'D3B029CA-A78A-4AD0-B065-5E40F898A58E'
08-25 23:01:44 com_github_MitjaNemec_ReplicateLayout.replicate_layout 895:found match in dst footprint: 'Q55'
08-25 23:01:44 com_github_MitjaNemec_ReplicateLayout.replicate_layout 990:Src text UUid:f7a5dac9-b2cb-4eea-9ca3-6ea7d19a2d45
08-25 23:01:44 com_github_MitjaNemec_ReplicateLayout.replicate_layout 991:Dst text UUid:5b36fa06-cb09-4da9-ae92-f18c9a4e9466
08-25 23:01:44 com_github_MitjaNemec_ReplicateLayout.replicate_layout 990:Src text UUid:48debcb2-2912-4536-b052-0d85ca611cdc
08-25 23:01:44 com_github_MitjaNemec_ReplicateLayout.replicate_layout 991:Dst text UUid:1fa32145-fee5-4209-bfbf-50abb1b42b18
08-25 23:01:44 com_github_MitjaNemec_ReplicateLayout.replicate_layout 990:Src text UUid:a913f8d2-1603-416c-a1a9-301575d45bab
08-25 23:01:44 com_github_MitjaNemec_ReplicateLayout.replicate_layout 991:Dst text UUid:ce3b6b46-f8aa-4bc0-b879-20c21ef3cfb9
08-25 23:01:44 com_github_MitjaNemec_ReplicateLayout.replicate_layout 888:Replicating footprint: 'C3'
08-25 23:01:44 com_github_MitjaNemec_ReplicateLayout.replicate_layout 835:Src fp.id: '48CE2A11-6FA1-4816-8BEE-2E82038543FF'
08-25 23:01:44 com_github_MitjaNemec_ReplicateLayout.replicate_layout 839:Dst fp.id: '48CE2A11-6FA1-4816-8BEE-2E82038543FF'
08-25 23:01:44 com_github_MitjaNemec_ReplicateLayout.replicate_layout 895:found match in dst footprint: 'C28'
08-25 23:01:44 com_github_MitjaNemec_ReplicateLayout.replicate_layout 990:Src text UUid:6c1243e2-8b92-4081-a9cf-ac1017aacc39
08-25 23:01:44 com_github_MitjaNemec_ReplicateLayout.replicate_layout 991:Dst text UUid:2159a10f-cc12-4f81-99a6-c4d4ac56d157
08-25 23:01:44 com_github_MitjaNemec_ReplicateLayout.replicate_layout 990:Src text UUid:d3915164-4687-4b37-b9ec-416e9e66b755
08-25 23:01:44 com_github_MitjaNemec_ReplicateLayout.replicate_layout 991:Dst text UUid:12583793-a0f9-4b1b-a723-837fef52be82
08-25 23:01:44 com_github_MitjaNemec_ReplicateLayout.replicate_layout 990:Src text UUid:b582355e-a4d6-4f4b-9e7b-1e8095053193
08-25 23:01:44 com_github_MitjaNemec_ReplicateLayout.replicate_layout 991:Dst text UUid:19060ff3-8e66-49f0-a6d5-66bc0c574205
08-25 23:01:44 com_github_MitjaNemec_ReplicateLayout.replicate_layout 888:Replicating footprint: 'R3'
08-25 23:01:44 com_github_MitjaNemec_ReplicateLayout.replicate_layout 835:Src fp.id: 'E3A00D99-EE45-46E5-9182-7CB5902749B3'
08-25 23:01:44 com_github_MitjaNemec_ReplicateLayout.replicate_layout 839:Dst fp.id: 'E3A00D99-EE45-46E5-9182-7CB5902749B3'
08-25 23:01:44 com_github_MitjaNemec_ReplicateLayout.replicate_layout 895:found match in dst footprint: 'R28'
08-25 23:01:44 com_github_MitjaNemec_ReplicateLayout.replicate_layout 990:Src text UUid:c8d8973c-40f0-40f8-bca0-85a2f7563a32
08-25 23:01:44 com_github_MitjaNemec_ReplicateLayout.replicate_layout 991:Dst text UUid:92af7756-8ab2-4420-b6c2-b34fee4a0685
08-25 23:01:44 com_github_MitjaNemec_ReplicateLayout.replicate_layout 990:Src text UUid:fa873b22-e32d-469d-a726-853e5be2a24e
08-25 23:01:44 com_github_MitjaNemec_ReplicateLayout.replicate_layout 991:Dst text UUid:aa76a349-af6c-42e2-a767-0413a72b10d9
08-25 23:01:44 com_github_MitjaNemec_ReplicateLayout.replicate_layout 990:Src text UUid:aa74c71c-e0cc-4bdd-9d44-47fee14196bb
08-25 23:01:44 com_github_MitjaNemec_ReplicateLayout.replicate_layout 991:Dst text UUid:e763326b-71a7-4dba-afb3-6b907532bb16
08-25 23:01:44 com_github_MitjaNemec_ReplicateLayout.replicate_layout 870:Replicating footprints on sheet ['/SensorModule28/']
08-25 23:01:44 com_github_MitjaNemec_ReplicateLayout.replicate_layout 835:Src fp.id: 'D3B029CA-A78A-4AD0-B065-5E40F898A58E'
08-25 23:01:44 com_github_MitjaNemec_ReplicateLayout.replicate_layout 839:Dst fp.id: 'D3B029CA-A78A-4AD0-B065-5E40F898A58E'
08-25 23:01:44 com_github_MitjaNemec_ReplicateLayout.replicate_layout 888:Replicating footprint: 'TP3'
08-25 23:01:44 com_github_MitjaNemec_ReplicateLayout.replicate_layout 835:Src fp.id: 'DC4441AA-6AE7-41D3-B704-9B167A21E89A'
08-25 23:01:44 com_github_MitjaNemec_ReplicateLayout.replicate_layout 839:Dst fp.id: 'DC4441AA-6AE7-41D3-B704-9B167A21E89A'
08-25 23:01:44 com_github_MitjaNemec_ReplicateLayout.replicate_layout 895:found match in dst footprint: 'TP29'
08-25 23:01:44 com_github_MitjaNemec_ReplicateLayout.replicate_layout 990:Src text UUid:084cf6f4-13f1-4979-a7dd-38f91f964ca4
08-25 23:01:44 com_github_MitjaNemec_ReplicateLayout.replicate_layout 991:Dst text UUid:03cdfe50-6310-471a-88de-3ea93cc5a1a8
08-25 23:01:44 com_github_MitjaNemec_ReplicateLayout.replicate_layout 990:Src text UUid:fed86236-d6ae-4332-954a-f8f2489cea47
08-25 23:01:44 com_github_MitjaNemec_ReplicateLayout.replicate_layout 991:Dst text UUid:ee9aebbd-1bd9-4335-9640-216214eea193
08-25 23:01:44 com_github_MitjaNemec_ReplicateLayout.replicate_layout 990:Src text UUid:14138a6e-1c8e-436b-8f4e-fb21de4d93f5
08-25 23:01:44 com_github_MitjaNemec_ReplicateLayout.replicate_layout 991:Dst text UUid:8f716426-fb90-4f77-b474-eddafec33ec1
08-25 23:01:44 com_github_MitjaNemec_ReplicateLayout.replicate_layout 888:Replicating footprint: 'Q6'
08-25 23:01:44 root 345:updating GUI with: 56
08-25 23:01:44 com_github_MitjaNemec_ReplicateLayout.replicate_layout 835:Src fp.id: '8D847CB5-E00B-428D-BD6B-968281E3857C'
08-25 23:01:44 com_github_MitjaNemec_ReplicateLayout.replicate_layout 839:Dst fp.id: '8D847CB5-E00B-428D-BD6B-968281E3857C'
08-25 23:01:44 com_github_MitjaNemec_ReplicateLayout.replicate_layout 895:found match in dst footprint: 'Q58'
08-25 23:01:44 com_github_MitjaNemec_ReplicateLayout.replicate_layout 990:Src text UUid:f4b0c936-80e7-4521-b75e-fd2ff620a41e
08-25 23:01:44 com_github_MitjaNemec_ReplicateLayout.replicate_layout 991:Dst text UUid:c1b7e116-c865-4f6f-9584-9103a4d6d943
08-25 23:01:44 com_github_MitjaNemec_ReplicateLayout.replicate_layout 990:Src text UUid:ca1deeec-565b-44f5-ba76-6767fb50c702
08-25 23:01:44 com_github_MitjaNemec_ReplicateLayout.replicate_layout 991:Dst text UUid:4c702e59-624c-411a-b52f-3ff5bc5087f0
08-25 23:01:44 com_github_MitjaNemec_ReplicateLayout.replicate_layout 990:Src text UUid:df664c19-7990-4850-ab00-790be9f327cf
08-25 23:01:44 com_github_MitjaNemec_ReplicateLayout.replicate_layout 991:Dst text UUid:94f0b410-4f4f-4933-bc60-588ae4fb0ada
08-25 23:01:44 com_github_MitjaNemec_ReplicateLayout.replicate_layout 888:Replicating footprint: 'Q5'
08-25 23:01:44 com_github_MitjaNemec_ReplicateLayout.replicate_layout 835:Src fp.id: 'D3B029CA-A78A-4AD0-B065-5E40F898A58E'
08-25 23:01:44 com_github_MitjaNemec_ReplicateLayout.replicate_layout 839:Dst fp.id: 'D3B029CA-A78A-4AD0-B065-5E40F898A58E'
08-25 23:01:44 com_github_MitjaNemec_ReplicateLayout.replicate_layout 895:found match in dst footprint: 'Q57'
08-25 23:01:44 com_github_MitjaNemec_ReplicateLayout.replicate_layout 990:Src text UUid:f7a5dac9-b2cb-4eea-9ca3-6ea7d19a2d45
08-25 23:01:44 com_github_MitjaNemec_ReplicateLayout.replicate_layout 991:Dst text UUid:f973b3e9-1d6f-48bd-a84e-c7f520ec30a6
08-25 23:01:44 com_github_MitjaNemec_ReplicateLayout.replicate_layout 990:Src text UUid:48debcb2-2912-4536-b052-0d85ca611cdc
08-25 23:01:44 com_github_MitjaNemec_ReplicateLayout.replicate_layout 991:Dst text UUid:a0bae125-11a4-4ae6-8da1-96e9df94df37
08-25 23:01:44 com_github_MitjaNemec_ReplicateLayout.replicate_layout 990:Src text UUid:a913f8d2-1603-416c-a1a9-301575d45bab
08-25 23:01:44 com_github_MitjaNemec_ReplicateLayout.replicate_layout 991:Dst text UUid:2affd5ad-3984-42fe-a913-f5c738f7d36d
08-25 23:01:44 com_github_MitjaNemec_ReplicateLayout.replicate_layout 888:Replicating footprint: 'C3'
08-25 23:01:44 com_github_MitjaNemec_ReplicateLayout.replicate_layout 835:Src fp.id: '48CE2A11-6FA1-4816-8BEE-2E82038543FF'
08-25 23:01:44 com_github_MitjaNemec_ReplicateLayout.replicate_layout 839:Dst fp.id: '48CE2A11-6FA1-4816-8BEE-2E82038543FF'
08-25 23:01:44 com_github_MitjaNemec_ReplicateLayout.replicate_layout 895:found match in dst footprint: 'C29'
08-25 23:01:44 com_github_MitjaNemec_ReplicateLayout.replicate_layout 990:Src text UUid:6c1243e2-8b92-4081-a9cf-ac1017aacc39
08-25 23:01:44 com_github_MitjaNemec_ReplicateLayout.replicate_layout 991:Dst text UUid:7b7960ba-954d-4e1f-97a7-5a6083fa5139
08-25 23:01:44 com_github_MitjaNemec_ReplicateLayout.replicate_layout 990:Src text UUid:d3915164-4687-4b37-b9ec-416e9e66b755
08-25 23:01:44 com_github_MitjaNemec_ReplicateLayout.replicate_layout 991:Dst text UUid:20f3042d-d2cf-41e7-9439-29fe792dc227
08-25 23:01:44 com_github_MitjaNemec_ReplicateLayout.replicate_layout 990:Src text UUid:b582355e-a4d6-4f4b-9e7b-1e8095053193
08-25 23:01:44 com_github_MitjaNemec_ReplicateLayout.replicate_layout 991:Dst text UUid:87b8046a-c088-4719-a663-5406f14b8482
08-25 23:01:44 com_github_MitjaNemec_ReplicateLayout.replicate_layout 888:Replicating footprint: 'R3'
08-25 23:01:44 com_github_MitjaNemec_ReplicateLayout.replicate_layout 835:Src fp.id: 'E3A00D99-EE45-46E5-9182-7CB5902749B3'
08-25 23:01:44 com_github_MitjaNemec_ReplicateLayout.replicate_layout 839:Dst fp.id: 'E3A00D99-EE45-46E5-9182-7CB5902749B3'
08-25 23:01:44 com_github_MitjaNemec_ReplicateLayout.replicate_layout 895:found match in dst footprint: 'R29'
08-25 23:01:44 com_github_MitjaNemec_ReplicateLayout.replicate_layout 990:Src text UUid:c8d8973c-40f0-40f8-bca0-85a2f7563a32
08-25 23:01:44 com_github_MitjaNemec_ReplicateLayout.replicate_layout 991:Dst text UUid:f620d279-fc07-4fda-bdf1-87d3905d5c1b
08-25 23:01:44 com_github_MitjaNemec_ReplicateLayout.replicate_layout 990:Src text UUid:fa873b22-e32d-469d-a726-853e5be2a24e
08-25 23:01:44 com_github_MitjaNemec_ReplicateLayout.replicate_layout 991:Dst text UUid:3e2bda79-e330-4fb8-95fd-1eaee8fd87c8
08-25 23:01:44 com_github_MitjaNemec_ReplicateLayout.replicate_layout 990:Src text UUid:aa74c71c-e0cc-4bdd-9d44-47fee14196bb
08-25 23:01:44 com_github_MitjaNemec_ReplicateLayout.replicate_layout 991:Dst text UUid:95d2798d-c13a-44ba-8fd8-2bb656062c22
08-25 23:01:44 com_github_MitjaNemec_ReplicateLayout.replicate_layout 870:Replicating footprints on sheet ['/SensorModule29/']
08-25 23:01:44 com_github_MitjaNemec_ReplicateLayout.replicate_layout 835:Src fp.id: 'D3B029CA-A78A-4AD0-B065-5E40F898A58E'
08-25 23:01:44 com_github_MitjaNemec_ReplicateLayout.replicate_layout 839:Dst fp.id: 'D3B029CA-A78A-4AD0-B065-5E40F898A58E'
08-25 23:01:44 com_github_MitjaNemec_ReplicateLayout.replicate_layout 888:Replicating footprint: 'TP3'
08-25 23:01:44 com_github_MitjaNemec_ReplicateLayout.replicate_layout 835:Src fp.id: 'DC4441AA-6AE7-41D3-B704-9B167A21E89A'
08-25 23:01:44 com_github_MitjaNemec_ReplicateLayout.replicate_layout 839:Dst fp.id: 'DC4441AA-6AE7-41D3-B704-9B167A21E89A'
08-25 23:01:44 com_github_MitjaNemec_ReplicateLayout.replicate_layout 895:found match in dst footprint: 'TP30'
08-25 23:01:44 com_github_MitjaNemec_ReplicateLayout.replicate_layout 990:Src text UUid:084cf6f4-13f1-4979-a7dd-38f91f964ca4
08-25 23:01:44 com_github_MitjaNemec_ReplicateLayout.replicate_layout 991:Dst text UUid:6707cce4-fe6e-422b-b712-bdea3666771d
08-25 23:01:44 com_github_MitjaNemec_ReplicateLayout.replicate_layout 990:Src text UUid:fed86236-d6ae-4332-954a-f8f2489cea47
08-25 23:01:44 com_github_MitjaNemec_ReplicateLayout.replicate_layout 991:Dst text UUid:680608aa-50f6-4a94-85fa-dc5e497fb29f
08-25 23:01:44 com_github_MitjaNemec_ReplicateLayout.replicate_layout 990:Src text UUid:14138a6e-1c8e-436b-8f4e-fb21de4d93f5
08-25 23:01:44 com_github_MitjaNemec_ReplicateLayout.replicate_layout 991:Dst text UUid:f55e6790-2310-4841-9bf1-9bfa98d25375
08-25 23:01:44 com_github_MitjaNemec_ReplicateLayout.replicate_layout 888:Replicating footprint: 'Q6'
08-25 23:01:44 com_github_MitjaNemec_ReplicateLayout.replicate_layout 835:Src fp.id: '8D847CB5-E00B-428D-BD6B-968281E3857C'
08-25 23:01:44 com_github_MitjaNemec_ReplicateLayout.replicate_layout 839:Dst fp.id: '8D847CB5-E00B-428D-BD6B-968281E3857C'
08-25 23:01:44 com_github_MitjaNemec_ReplicateLayout.replicate_layout 895:found match in dst footprint: 'Q60'
08-25 23:01:44 com_github_MitjaNemec_ReplicateLayout.replicate_layout 990:Src text UUid:f4b0c936-80e7-4521-b75e-fd2ff620a41e
08-25 23:01:44 com_github_MitjaNemec_ReplicateLayout.replicate_layout 991:Dst text UUid:108a5b84-375d-41d9-bb46-147533e7fd3e
08-25 23:01:44 com_github_MitjaNemec_ReplicateLayout.replicate_layout 990:Src text UUid:ca1deeec-565b-44f5-ba76-6767fb50c702
08-25 23:01:44 com_github_MitjaNemec_ReplicateLayout.replicate_layout 991:Dst text UUid:e35c2012-1bcb-4b70-843d-75d1485884fc
08-25 23:01:44 com_github_MitjaNemec_ReplicateLayout.replicate_layout 990:Src text UUid:df664c19-7990-4850-ab00-790be9f327cf
08-25 23:01:44 com_github_MitjaNemec_ReplicateLayout.replicate_layout 991:Dst text UUid:a615e65b-ca6e-4a50-843f-5cea1690a63a
08-25 23:01:44 com_github_MitjaNemec_ReplicateLayout.replicate_layout 888:Replicating footprint: 'Q5'
08-25 23:01:44 com_github_MitjaNemec_ReplicateLayout.replicate_layout 835:Src fp.id: 'D3B029CA-A78A-4AD0-B065-5E40F898A58E'
08-25 23:01:44 com_github_MitjaNemec_ReplicateLayout.replicate_layout 839:Dst fp.id: 'D3B029CA-A78A-4AD0-B065-5E40F898A58E'
08-25 23:01:44 com_github_MitjaNemec_ReplicateLayout.replicate_layout 895:found match in dst footprint: 'Q59'
08-25 23:01:44 com_github_MitjaNemec_ReplicateLayout.replicate_layout 990:Src text UUid:f7a5dac9-b2cb-4eea-9ca3-6ea7d19a2d45
08-25 23:01:44 com_github_MitjaNemec_ReplicateLayout.replicate_layout 991:Dst text UUid:ef7d607c-8297-465c-a6dd-7264faf9bb77
08-25 23:01:44 com_github_MitjaNemec_ReplicateLayout.replicate_layout 990:Src text UUid:48debcb2-2912-4536-b052-0d85ca611cdc
08-25 23:01:44 com_github_MitjaNemec_ReplicateLayout.replicate_layout 991:Dst text UUid:4955fc36-20e1-4940-bb6e-01366b7b4d4e
08-25 23:01:44 com_github_MitjaNemec_ReplicateLayout.replicate_layout 990:Src text UUid:a913f8d2-1603-416c-a1a9-301575d45bab
08-25 23:01:44 com_github_MitjaNemec_ReplicateLayout.replicate_layout 991:Dst text UUid:cbcabac4-b0bf-43b9-a126-40d130942dca
08-25 23:01:44 com_github_MitjaNemec_ReplicateLayout.replicate_layout 888:Replicating footprint: 'C3'
08-25 23:01:44 com_github_MitjaNemec_ReplicateLayout.replicate_layout 835:Src fp.id: '48CE2A11-6FA1-4816-8BEE-2E82038543FF'
08-25 23:01:44 com_github_MitjaNemec_ReplicateLayout.replicate_layout 839:Dst fp.id: '48CE2A11-6FA1-4816-8BEE-2E82038543FF'
08-25 23:01:44 com_github_MitjaNemec_ReplicateLayout.replicate_layout 895:found match in dst footprint: 'C30'
08-25 23:01:44 com_github_MitjaNemec_ReplicateLayout.replicate_layout 990:Src text UUid:6c1243e2-8b92-4081-a9cf-ac1017aacc39
08-25 23:01:44 com_github_MitjaNemec_ReplicateLayout.replicate_layout 991:Dst text UUid:82da6399-178c-47dd-9459-702d9ddce12f
08-25 23:01:44 com_github_MitjaNemec_ReplicateLayout.replicate_layout 990:Src text UUid:d3915164-4687-4b37-b9ec-416e9e66b755
08-25 23:01:44 com_github_MitjaNemec_ReplicateLayout.replicate_layout 991:Dst text UUid:85c45979-34fb-45ae-b26d-89ecf682cad8
08-25 23:01:44 com_github_MitjaNemec_ReplicateLayout.replicate_layout 990:Src text UUid:b582355e-a4d6-4f4b-9e7b-1e8095053193
08-25 23:01:44 com_github_MitjaNemec_ReplicateLayout.replicate_layout 991:Dst text UUid:ebd54d1e-8f9d-4106-9485-afb40bc9dbd7
08-25 23:01:44 com_github_MitjaNemec_ReplicateLayout.replicate_layout 888:Replicating footprint: 'R3'
08-25 23:01:44 com_github_MitjaNemec_ReplicateLayout.replicate_layout 835:Src fp.id: 'E3A00D99-EE45-46E5-9182-7CB5902749B3'
08-25 23:01:44 com_github_MitjaNemec_ReplicateLayout.replicate_layout 839:Dst fp.id: 'E3A00D99-EE45-46E5-9182-7CB5902749B3'
08-25 23:01:44 com_github_MitjaNemec_ReplicateLayout.replicate_layout 895:found match in dst footprint: 'R30'
08-25 23:01:44 com_github_MitjaNemec_ReplicateLayout.replicate_layout 990:Src text UUid:c8d8973c-40f0-40f8-bca0-85a2f7563a32
08-25 23:01:44 com_github_MitjaNemec_ReplicateLayout.replicate_layout 991:Dst text UUid:5e28827f-1921-4f46-adaa-287d1b84a3cb
08-25 23:01:44 com_github_MitjaNemec_ReplicateLayout.replicate_layout 990:Src text UUid:fa873b22-e32d-469d-a726-853e5be2a24e
08-25 23:01:44 com_github_MitjaNemec_ReplicateLayout.replicate_layout 991:Dst text UUid:eae4dd6a-1b66-4a8f-a569-f9e916eb3b34
08-25 23:01:44 com_github_MitjaNemec_ReplicateLayout.replicate_layout 990:Src text UUid:aa74c71c-e0cc-4bdd-9d44-47fee14196bb
08-25 23:01:44 com_github_MitjaNemec_ReplicateLayout.replicate_layout 991:Dst text UUid:d1a36acb-1114-4686-9bdc-42e1202c6ecc
08-25 23:01:44 com_github_MitjaNemec_ReplicateLayout.replicate_layout 870:Replicating footprints on sheet ['/SensorModule3/']
08-25 23:01:44 com_github_MitjaNemec_ReplicateLayout.replicate_layout 835:Src fp.id: 'D3B029CA-A78A-4AD0-B065-5E40F898A58E'
08-25 23:01:44 com_github_MitjaNemec_ReplicateLayout.replicate_layout 839:Dst fp.id: 'D3B029CA-A78A-4AD0-B065-5E40F898A58E'
08-25 23:01:44 com_github_MitjaNemec_ReplicateLayout.replicate_layout 888:Replicating footprint: 'TP3'
08-25 23:01:44 com_github_MitjaNemec_ReplicateLayout.replicate_layout 835:Src fp.id: 'DC4441AA-6AE7-41D3-B704-9B167A21E89A'
08-25 23:01:44 com_github_MitjaNemec_ReplicateLayout.replicate_layout 839:Dst fp.id: 'DC4441AA-6AE7-41D3-B704-9B167A21E89A'
08-25 23:01:44 com_github_MitjaNemec_ReplicateLayout.replicate_layout 895:found match in dst footprint: 'TP4'
08-25 23:01:44 com_github_MitjaNemec_ReplicateLayout.replicate_layout 990:Src text UUid:084cf6f4-13f1-4979-a7dd-38f91f964ca4
08-25 23:01:44 com_github_MitjaNemec_ReplicateLayout.replicate_layout 991:Dst text UUid:0dce383b-2de1-4616-a2d9-de8aaca3485d
08-25 23:01:44 com_github_MitjaNemec_ReplicateLayout.replicate_layout 990:Src text UUid:fed86236-d6ae-4332-954a-f8f2489cea47
08-25 23:01:44 com_github_MitjaNemec_ReplicateLayout.replicate_layout 991:Dst text UUid:e63687d1-ae7f-4cfc-a64e-806425f83fc8
08-25 23:01:44 com_github_MitjaNemec_ReplicateLayout.replicate_layout 990:Src text UUid:14138a6e-1c8e-436b-8f4e-fb21de4d93f5
08-25 23:01:44 com_github_MitjaNemec_ReplicateLayout.replicate_layout 991:Dst text UUid:75cc6e1b-9908-4b1f-876c-d2c67c95ccc7
08-25 23:01:44 com_github_MitjaNemec_ReplicateLayout.replicate_layout 888:Replicating footprint: 'Q6'
08-25 23:01:44 com_github_MitjaNemec_ReplicateLayout.replicate_layout 835:Src fp.id: '8D847CB5-E00B-428D-BD6B-968281E3857C'
08-25 23:01:44 com_github_MitjaNemec_ReplicateLayout.replicate_layout 839:Dst fp.id: '8D847CB5-E00B-428D-BD6B-968281E3857C'
08-25 23:01:44 com_github_MitjaNemec_ReplicateLayout.replicate_layout 895:found match in dst footprint: 'Q8'
08-25 23:01:44 com_github_MitjaNemec_ReplicateLayout.replicate_layout 990:Src text UUid:f4b0c936-80e7-4521-b75e-fd2ff620a41e
08-25 23:01:44 com_github_MitjaNemec_ReplicateLayout.replicate_layout 991:Dst text UUid:d60a4e44-a202-44c2-95fb-4eb83c5db3d6
08-25 23:01:44 com_github_MitjaNemec_ReplicateLayout.replicate_layout 990:Src text UUid:ca1deeec-565b-44f5-ba76-6767fb50c702
08-25 23:01:44 com_github_MitjaNemec_ReplicateLayout.replicate_layout 991:Dst text UUid:9a8248c2-d6ef-4368-83ea-688b898f0968
08-25 23:01:44 com_github_MitjaNemec_ReplicateLayout.replicate_layout 990:Src text UUid:df664c19-7990-4850-ab00-790be9f327cf
08-25 23:01:44 com_github_MitjaNemec_ReplicateLayout.replicate_layout 991:Dst text UUid:b1a84e8f-4b59-4843-b1a8-56655485fb41
08-25 23:01:44 com_github_MitjaNemec_ReplicateLayout.replicate_layout 888:Replicating footprint: 'Q5'
08-25 23:01:44 com_github_MitjaNemec_ReplicateLayout.replicate_layout 835:Src fp.id: 'D3B029CA-A78A-4AD0-B065-5E40F898A58E'
08-25 23:01:44 com_github_MitjaNemec_ReplicateLayout.replicate_layout 839:Dst fp.id: 'D3B029CA-A78A-4AD0-B065-5E40F898A58E'
08-25 23:01:44 com_github_MitjaNemec_ReplicateLayout.replicate_layout 895:found match in dst footprint: 'Q7'
08-25 23:01:44 com_github_MitjaNemec_ReplicateLayout.replicate_layout 990:Src text UUid:f7a5dac9-b2cb-4eea-9ca3-6ea7d19a2d45
08-25 23:01:44 com_github_MitjaNemec_ReplicateLayout.replicate_layout 991:Dst text UUid:e06d84e0-e180-46f7-b974-fcbc9d4cc616
08-25 23:01:44 com_github_MitjaNemec_ReplicateLayout.replicate_layout 990:Src text UUid:48debcb2-2912-4536-b052-0d85ca611cdc
08-25 23:01:44 com_github_MitjaNemec_ReplicateLayout.replicate_layout 991:Dst text UUid:f67d6847-3ee7-4bf6-9e09-75878f4d3829
08-25 23:01:44 com_github_MitjaNemec_ReplicateLayout.replicate_layout 990:Src text UUid:a913f8d2-1603-416c-a1a9-301575d45bab
08-25 23:01:44 com_github_MitjaNemec_ReplicateLayout.replicate_layout 991:Dst text UUid:8542b78c-b9a6-45d2-bf9a-032a4d7b634b
08-25 23:01:44 com_github_MitjaNemec_ReplicateLayout.replicate_layout 888:Replicating footprint: 'C3'
08-25 23:01:44 root 345:updating GUI with: 63
08-25 23:01:44 com_github_MitjaNemec_ReplicateLayout.replicate_layout 835:Src fp.id: '48CE2A11-6FA1-4816-8BEE-2E82038543FF'
08-25 23:01:44 com_github_MitjaNemec_ReplicateLayout.replicate_layout 839:Dst fp.id: '48CE2A11-6FA1-4816-8BEE-2E82038543FF'
08-25 23:01:44 com_github_MitjaNemec_ReplicateLayout.replicate_layout 895:found match in dst footprint: 'C4'
08-25 23:01:44 com_github_MitjaNemec_ReplicateLayout.replicate_layout 990:Src text UUid:6c1243e2-8b92-4081-a9cf-ac1017aacc39
08-25 23:01:44 com_github_MitjaNemec_ReplicateLayout.replicate_layout 991:Dst text UUid:0b06c5fe-796e-4c1a-bc86-4b643d06dfc2
08-25 23:01:44 com_github_MitjaNemec_ReplicateLayout.replicate_layout 990:Src text UUid:d3915164-4687-4b37-b9ec-416e9e66b755
08-25 23:01:44 com_github_MitjaNemec_ReplicateLayout.replicate_layout 991:Dst text UUid:91004a98-c6a8-4a0e-bc63-d856f95b80c0
08-25 23:01:44 com_github_MitjaNemec_ReplicateLayout.replicate_layout 990:Src text UUid:b582355e-a4d6-4f4b-9e7b-1e8095053193
08-25 23:01:44 com_github_MitjaNemec_ReplicateLayout.replicate_layout 991:Dst text UUid:1f45362e-f2c3-488c-881d-391ce672f5f4
08-25 23:01:44 com_github_MitjaNemec_ReplicateLayout.replicate_layout 888:Replicating footprint: 'R3'
08-25 23:01:44 com_github_MitjaNemec_ReplicateLayout.replicate_layout 835:Src fp.id: 'E3A00D99-EE45-46E5-9182-7CB5902749B3'
08-25 23:01:44 com_github_MitjaNemec_ReplicateLayout.replicate_layout 839:Dst fp.id: 'E3A00D99-EE45-46E5-9182-7CB5902749B3'
08-25 23:01:44 com_github_MitjaNemec_ReplicateLayout.replicate_layout 895:found match in dst footprint: 'R4'
08-25 23:01:44 com_github_MitjaNemec_ReplicateLayout.replicate_layout 990:Src text UUid:c8d8973c-40f0-40f8-bca0-85a2f7563a32
08-25 23:01:44 com_github_MitjaNemec_ReplicateLayout.replicate_layout 991:Dst text UUid:99bebc14-78e9-4fc7-9b79-88500f3a1249
08-25 23:01:44 com_github_MitjaNemec_ReplicateLayout.replicate_layout 990:Src text UUid:fa873b22-e32d-469d-a726-853e5be2a24e
08-25 23:01:44 com_github_MitjaNemec_ReplicateLayout.replicate_layout 991:Dst text UUid:99cd5134-b30c-4610-8aac-b99d34756d1c
08-25 23:01:44 com_github_MitjaNemec_ReplicateLayout.replicate_layout 990:Src text UUid:aa74c71c-e0cc-4bdd-9d44-47fee14196bb
08-25 23:01:44 com_github_MitjaNemec_ReplicateLayout.replicate_layout 991:Dst text UUid:94ca00b7-eaf3-4360-bcee-395b839a9a2c
08-25 23:01:44 com_github_MitjaNemec_ReplicateLayout.replicate_layout 870:Replicating footprints on sheet ['/SensorModule30/']
08-25 23:01:44 com_github_MitjaNemec_ReplicateLayout.replicate_layout 835:Src fp.id: 'D3B029CA-A78A-4AD0-B065-5E40F898A58E'
08-25 23:01:44 com_github_MitjaNemec_ReplicateLayout.replicate_layout 839:Dst fp.id: 'D3B029CA-A78A-4AD0-B065-5E40F898A58E'
08-25 23:01:44 com_github_MitjaNemec_ReplicateLayout.replicate_layout 888:Replicating footprint: 'TP3'
08-25 23:01:44 com_github_MitjaNemec_ReplicateLayout.replicate_layout 835:Src fp.id: 'DC4441AA-6AE7-41D3-B704-9B167A21E89A'
08-25 23:01:44 com_github_MitjaNemec_ReplicateLayout.replicate_layout 839:Dst fp.id: 'DC4441AA-6AE7-41D3-B704-9B167A21E89A'
08-25 23:01:44 com_github_MitjaNemec_ReplicateLayout.replicate_layout 895:found match in dst footprint: 'TP31'
08-25 23:01:44 com_github_MitjaNemec_ReplicateLayout.replicate_layout 990:Src text UUid:084cf6f4-13f1-4979-a7dd-38f91f964ca4
08-25 23:01:44 com_github_MitjaNemec_ReplicateLayout.replicate_layout 991:Dst text UUid:0bcf639c-91b3-45d4-a9e5-730137e1792d
08-25 23:01:44 com_github_MitjaNemec_ReplicateLayout.replicate_layout 990:Src text UUid:fed86236-d6ae-4332-954a-f8f2489cea47
08-25 23:01:44 com_github_MitjaNemec_ReplicateLayout.replicate_layout 991:Dst text UUid:c28d1405-d087-49dc-98ec-1f83e2ccd32e
08-25 23:01:44 com_github_MitjaNemec_ReplicateLayout.replicate_layout 990:Src text UUid:14138a6e-1c8e-436b-8f4e-fb21de4d93f5
08-25 23:01:44 com_github_MitjaNemec_ReplicateLayout.replicate_layout 991:Dst text UUid:55a24b22-b0ba-4bbc-8b0a-1cc573a6da61
08-25 23:01:44 com_github_MitjaNemec_ReplicateLayout.replicate_layout 888:Replicating footprint: 'Q6'
08-25 23:01:44 com_github_MitjaNemec_ReplicateLayout.replicate_layout 835:Src fp.id: '8D847CB5-E00B-428D-BD6B-968281E3857C'
08-25 23:01:44 com_github_MitjaNemec_ReplicateLayout.replicate_layout 839:Dst fp.id: '8D847CB5-E00B-428D-BD6B-968281E3857C'
08-25 23:01:44 com_github_MitjaNemec_ReplicateLayout.replicate_layout 895:found match in dst footprint: 'Q62'
08-25 23:01:44 com_github_MitjaNemec_ReplicateLayout.replicate_layout 990:Src text UUid:f4b0c936-80e7-4521-b75e-fd2ff620a41e
08-25 23:01:44 com_github_MitjaNemec_ReplicateLayout.replicate_layout 991:Dst text UUid:dd2ced23-2d7f-493c-88da-c50c02e13a29
08-25 23:01:44 com_github_MitjaNemec_ReplicateLayout.replicate_layout 990:Src text UUid:ca1deeec-565b-44f5-ba76-6767fb50c702
08-25 23:01:44 com_github_MitjaNemec_ReplicateLayout.replicate_layout 991:Dst text UUid:a8c28bb3-d99e-4f9d-84ab-1f27908339a3
08-25 23:01:44 com_github_MitjaNemec_ReplicateLayout.replicate_layout 990:Src text UUid:df664c19-7990-4850-ab00-790be9f327cf
08-25 23:01:44 com_github_MitjaNemec_ReplicateLayout.replicate_layout 991:Dst text UUid:0cff5a1f-f1ee-42b7-867f-57f100486477
08-25 23:01:44 com_github_MitjaNemec_ReplicateLayout.replicate_layout 888:Replicating footprint: 'Q5'
08-25 23:01:44 com_github_MitjaNemec_ReplicateLayout.replicate_layout 835:Src fp.id: 'D3B029CA-A78A-4AD0-B065-5E40F898A58E'
08-25 23:01:44 com_github_MitjaNemec_ReplicateLayout.replicate_layout 839:Dst fp.id: 'D3B029CA-A78A-4AD0-B065-5E40F898A58E'
08-25 23:01:44 com_github_MitjaNemec_ReplicateLayout.replicate_layout 895:found match in dst footprint: 'Q61'
08-25 23:01:44 com_github_MitjaNemec_ReplicateLayout.replicate_layout 990:Src text UUid:f7a5dac9-b2cb-4eea-9ca3-6ea7d19a2d45
08-25 23:01:44 com_github_MitjaNemec_ReplicateLayout.replicate_layout 991:Dst text UUid:cd0ba43b-62ba-4628-bef5-38bff731bcde
08-25 23:01:44 com_github_MitjaNemec_ReplicateLayout.replicate_layout 990:Src text UUid:48debcb2-2912-4536-b052-0d85ca611cdc
08-25 23:01:44 com_github_MitjaNemec_ReplicateLayout.replicate_layout 991:Dst text UUid:94ebf5a1-5ec4-4f92-ad86-a19a0f1caa8a
08-25 23:01:44 com_github_MitjaNemec_ReplicateLayout.replicate_layout 990:Src text UUid:a913f8d2-1603-416c-a1a9-301575d45bab
08-25 23:01:44 com_github_MitjaNemec_ReplicateLayout.replicate_layout 991:Dst text UUid:8c03c409-c57f-4735-8d2c-4bd5f2990b33
08-25 23:01:44 com_github_MitjaNemec_ReplicateLayout.replicate_layout 888:Replicating footprint: 'C3'
08-25 23:01:44 com_github_MitjaNemec_ReplicateLayout.replicate_layout 835:Src fp.id: '48CE2A11-6FA1-4816-8BEE-2E82038543FF'
08-25 23:01:44 com_github_MitjaNemec_ReplicateLayout.replicate_layout 839:Dst fp.id: '48CE2A11-6FA1-4816-8BEE-2E82038543FF'
08-25 23:01:44 com_github_MitjaNemec_ReplicateLayout.replicate_layout 895:found match in dst footprint: 'C31'
08-25 23:01:44 com_github_MitjaNemec_ReplicateLayout.replicate_layout 990:Src text UUid:6c1243e2-8b92-4081-a9cf-ac1017aacc39
08-25 23:01:44 com_github_MitjaNemec_ReplicateLayout.replicate_layout 991:Dst text UUid:a7f96801-a65a-4206-b5a8-284d23ec58cf
08-25 23:01:44 com_github_MitjaNemec_ReplicateLayout.replicate_layout 990:Src text UUid:d3915164-4687-4b37-b9ec-416e9e66b755
08-25 23:01:44 com_github_MitjaNemec_ReplicateLayout.replicate_layout 991:Dst text UUid:99ab826b-782e-4679-8c4a-3cda121a5b75
08-25 23:01:44 com_github_MitjaNemec_ReplicateLayout.replicate_layout 990:Src text UUid:b582355e-a4d6-4f4b-9e7b-1e8095053193
08-25 23:01:44 com_github_MitjaNemec_ReplicateLayout.replicate_layout 991:Dst text UUid:825f4e95-2776-49a6-a98b-b5c50f7dc6fa
08-25 23:01:44 com_github_MitjaNemec_ReplicateLayout.replicate_layout 888:Replicating footprint: 'R3'
08-25 23:01:44 com_github_MitjaNemec_ReplicateLayout.replicate_layout 835:Src fp.id: 'E3A00D99-EE45-46E5-9182-7CB5902749B3'
08-25 23:01:44 com_github_MitjaNemec_ReplicateLayout.replicate_layout 839:Dst fp.id: 'E3A00D99-EE45-46E5-9182-7CB5902749B3'
08-25 23:01:44 com_github_MitjaNemec_ReplicateLayout.replicate_layout 895:found match in dst footprint: 'R31'
08-25 23:01:44 com_github_MitjaNemec_ReplicateLayout.replicate_layout 990:Src text UUid:c8d8973c-40f0-40f8-bca0-85a2f7563a32
08-25 23:01:44 com_github_MitjaNemec_ReplicateLayout.replicate_layout 991:Dst text UUid:5d169892-5c00-4b71-92cd-4acfc471c17e
08-25 23:01:44 com_github_MitjaNemec_ReplicateLayout.replicate_layout 990:Src text UUid:fa873b22-e32d-469d-a726-853e5be2a24e
08-25 23:01:44 com_github_MitjaNemec_ReplicateLayout.replicate_layout 991:Dst text UUid:ec69c9af-d960-483d-a2d9-2e709b4ed415
08-25 23:01:44 com_github_MitjaNemec_ReplicateLayout.replicate_layout 990:Src text UUid:aa74c71c-e0cc-4bdd-9d44-47fee14196bb
08-25 23:01:44 com_github_MitjaNemec_ReplicateLayout.replicate_layout 991:Dst text UUid:fdaf3e0f-bea3-4acb-a147-c61407432474
08-25 23:01:44 com_github_MitjaNemec_ReplicateLayout.replicate_layout 870:Replicating footprints on sheet ['/SensorModule31/']
08-25 23:01:44 com_github_MitjaNemec_ReplicateLayout.replicate_layout 835:Src fp.id: 'D3B029CA-A78A-4AD0-B065-5E40F898A58E'
08-25 23:01:44 com_github_MitjaNemec_ReplicateLayout.replicate_layout 839:Dst fp.id: 'D3B029CA-A78A-4AD0-B065-5E40F898A58E'
08-25 23:01:44 com_github_MitjaNemec_ReplicateLayout.replicate_layout 888:Replicating footprint: 'TP3'
08-25 23:01:44 com_github_MitjaNemec_ReplicateLayout.replicate_layout 835:Src fp.id: 'DC4441AA-6AE7-41D3-B704-9B167A21E89A'
08-25 23:01:44 com_github_MitjaNemec_ReplicateLayout.replicate_layout 839:Dst fp.id: 'DC4441AA-6AE7-41D3-B704-9B167A21E89A'
08-25 23:01:44 com_github_MitjaNemec_ReplicateLayout.replicate_layout 895:found match in dst footprint: 'TP32'
08-25 23:01:44 com_github_MitjaNemec_ReplicateLayout.replicate_layout 990:Src text UUid:084cf6f4-13f1-4979-a7dd-38f91f964ca4
08-25 23:01:44 com_github_MitjaNemec_ReplicateLayout.replicate_layout 991:Dst text UUid:b00c2475-3959-46d0-9833-78c20a6dd40a
08-25 23:01:44 com_github_MitjaNemec_ReplicateLayout.replicate_layout 990:Src text UUid:fed86236-d6ae-4332-954a-f8f2489cea47
08-25 23:01:44 com_github_MitjaNemec_ReplicateLayout.replicate_layout 991:Dst text UUid:2015658c-1d88-4ed2-9e53-471746f99fce
08-25 23:01:44 com_github_MitjaNemec_ReplicateLayout.replicate_layout 990:Src text UUid:14138a6e-1c8e-436b-8f4e-fb21de4d93f5
08-25 23:01:44 com_github_MitjaNemec_ReplicateLayout.replicate_layout 991:Dst text UUid:b0643f26-2573-42da-b520-6dd0c1e1140d
08-25 23:01:44 com_github_MitjaNemec_ReplicateLayout.replicate_layout 888:Replicating footprint: 'Q6'
08-25 23:01:44 com_github_MitjaNemec_ReplicateLayout.replicate_layout 835:Src fp.id: '8D847CB5-E00B-428D-BD6B-968281E3857C'
08-25 23:01:44 com_github_MitjaNemec_ReplicateLayout.replicate_layout 839:Dst fp.id: '8D847CB5-E00B-428D-BD6B-968281E3857C'
08-25 23:01:44 com_github_MitjaNemec_ReplicateLayout.replicate_layout 895:found match in dst footprint: 'Q64'
08-25 23:01:44 com_github_MitjaNemec_ReplicateLayout.replicate_layout 990:Src text UUid:f4b0c936-80e7-4521-b75e-fd2ff620a41e
08-25 23:01:44 com_github_MitjaNemec_ReplicateLayout.replicate_layout 991:Dst text UUid:c88883ca-e2b3-46df-a70a-3b790c0a846f
08-25 23:01:44 com_github_MitjaNemec_ReplicateLayout.replicate_layout 990:Src text UUid:ca1deeec-565b-44f5-ba76-6767fb50c702
08-25 23:01:44 com_github_MitjaNemec_ReplicateLayout.replicate_layout 991:Dst text UUid:e0e0fc19-ecfe-428c-876e-c87fb33ee06b
08-25 23:01:44 com_github_MitjaNemec_ReplicateLayout.replicate_layout 990:Src text UUid:df664c19-7990-4850-ab00-790be9f327cf
08-25 23:01:44 com_github_MitjaNemec_ReplicateLayout.replicate_layout 991:Dst text UUid:4f819eb7-37bc-47e9-9583-8d6bbce09886
08-25 23:01:44 com_github_MitjaNemec_ReplicateLayout.replicate_layout 888:Replicating footprint: 'Q5'
08-25 23:01:44 com_github_MitjaNemec_ReplicateLayout.replicate_layout 835:Src fp.id: 'D3B029CA-A78A-4AD0-B065-5E40F898A58E'
08-25 23:01:44 com_github_MitjaNemec_ReplicateLayout.replicate_layout 839:Dst fp.id: 'D3B029CA-A78A-4AD0-B065-5E40F898A58E'
08-25 23:01:44 com_github_MitjaNemec_ReplicateLayout.replicate_layout 895:found match in dst footprint: 'Q63'
08-25 23:01:44 com_github_MitjaNemec_ReplicateLayout.replicate_layout 990:Src text UUid:f7a5dac9-b2cb-4eea-9ca3-6ea7d19a2d45
08-25 23:01:44 com_github_MitjaNemec_ReplicateLayout.replicate_layout 991:Dst text UUid:010fd1b6-75d4-41d1-aefe-e3a55a33d31c
08-25 23:01:44 com_github_MitjaNemec_ReplicateLayout.replicate_layout 990:Src text UUid:48debcb2-2912-4536-b052-0d85ca611cdc
08-25 23:01:44 com_github_MitjaNemec_ReplicateLayout.replicate_layout 991:Dst text UUid:18726a45-b1b4-4e78-90ad-565a0684cae6
08-25 23:01:44 com_github_MitjaNemec_ReplicateLayout.replicate_layout 990:Src text UUid:a913f8d2-1603-416c-a1a9-301575d45bab
08-25 23:01:44 com_github_MitjaNemec_ReplicateLayout.replicate_layout 991:Dst text UUid:057cb3ef-14c4-4184-97a8-d9d269d863c5
08-25 23:01:44 com_github_MitjaNemec_ReplicateLayout.replicate_layout 888:Replicating footprint: 'C3'
08-25 23:01:44 com_github_MitjaNemec_ReplicateLayout.replicate_layout 835:Src fp.id: '48CE2A11-6FA1-4816-8BEE-2E82038543FF'
08-25 23:01:44 com_github_MitjaNemec_ReplicateLayout.replicate_layout 839:Dst fp.id: '48CE2A11-6FA1-4816-8BEE-2E82038543FF'
08-25 23:01:44 com_github_MitjaNemec_ReplicateLayout.replicate_layout 895:found match in dst footprint: 'C32'
08-25 23:01:44 com_github_MitjaNemec_ReplicateLayout.replicate_layout 990:Src text UUid:6c1243e2-8b92-4081-a9cf-ac1017aacc39
08-25 23:01:44 com_github_MitjaNemec_ReplicateLayout.replicate_layout 991:Dst text UUid:f153ab28-6f2b-4133-a967-ed6df74dbdc5
08-25 23:01:44 com_github_MitjaNemec_ReplicateLayout.replicate_layout 990:Src text UUid:d3915164-4687-4b37-b9ec-416e9e66b755
08-25 23:01:44 com_github_MitjaNemec_ReplicateLayout.replicate_layout 991:Dst text UUid:b674a650-8e83-4fbe-a24d-5c6a964d91a2
08-25 23:01:44 com_github_MitjaNemec_ReplicateLayout.replicate_layout 990:Src text UUid:b582355e-a4d6-4f4b-9e7b-1e8095053193
08-25 23:01:44 com_github_MitjaNemec_ReplicateLayout.replicate_layout 991:Dst text UUid:b4484bdd-52d6-4e4b-bc39-d7f1b846fef9
08-25 23:01:44 com_github_MitjaNemec_ReplicateLayout.replicate_layout 888:Replicating footprint: 'R3'
08-25 23:01:44 com_github_MitjaNemec_ReplicateLayout.replicate_layout 835:Src fp.id: 'E3A00D99-EE45-46E5-9182-7CB5902749B3'
08-25 23:01:44 com_github_MitjaNemec_ReplicateLayout.replicate_layout 839:Dst fp.id: 'E3A00D99-EE45-46E5-9182-7CB5902749B3'
08-25 23:01:44 com_github_MitjaNemec_ReplicateLayout.replicate_layout 895:found match in dst footprint: 'R32'
08-25 23:01:44 com_github_MitjaNemec_ReplicateLayout.replicate_layout 990:Src text UUid:c8d8973c-40f0-40f8-bca0-85a2f7563a32
08-25 23:01:44 com_github_MitjaNemec_ReplicateLayout.replicate_layout 991:Dst text UUid:4ca6a865-8edd-49f5-ba85-f1ee2e158c21
08-25 23:01:44 com_github_MitjaNemec_ReplicateLayout.replicate_layout 990:Src text UUid:fa873b22-e32d-469d-a726-853e5be2a24e
08-25 23:01:44 com_github_MitjaNemec_ReplicateLayout.replicate_layout 991:Dst text UUid:ae8fa10d-fc1f-43dd-8eb4-c4cb4d2ae1cd
08-25 23:01:44 com_github_MitjaNemec_ReplicateLayout.replicate_layout 990:Src text UUid:aa74c71c-e0cc-4bdd-9d44-47fee14196bb
08-25 23:01:44 com_github_MitjaNemec_ReplicateLayout.replicate_layout 991:Dst text UUid:d3cba048-11f2-4a55-9ec6-3a15629b2018
08-25 23:01:44 root 345:updating GUI with: 69
08-25 23:01:44 com_github_MitjaNemec_ReplicateLayout.replicate_layout 870:Replicating footprints on sheet ['/SensorModule32/']
08-25 23:01:44 com_github_MitjaNemec_ReplicateLayout.replicate_layout 835:Src fp.id: 'D3B029CA-A78A-4AD0-B065-5E40F898A58E'
08-25 23:01:44 com_github_MitjaNemec_ReplicateLayout.replicate_layout 839:Dst fp.id: 'D3B029CA-A78A-4AD0-B065-5E40F898A58E'
08-25 23:01:44 com_github_MitjaNemec_ReplicateLayout.replicate_layout 888:Replicating footprint: 'TP3'
08-25 23:01:44 com_github_MitjaNemec_ReplicateLayout.replicate_layout 835:Src fp.id: 'DC4441AA-6AE7-41D3-B704-9B167A21E89A'
08-25 23:01:44 com_github_MitjaNemec_ReplicateLayout.replicate_layout 839:Dst fp.id: 'DC4441AA-6AE7-41D3-B704-9B167A21E89A'
08-25 23:01:44 com_github_MitjaNemec_ReplicateLayout.replicate_layout 895:found match in dst footprint: 'TP33'
08-25 23:01:44 com_github_MitjaNemec_ReplicateLayout.replicate_layout 990:Src text UUid:084cf6f4-13f1-4979-a7dd-38f91f964ca4
08-25 23:01:44 com_github_MitjaNemec_ReplicateLayout.replicate_layout 991:Dst text UUid:a3f6c7e8-49ec-447b-94ae-b3e7ad9fbe8c
08-25 23:01:44 com_github_MitjaNemec_ReplicateLayout.replicate_layout 990:Src text UUid:fed86236-d6ae-4332-954a-f8f2489cea47
08-25 23:01:44 com_github_MitjaNemec_ReplicateLayout.replicate_layout 991:Dst text UUid:4adc1bb6-fc60-4f38-be50-18cd4d433a20
08-25 23:01:44 com_github_MitjaNemec_ReplicateLayout.replicate_layout 990:Src text UUid:14138a6e-1c8e-436b-8f4e-fb21de4d93f5
08-25 23:01:44 com_github_MitjaNemec_ReplicateLayout.replicate_layout 991:Dst text UUid:f9dae616-f25f-423a-892c-97cd03299cf6
08-25 23:01:44 com_github_MitjaNemec_ReplicateLayout.replicate_layout 888:Replicating footprint: 'Q6'
08-25 23:01:44 com_github_MitjaNemec_ReplicateLayout.replicate_layout 835:Src fp.id: '8D847CB5-E00B-428D-BD6B-968281E3857C'
08-25 23:01:44 com_github_MitjaNemec_ReplicateLayout.replicate_layout 839:Dst fp.id: '8D847CB5-E00B-428D-BD6B-968281E3857C'
08-25 23:01:44 com_github_MitjaNemec_ReplicateLayout.replicate_layout 895:found match in dst footprint: 'Q66'
08-25 23:01:44 com_github_MitjaNemec_ReplicateLayout.replicate_layout 990:Src text UUid:f4b0c936-80e7-4521-b75e-fd2ff620a41e
08-25 23:01:44 com_github_MitjaNemec_ReplicateLayout.replicate_layout 991:Dst text UUid:c71728cd-49a1-410f-b746-03034c0d80d7
08-25 23:01:44 com_github_MitjaNemec_ReplicateLayout.replicate_layout 990:Src text UUid:ca1deeec-565b-44f5-ba76-6767fb50c702
08-25 23:01:44 com_github_MitjaNemec_ReplicateLayout.replicate_layout 991:Dst text UUid:cd4715bc-20cb-417f-b728-e4ec0d540088
08-25 23:01:44 com_github_MitjaNemec_ReplicateLayout.replicate_layout 990:Src text UUid:df664c19-7990-4850-ab00-790be9f327cf
08-25 23:01:44 com_github_MitjaNemec_ReplicateLayout.replicate_layout 991:Dst text UUid:c8cecc1e-9a9c-4189-8c9a-511f419ec149
08-25 23:01:44 com_github_MitjaNemec_ReplicateLayout.replicate_layout 888:Replicating footprint: 'Q5'
08-25 23:01:44 com_github_MitjaNemec_ReplicateLayout.replicate_layout 835:Src fp.id: 'D3B029CA-A78A-4AD0-B065-5E40F898A58E'
08-25 23:01:44 com_github_MitjaNemec_ReplicateLayout.replicate_layout 839:Dst fp.id: 'D3B029CA-A78A-4AD0-B065-5E40F898A58E'
08-25 23:01:44 com_github_MitjaNemec_ReplicateLayout.replicate_layout 895:found match in dst footprint: 'Q65'
08-25 23:01:44 com_github_MitjaNemec_ReplicateLayout.replicate_layout 990:Src text UUid:f7a5dac9-b2cb-4eea-9ca3-6ea7d19a2d45
08-25 23:01:44 com_github_MitjaNemec_ReplicateLayout.replicate_layout 991:Dst text UUid:f2f073ee-146d-4ffd-a5ff-1ea0464ed93c
08-25 23:01:44 com_github_MitjaNemec_ReplicateLayout.replicate_layout 990:Src text UUid:48debcb2-2912-4536-b052-0d85ca611cdc
08-25 23:01:44 com_github_MitjaNemec_ReplicateLayout.replicate_layout 991:Dst text UUid:7de80b4a-8ff4-4098-afb9-c1b8e17097e6
08-25 23:01:44 com_github_MitjaNemec_ReplicateLayout.replicate_layout 990:Src text UUid:a913f8d2-1603-416c-a1a9-301575d45bab
08-25 23:01:44 com_github_MitjaNemec_ReplicateLayout.replicate_layout 991:Dst text UUid:3a8ed216-2c3f-4c93-a85e-8ef306eca674
08-25 23:01:44 com_github_MitjaNemec_ReplicateLayout.replicate_layout 888:Replicating footprint: 'C3'
08-25 23:01:44 com_github_MitjaNemec_ReplicateLayout.replicate_layout 835:Src fp.id: '48CE2A11-6FA1-4816-8BEE-2E82038543FF'
08-25 23:01:44 com_github_MitjaNemec_ReplicateLayout.replicate_layout 839:Dst fp.id: '48CE2A11-6FA1-4816-8BEE-2E82038543FF'
08-25 23:01:44 com_github_MitjaNemec_ReplicateLayout.replicate_layout 895:found match in dst footprint: 'C33'
08-25 23:01:44 com_github_MitjaNemec_ReplicateLayout.replicate_layout 990:Src text UUid:6c1243e2-8b92-4081-a9cf-ac1017aacc39
08-25 23:01:44 com_github_MitjaNemec_ReplicateLayout.replicate_layout 991:Dst text UUid:a6ec0676-0d00-42d2-be70-8826aa86a19e
08-25 23:01:44 com_github_MitjaNemec_ReplicateLayout.replicate_layout 990:Src text UUid:d3915164-4687-4b37-b9ec-416e9e66b755
08-25 23:01:44 com_github_MitjaNemec_ReplicateLayout.replicate_layout 991:Dst text UUid:5af3dfe9-11eb-4742-9d0a-e1a1d11006e4
08-25 23:01:44 com_github_MitjaNemec_ReplicateLayout.replicate_layout 990:Src text UUid:b582355e-a4d6-4f4b-9e7b-1e8095053193
08-25 23:01:44 com_github_MitjaNemec_ReplicateLayout.replicate_layout 991:Dst text UUid:b50dadb5-af02-4009-944d-aef62aa3212b
08-25 23:01:44 com_github_MitjaNemec_ReplicateLayout.replicate_layout 888:Replicating footprint: 'R3'
08-25 23:01:44 com_github_MitjaNemec_ReplicateLayout.replicate_layout 835:Src fp.id: 'E3A00D99-EE45-46E5-9182-7CB5902749B3'
08-25 23:01:44 com_github_MitjaNemec_ReplicateLayout.replicate_layout 839:Dst fp.id: 'E3A00D99-EE45-46E5-9182-7CB5902749B3'
08-25 23:01:44 com_github_MitjaNemec_ReplicateLayout.replicate_layout 895:found match in dst footprint: 'R33'
08-25 23:01:44 com_github_MitjaNemec_ReplicateLayout.replicate_layout 990:Src text UUid:c8d8973c-40f0-40f8-bca0-85a2f7563a32
08-25 23:01:44 com_github_MitjaNemec_ReplicateLayout.replicate_layout 991:Dst text UUid:8fc56735-db6d-45d3-aba3-24c7f19a6056
08-25 23:01:44 com_github_MitjaNemec_ReplicateLayout.replicate_layout 990:Src text UUid:fa873b22-e32d-469d-a726-853e5be2a24e
08-25 23:01:44 com_github_MitjaNemec_ReplicateLayout.replicate_layout 991:Dst text UUid:459c6fd8-8fd7-4c5c-983a-35cff328b8ca
08-25 23:01:44 com_github_MitjaNemec_ReplicateLayout.replicate_layout 990:Src text UUid:aa74c71c-e0cc-4bdd-9d44-47fee14196bb
08-25 23:01:44 com_github_MitjaNemec_ReplicateLayout.replicate_layout 991:Dst text UUid:a320392c-7c5b-4b78-96d3-3db872433e76
08-25 23:01:44 com_github_MitjaNemec_ReplicateLayout.replicate_layout 870:Replicating footprints on sheet ['/SensorModule33/']
08-25 23:01:44 com_github_MitjaNemec_ReplicateLayout.replicate_layout 835:Src fp.id: 'D3B029CA-A78A-4AD0-B065-5E40F898A58E'
08-25 23:01:44 com_github_MitjaNemec_ReplicateLayout.replicate_layout 839:Dst fp.id: 'D3B029CA-A78A-4AD0-B065-5E40F898A58E'
08-25 23:01:44 com_github_MitjaNemec_ReplicateLayout.replicate_layout 888:Replicating footprint: 'TP3'
08-25 23:01:44 com_github_MitjaNemec_ReplicateLayout.replicate_layout 835:Src fp.id: 'DC4441AA-6AE7-41D3-B704-9B167A21E89A'
08-25 23:01:44 com_github_MitjaNemec_ReplicateLayout.replicate_layout 839:Dst fp.id: 'DC4441AA-6AE7-41D3-B704-9B167A21E89A'
08-25 23:01:44 com_github_MitjaNemec_ReplicateLayout.replicate_layout 895:found match in dst footprint: 'TP34'
08-25 23:01:44 com_github_MitjaNemec_ReplicateLayout.replicate_layout 990:Src text UUid:084cf6f4-13f1-4979-a7dd-38f91f964ca4
08-25 23:01:44 com_github_MitjaNemec_ReplicateLayout.replicate_layout 991:Dst text UUid:95f8eee0-25ef-4439-9fc6-67a22e5a5db9
08-25 23:01:44 com_github_MitjaNemec_ReplicateLayout.replicate_layout 990:Src text UUid:fed86236-d6ae-4332-954a-f8f2489cea47
08-25 23:01:44 com_github_MitjaNemec_ReplicateLayout.replicate_layout 991:Dst text UUid:2e63adcb-aa64-492a-88dd-63bcdff1ad06
08-25 23:01:44 com_github_MitjaNemec_ReplicateLayout.replicate_layout 990:Src text UUid:14138a6e-1c8e-436b-8f4e-fb21de4d93f5
08-25 23:01:44 com_github_MitjaNemec_ReplicateLayout.replicate_layout 991:Dst text UUid:0bab9843-86ee-40b1-aecf-74108f59fac9
08-25 23:01:44 com_github_MitjaNemec_ReplicateLayout.replicate_layout 888:Replicating footprint: 'Q6'
08-25 23:01:44 com_github_MitjaNemec_ReplicateLayout.replicate_layout 835:Src fp.id: '8D847CB5-E00B-428D-BD6B-968281E3857C'
08-25 23:01:44 com_github_MitjaNemec_ReplicateLayout.replicate_layout 839:Dst fp.id: '8D847CB5-E00B-428D-BD6B-968281E3857C'
08-25 23:01:44 com_github_MitjaNemec_ReplicateLayout.replicate_layout 895:found match in dst footprint: 'Q68'
08-25 23:01:44 com_github_MitjaNemec_ReplicateLayout.replicate_layout 990:Src text UUid:f4b0c936-80e7-4521-b75e-fd2ff620a41e
08-25 23:01:44 com_github_MitjaNemec_ReplicateLayout.replicate_layout 991:Dst text UUid:a24a2da9-2a28-46fb-a79e-e2b05588e09b
08-25 23:01:44 com_github_MitjaNemec_ReplicateLayout.replicate_layout 990:Src text UUid:ca1deeec-565b-44f5-ba76-6767fb50c702
08-25 23:01:44 com_github_MitjaNemec_ReplicateLayout.replicate_layout 991:Dst text UUid:bcc98ac4-e079-4c40-b92b-a61567c3dcdc
08-25 23:01:44 com_github_MitjaNemec_ReplicateLayout.replicate_layout 990:Src text UUid:df664c19-7990-4850-ab00-790be9f327cf
08-25 23:01:44 com_github_MitjaNemec_ReplicateLayout.replicate_layout 991:Dst text UUid:479df06c-f86b-47df-a728-0eae91f87b3b
08-25 23:01:44 com_github_MitjaNemec_ReplicateLayout.replicate_layout 888:Replicating footprint: 'Q5'
08-25 23:01:44 com_github_MitjaNemec_ReplicateLayout.replicate_layout 835:Src fp.id: 'D3B029CA-A78A-4AD0-B065-5E40F898A58E'
08-25 23:01:44 com_github_MitjaNemec_ReplicateLayout.replicate_layout 839:Dst fp.id: 'D3B029CA-A78A-4AD0-B065-5E40F898A58E'
08-25 23:01:44 com_github_MitjaNemec_ReplicateLayout.replicate_layout 895:found match in dst footprint: 'Q67'
08-25 23:01:44 com_github_MitjaNemec_ReplicateLayout.replicate_layout 990:Src text UUid:f7a5dac9-b2cb-4eea-9ca3-6ea7d19a2d45
08-25 23:01:44 com_github_MitjaNemec_ReplicateLayout.replicate_layout 991:Dst text UUid:1153fb06-d196-4dde-9e7b-383459120022
08-25 23:01:44 com_github_MitjaNemec_ReplicateLayout.replicate_layout 990:Src text UUid:48debcb2-2912-4536-b052-0d85ca611cdc
08-25 23:01:44 com_github_MitjaNemec_ReplicateLayout.replicate_layout 991:Dst text UUid:76284c3e-35f4-44fd-88ff-42f4a57747af
08-25 23:01:44 com_github_MitjaNemec_ReplicateLayout.replicate_layout 990:Src text UUid:a913f8d2-1603-416c-a1a9-301575d45bab
08-25 23:01:44 com_github_MitjaNemec_ReplicateLayout.replicate_layout 991:Dst text UUid:a147aee4-21d3-4e7e-988f-29b5ca0a57ea
08-25 23:01:44 com_github_MitjaNemec_ReplicateLayout.replicate_layout 888:Replicating footprint: 'C3'
08-25 23:01:44 com_github_MitjaNemec_ReplicateLayout.replicate_layout 835:Src fp.id: '48CE2A11-6FA1-4816-8BEE-2E82038543FF'
08-25 23:01:44 com_github_MitjaNemec_ReplicateLayout.replicate_layout 839:Dst fp.id: '48CE2A11-6FA1-4816-8BEE-2E82038543FF'
08-25 23:01:44 com_github_MitjaNemec_ReplicateLayout.replicate_layout 895:found match in dst footprint: 'C34'
08-25 23:01:44 com_github_MitjaNemec_ReplicateLayout.replicate_layout 990:Src text UUid:6c1243e2-8b92-4081-a9cf-ac1017aacc39
08-25 23:01:44 com_github_MitjaNemec_ReplicateLayout.replicate_layout 991:Dst text UUid:474c13ef-e43c-4f57-98ba-1f9318a53a2f
08-25 23:01:44 com_github_MitjaNemec_ReplicateLayout.replicate_layout 990:Src text UUid:d3915164-4687-4b37-b9ec-416e9e66b755
08-25 23:01:44 com_github_MitjaNemec_ReplicateLayout.replicate_layout 991:Dst text UUid:ba283116-92f7-4db3-904f-bc4a2b797157
08-25 23:01:44 com_github_MitjaNemec_ReplicateLayout.replicate_layout 990:Src text UUid:b582355e-a4d6-4f4b-9e7b-1e8095053193
08-25 23:01:44 com_github_MitjaNemec_ReplicateLayout.replicate_layout 991:Dst text UUid:1043374c-1f0c-4882-8c78-7d0f7c87ba56
08-25 23:01:44 com_github_MitjaNemec_ReplicateLayout.replicate_layout 888:Replicating footprint: 'R3'
08-25 23:01:44 com_github_MitjaNemec_ReplicateLayout.replicate_layout 835:Src fp.id: 'E3A00D99-EE45-46E5-9182-7CB5902749B3'
08-25 23:01:44 com_github_MitjaNemec_ReplicateLayout.replicate_layout 839:Dst fp.id: 'E3A00D99-EE45-46E5-9182-7CB5902749B3'
08-25 23:01:44 com_github_MitjaNemec_ReplicateLayout.replicate_layout 895:found match in dst footprint: 'R34'
08-25 23:01:44 com_github_MitjaNemec_ReplicateLayout.replicate_layout 990:Src text UUid:c8d8973c-40f0-40f8-bca0-85a2f7563a32
08-25 23:01:44 com_github_MitjaNemec_ReplicateLayout.replicate_layout 991:Dst text UUid:27c40a04-8cb4-4a2c-898f-7a62bdad06b2
08-25 23:01:44 com_github_MitjaNemec_ReplicateLayout.replicate_layout 990:Src text UUid:fa873b22-e32d-469d-a726-853e5be2a24e
08-25 23:01:44 com_github_MitjaNemec_ReplicateLayout.replicate_layout 991:Dst text UUid:bf4ca294-7ce9-482d-baec-badf87ae4d84
08-25 23:01:44 com_github_MitjaNemec_ReplicateLayout.replicate_layout 990:Src text UUid:aa74c71c-e0cc-4bdd-9d44-47fee14196bb
08-25 23:01:44 com_github_MitjaNemec_ReplicateLayout.replicate_layout 991:Dst text UUid:4ba4f6c4-efcf-47de-9c2f-55ebe757fe53
08-25 23:01:44 com_github_MitjaNemec_ReplicateLayout.replicate_layout 870:Replicating footprints on sheet ['/SensorModule34/']
08-25 23:01:44 com_github_MitjaNemec_ReplicateLayout.replicate_layout 835:Src fp.id: 'D3B029CA-A78A-4AD0-B065-5E40F898A58E'
08-25 23:01:44 com_github_MitjaNemec_ReplicateLayout.replicate_layout 839:Dst fp.id: 'D3B029CA-A78A-4AD0-B065-5E40F898A58E'
08-25 23:01:44 com_github_MitjaNemec_ReplicateLayout.replicate_layout 888:Replicating footprint: 'TP3'
08-25 23:01:44 com_github_MitjaNemec_ReplicateLayout.replicate_layout 835:Src fp.id: 'DC4441AA-6AE7-41D3-B704-9B167A21E89A'
08-25 23:01:44 com_github_MitjaNemec_ReplicateLayout.replicate_layout 839:Dst fp.id: 'DC4441AA-6AE7-41D3-B704-9B167A21E89A'
08-25 23:01:44 com_github_MitjaNemec_ReplicateLayout.replicate_layout 895:found match in dst footprint: 'TP35'
08-25 23:01:44 com_github_MitjaNemec_ReplicateLayout.replicate_layout 990:Src text UUid:084cf6f4-13f1-4979-a7dd-38f91f964ca4
08-25 23:01:44 com_github_MitjaNemec_ReplicateLayout.replicate_layout 991:Dst text UUid:708a7263-0c27-4391-819f-60daf9f50606
08-25 23:01:44 com_github_MitjaNemec_ReplicateLayout.replicate_layout 990:Src text UUid:fed86236-d6ae-4332-954a-f8f2489cea47
08-25 23:01:44 com_github_MitjaNemec_ReplicateLayout.replicate_layout 991:Dst text UUid:81e2c15b-87e4-48d3-ada5-84345664ace1
08-25 23:01:44 com_github_MitjaNemec_ReplicateLayout.replicate_layout 990:Src text UUid:14138a6e-1c8e-436b-8f4e-fb21de4d93f5
08-25 23:01:44 com_github_MitjaNemec_ReplicateLayout.replicate_layout 991:Dst text UUid:4a5ba28b-9bdc-4183-aad0-2bf5b8d02db2
08-25 23:01:44 com_github_MitjaNemec_ReplicateLayout.replicate_layout 888:Replicating footprint: 'Q6'
08-25 23:01:44 com_github_MitjaNemec_ReplicateLayout.replicate_layout 835:Src fp.id: '8D847CB5-E00B-428D-BD6B-968281E3857C'
08-25 23:01:44 com_github_MitjaNemec_ReplicateLayout.replicate_layout 839:Dst fp.id: '8D847CB5-E00B-428D-BD6B-968281E3857C'
08-25 23:01:44 com_github_MitjaNemec_ReplicateLayout.replicate_layout 895:found match in dst footprint: 'Q70'
08-25 23:01:44 com_github_MitjaNemec_ReplicateLayout.replicate_layout 990:Src text UUid:f4b0c936-80e7-4521-b75e-fd2ff620a41e
08-25 23:01:44 com_github_MitjaNemec_ReplicateLayout.replicate_layout 991:Dst text UUid:cf7d2003-37bf-4f11-be73-5c656dbe8c1c
08-25 23:01:44 com_github_MitjaNemec_ReplicateLayout.replicate_layout 990:Src text UUid:ca1deeec-565b-44f5-ba76-6767fb50c702
08-25 23:01:44 com_github_MitjaNemec_ReplicateLayout.replicate_layout 991:Dst text UUid:a783393c-6f55-4b96-9eb7-d8acf4a80629
08-25 23:01:44 com_github_MitjaNemec_ReplicateLayout.replicate_layout 990:Src text UUid:df664c19-7990-4850-ab00-790be9f327cf
08-25 23:01:44 com_github_MitjaNemec_ReplicateLayout.replicate_layout 991:Dst text UUid:9951d87b-ea1d-4224-a36a-895abbc4d1e1
08-25 23:01:44 com_github_MitjaNemec_ReplicateLayout.replicate_layout 888:Replicating footprint: 'Q5'
08-25 23:01:44 com_github_MitjaNemec_ReplicateLayout.replicate_layout 835:Src fp.id: 'D3B029CA-A78A-4AD0-B065-5E40F898A58E'
08-25 23:01:44 com_github_MitjaNemec_ReplicateLayout.replicate_layout 839:Dst fp.id: 'D3B029CA-A78A-4AD0-B065-5E40F898A58E'
08-25 23:01:44 com_github_MitjaNemec_ReplicateLayout.replicate_layout 895:found match in dst footprint: 'Q69'
08-25 23:01:44 com_github_MitjaNemec_ReplicateLayout.replicate_layout 990:Src text UUid:f7a5dac9-b2cb-4eea-9ca3-6ea7d19a2d45
08-25 23:01:44 com_github_MitjaNemec_ReplicateLayout.replicate_layout 991:Dst text UUid:8a1499a2-12d2-48fb-9a4e-0cb1157da172
08-25 23:01:44 com_github_MitjaNemec_ReplicateLayout.replicate_layout 990:Src text UUid:48debcb2-2912-4536-b052-0d85ca611cdc
08-25 23:01:44 com_github_MitjaNemec_ReplicateLayout.replicate_layout 991:Dst text UUid:1034f8c7-457b-4f2d-9ffe-28cbcdeeec82
08-25 23:01:44 com_github_MitjaNemec_ReplicateLayout.replicate_layout 990:Src text UUid:a913f8d2-1603-416c-a1a9-301575d45bab
08-25 23:01:44 com_github_MitjaNemec_ReplicateLayout.replicate_layout 991:Dst text UUid:50ad4bd2-7859-49bc-b629-8e3e2abf9c8a
08-25 23:01:44 com_github_MitjaNemec_ReplicateLayout.replicate_layout 888:Replicating footprint: 'C3'
08-25 23:01:44 root 345:updating GUI with: 77
08-25 23:01:44 com_github_MitjaNemec_ReplicateLayout.replicate_layout 835:Src fp.id: '48CE2A11-6FA1-4816-8BEE-2E82038543FF'
08-25 23:01:44 com_github_MitjaNemec_ReplicateLayout.replicate_layout 839:Dst fp.id: '48CE2A11-6FA1-4816-8BEE-2E82038543FF'
08-25 23:01:44 com_github_MitjaNemec_ReplicateLayout.replicate_layout 895:found match in dst footprint: 'C35'
08-25 23:01:44 com_github_MitjaNemec_ReplicateLayout.replicate_layout 990:Src text UUid:6c1243e2-8b92-4081-a9cf-ac1017aacc39
08-25 23:01:44 com_github_MitjaNemec_ReplicateLayout.replicate_layout 991:Dst text UUid:865084e8-2df2-4e57-b0ba-bd364a5467e6
08-25 23:01:44 com_github_MitjaNemec_ReplicateLayout.replicate_layout 990:Src text UUid:d3915164-4687-4b37-b9ec-416e9e66b755
08-25 23:01:44 com_github_MitjaNemec_ReplicateLayout.replicate_layout 991:Dst text UUid:23e45ea9-7614-4684-ac57-3f871279ff41
08-25 23:01:44 com_github_MitjaNemec_ReplicateLayout.replicate_layout 990:Src text UUid:b582355e-a4d6-4f4b-9e7b-1e8095053193
08-25 23:01:44 com_github_MitjaNemec_ReplicateLayout.replicate_layout 991:Dst text UUid:06f8310b-477d-4f6e-931b-fcca013b58f8
08-25 23:01:44 com_github_MitjaNemec_ReplicateLayout.replicate_layout 888:Replicating footprint: 'R3'
08-25 23:01:44 com_github_MitjaNemec_ReplicateLayout.replicate_layout 835:Src fp.id: 'E3A00D99-EE45-46E5-9182-7CB5902749B3'
08-25 23:01:44 com_github_MitjaNemec_ReplicateLayout.replicate_layout 839:Dst fp.id: 'E3A00D99-EE45-46E5-9182-7CB5902749B3'
08-25 23:01:44 com_github_MitjaNemec_ReplicateLayout.replicate_layout 895:found match in dst footprint: 'R35'
08-25 23:01:44 com_github_MitjaNemec_ReplicateLayout.replicate_layout 990:Src text UUid:c8d8973c-40f0-40f8-bca0-85a2f7563a32
08-25 23:01:44 com_github_MitjaNemec_ReplicateLayout.replicate_layout 991:Dst text UUid:82a8e6f4-8872-4423-be76-c72604165ac3
08-25 23:01:44 com_github_MitjaNemec_ReplicateLayout.replicate_layout 990:Src text UUid:fa873b22-e32d-469d-a726-853e5be2a24e
08-25 23:01:44 com_github_MitjaNemec_ReplicateLayout.replicate_layout 991:Dst text UUid:638412c7-de41-4513-bc0d-8538aa380425
08-25 23:01:44 com_github_MitjaNemec_ReplicateLayout.replicate_layout 990:Src text UUid:aa74c71c-e0cc-4bdd-9d44-47fee14196bb
08-25 23:01:44 com_github_MitjaNemec_ReplicateLayout.replicate_layout 991:Dst text UUid:a28e32cf-361d-46de-b858-ded81a127dd4
08-25 23:01:44 com_github_MitjaNemec_ReplicateLayout.replicate_layout 870:Replicating footprints on sheet ['/SensorModule35/']
08-25 23:01:44 com_github_MitjaNemec_ReplicateLayout.replicate_layout 835:Src fp.id: 'D3B029CA-A78A-4AD0-B065-5E40F898A58E'
08-25 23:01:44 com_github_MitjaNemec_ReplicateLayout.replicate_layout 839:Dst fp.id: 'D3B029CA-A78A-4AD0-B065-5E40F898A58E'
08-25 23:01:44 com_github_MitjaNemec_ReplicateLayout.replicate_layout 888:Replicating footprint: 'TP3'
08-25 23:01:44 com_github_MitjaNemec_ReplicateLayout.replicate_layout 835:Src fp.id: 'DC4441AA-6AE7-41D3-B704-9B167A21E89A'
08-25 23:01:44 com_github_MitjaNemec_ReplicateLayout.replicate_layout 839:Dst fp.id: 'DC4441AA-6AE7-41D3-B704-9B167A21E89A'
08-25 23:01:44 com_github_MitjaNemec_ReplicateLayout.replicate_layout 895:found match in dst footprint: 'TP36'
08-25 23:01:44 com_github_MitjaNemec_ReplicateLayout.replicate_layout 990:Src text UUid:084cf6f4-13f1-4979-a7dd-38f91f964ca4
08-25 23:01:44 com_github_MitjaNemec_ReplicateLayout.replicate_layout 991:Dst text UUid:74149ef2-252c-4552-a5af-e38e47564c67
08-25 23:01:44 com_github_MitjaNemec_ReplicateLayout.replicate_layout 990:Src text UUid:fed86236-d6ae-4332-954a-f8f2489cea47
08-25 23:01:44 com_github_MitjaNemec_ReplicateLayout.replicate_layout 991:Dst text UUid:491be066-b343-4403-8829-4ca72a4ebecb
08-25 23:01:44 com_github_MitjaNemec_ReplicateLayout.replicate_layout 990:Src text UUid:14138a6e-1c8e-436b-8f4e-fb21de4d93f5
08-25 23:01:44 com_github_MitjaNemec_ReplicateLayout.replicate_layout 991:Dst text UUid:99f7e3d5-632c-4701-b421-095112337d5f
08-25 23:01:44 com_github_MitjaNemec_ReplicateLayout.replicate_layout 888:Replicating footprint: 'Q6'
08-25 23:01:44 com_github_MitjaNemec_ReplicateLayout.replicate_layout 835:Src fp.id: '8D847CB5-E00B-428D-BD6B-968281E3857C'
08-25 23:01:44 com_github_MitjaNemec_ReplicateLayout.replicate_layout 839:Dst fp.id: '8D847CB5-E00B-428D-BD6B-968281E3857C'
08-25 23:01:44 com_github_MitjaNemec_ReplicateLayout.replicate_layout 895:found match in dst footprint: 'Q72'
08-25 23:01:44 com_github_MitjaNemec_ReplicateLayout.replicate_layout 990:Src text UUid:f4b0c936-80e7-4521-b75e-fd2ff620a41e
08-25 23:01:44 com_github_MitjaNemec_ReplicateLayout.replicate_layout 991:Dst text UUid:9bfde469-e6ed-46b9-965b-73600af9161d
08-25 23:01:44 com_github_MitjaNemec_ReplicateLayout.replicate_layout 990:Src text UUid:ca1deeec-565b-44f5-ba76-6767fb50c702
08-25 23:01:44 com_github_MitjaNemec_ReplicateLayout.replicate_layout 991:Dst text UUid:0ba963d9-efa9-48ab-9894-120efb7b144c
08-25 23:01:44 com_github_MitjaNemec_ReplicateLayout.replicate_layout 990:Src text UUid:df664c19-7990-4850-ab00-790be9f327cf
08-25 23:01:44 com_github_MitjaNemec_ReplicateLayout.replicate_layout 991:Dst text UUid:54051ba3-12f5-429c-ac8f-2a1939a4fe92
08-25 23:01:44 com_github_MitjaNemec_ReplicateLayout.replicate_layout 888:Replicating footprint: 'Q5'
08-25 23:01:44 com_github_MitjaNemec_ReplicateLayout.replicate_layout 835:Src fp.id: 'D3B029CA-A78A-4AD0-B065-5E40F898A58E'
08-25 23:01:44 com_github_MitjaNemec_ReplicateLayout.replicate_layout 839:Dst fp.id: 'D3B029CA-A78A-4AD0-B065-5E40F898A58E'
08-25 23:01:44 com_github_MitjaNemec_ReplicateLayout.replicate_layout 895:found match in dst footprint: 'Q71'
08-25 23:01:44 com_github_MitjaNemec_ReplicateLayout.replicate_layout 990:Src text UUid:f7a5dac9-b2cb-4eea-9ca3-6ea7d19a2d45
08-25 23:01:44 com_github_MitjaNemec_ReplicateLayout.replicate_layout 991:Dst text UUid:cbfb6bd4-df13-4599-a650-ba84a2c0a939
08-25 23:01:44 com_github_MitjaNemec_ReplicateLayout.replicate_layout 990:Src text UUid:48debcb2-2912-4536-b052-0d85ca611cdc
08-25 23:01:44 com_github_MitjaNemec_ReplicateLayout.replicate_layout 991:Dst text UUid:d6d154fc-f700-4cb4-8b51-653e14532036
08-25 23:01:44 com_github_MitjaNemec_ReplicateLayout.replicate_layout 990:Src text UUid:a913f8d2-1603-416c-a1a9-301575d45bab
08-25 23:01:44 com_github_MitjaNemec_ReplicateLayout.replicate_layout 991:Dst text UUid:9dd444da-70be-434d-b7cc-9b6c1a0b14a1
08-25 23:01:44 com_github_MitjaNemec_ReplicateLayout.replicate_layout 888:Replicating footprint: 'C3'
08-25 23:01:44 com_github_MitjaNemec_ReplicateLayout.replicate_layout 835:Src fp.id: '48CE2A11-6FA1-4816-8BEE-2E82038543FF'
08-25 23:01:44 com_github_MitjaNemec_ReplicateLayout.replicate_layout 839:Dst fp.id: '48CE2A11-6FA1-4816-8BEE-2E82038543FF'
08-25 23:01:44 com_github_MitjaNemec_ReplicateLayout.replicate_layout 895:found match in dst footprint: 'C36'
08-25 23:01:44 com_github_MitjaNemec_ReplicateLayout.replicate_layout 990:Src text UUid:6c1243e2-8b92-4081-a9cf-ac1017aacc39
08-25 23:01:44 com_github_MitjaNemec_ReplicateLayout.replicate_layout 991:Dst text UUid:86874c1f-75fb-4de3-9c3f-1d8c8dc514cc
08-25 23:01:44 com_github_MitjaNemec_ReplicateLayout.replicate_layout 990:Src text UUid:d3915164-4687-4b37-b9ec-416e9e66b755
08-25 23:01:44 com_github_MitjaNemec_ReplicateLayout.replicate_layout 991:Dst text UUid:15b3f3cb-e88c-456a-8d7e-b4e57c46c9fa
08-25 23:01:44 com_github_MitjaNemec_ReplicateLayout.replicate_layout 990:Src text UUid:b582355e-a4d6-4f4b-9e7b-1e8095053193
08-25 23:01:44 com_github_MitjaNemec_ReplicateLayout.replicate_layout 991:Dst text UUid:61c4cfb9-68f5-432b-8e78-643784082b48
08-25 23:01:44 com_github_MitjaNemec_ReplicateLayout.replicate_layout 888:Replicating footprint: 'R3'
08-25 23:01:44 com_github_MitjaNemec_ReplicateLayout.replicate_layout 835:Src fp.id: 'E3A00D99-EE45-46E5-9182-7CB5902749B3'
08-25 23:01:44 com_github_MitjaNemec_ReplicateLayout.replicate_layout 839:Dst fp.id: 'E3A00D99-EE45-46E5-9182-7CB5902749B3'
08-25 23:01:44 com_github_MitjaNemec_ReplicateLayout.replicate_layout 895:found match in dst footprint: 'R36'
08-25 23:01:44 com_github_MitjaNemec_ReplicateLayout.replicate_layout 990:Src text UUid:c8d8973c-40f0-40f8-bca0-85a2f7563a32
08-25 23:01:44 com_github_MitjaNemec_ReplicateLayout.replicate_layout 991:Dst text UUid:235fbe9d-bd6f-4f32-bd70-1bbd5022d406
08-25 23:01:44 com_github_MitjaNemec_ReplicateLayout.replicate_layout 990:Src text UUid:fa873b22-e32d-469d-a726-853e5be2a24e
08-25 23:01:44 com_github_MitjaNemec_ReplicateLayout.replicate_layout 991:Dst text UUid:9ac44a3d-34fb-4741-aaef-5734c367d9db
08-25 23:01:44 com_github_MitjaNemec_ReplicateLayout.replicate_layout 990:Src text UUid:aa74c71c-e0cc-4bdd-9d44-47fee14196bb
08-25 23:01:44 com_github_MitjaNemec_ReplicateLayout.replicate_layout 991:Dst text UUid:cdd35cd4-7523-426c-b5c7-c319df3f767a
08-25 23:01:44 com_github_MitjaNemec_ReplicateLayout.replicate_layout 870:Replicating footprints on sheet ['/SensorModule36/']
08-25 23:01:44 com_github_MitjaNemec_ReplicateLayout.replicate_layout 835:Src fp.id: 'D3B029CA-A78A-4AD0-B065-5E40F898A58E'
08-25 23:01:44 com_github_MitjaNemec_ReplicateLayout.replicate_layout 839:Dst fp.id: 'D3B029CA-A78A-4AD0-B065-5E40F898A58E'
08-25 23:01:44 com_github_MitjaNemec_ReplicateLayout.replicate_layout 888:Replicating footprint: 'TP3'
08-25 23:01:44 com_github_MitjaNemec_ReplicateLayout.replicate_layout 835:Src fp.id: 'DC4441AA-6AE7-41D3-B704-9B167A21E89A'
08-25 23:01:44 com_github_MitjaNemec_ReplicateLayout.replicate_layout 839:Dst fp.id: 'DC4441AA-6AE7-41D3-B704-9B167A21E89A'
08-25 23:01:44 com_github_MitjaNemec_ReplicateLayout.replicate_layout 895:found match in dst footprint: 'TP37'
08-25 23:01:44 com_github_MitjaNemec_ReplicateLayout.replicate_layout 990:Src text UUid:084cf6f4-13f1-4979-a7dd-38f91f964ca4
08-25 23:01:44 com_github_MitjaNemec_ReplicateLayout.replicate_layout 991:Dst text UUid:1478ace0-bb84-4b23-a555-87836ec35c6a
08-25 23:01:44 com_github_MitjaNemec_ReplicateLayout.replicate_layout 990:Src text UUid:fed86236-d6ae-4332-954a-f8f2489cea47
08-25 23:01:44 com_github_MitjaNemec_ReplicateLayout.replicate_layout 991:Dst text UUid:64f7b8bb-da5d-45ca-a751-de70b4f8b708
08-25 23:01:44 com_github_MitjaNemec_ReplicateLayout.replicate_layout 990:Src text UUid:14138a6e-1c8e-436b-8f4e-fb21de4d93f5
08-25 23:01:44 com_github_MitjaNemec_ReplicateLayout.replicate_layout 991:Dst text UUid:9ceb6d09-1198-413a-8d90-b9ede5ed2bf4
08-25 23:01:44 com_github_MitjaNemec_ReplicateLayout.replicate_layout 888:Replicating footprint: 'Q6'
08-25 23:01:44 com_github_MitjaNemec_ReplicateLayout.replicate_layout 835:Src fp.id: '8D847CB5-E00B-428D-BD6B-968281E3857C'
08-25 23:01:44 com_github_MitjaNemec_ReplicateLayout.replicate_layout 839:Dst fp.id: '8D847CB5-E00B-428D-BD6B-968281E3857C'
08-25 23:01:44 com_github_MitjaNemec_ReplicateLayout.replicate_layout 895:found match in dst footprint: 'Q74'
08-25 23:01:44 com_github_MitjaNemec_ReplicateLayout.replicate_layout 990:Src text UUid:f4b0c936-80e7-4521-b75e-fd2ff620a41e
08-25 23:01:44 com_github_MitjaNemec_ReplicateLayout.replicate_layout 991:Dst text UUid:27f123ff-d22c-4436-8331-b7389975c15f
08-25 23:01:44 com_github_MitjaNemec_ReplicateLayout.replicate_layout 990:Src text UUid:ca1deeec-565b-44f5-ba76-6767fb50c702
08-25 23:01:44 com_github_MitjaNemec_ReplicateLayout.replicate_layout 991:Dst text UUid:be31e0a4-3c51-4e4b-8ad6-79ef414fa51b
08-25 23:01:44 com_github_MitjaNemec_ReplicateLayout.replicate_layout 990:Src text UUid:df664c19-7990-4850-ab00-790be9f327cf
08-25 23:01:44 com_github_MitjaNemec_ReplicateLayout.replicate_layout 991:Dst text UUid:f6e88dd6-51b8-4809-a283-8efb66127f9d
08-25 23:01:44 com_github_MitjaNemec_ReplicateLayout.replicate_layout 888:Replicating footprint: 'Q5'
08-25 23:01:44 com_github_MitjaNemec_ReplicateLayout.replicate_layout 835:Src fp.id: 'D3B029CA-A78A-4AD0-B065-5E40F898A58E'
08-25 23:01:44 com_github_MitjaNemec_ReplicateLayout.replicate_layout 839:Dst fp.id: 'D3B029CA-A78A-4AD0-B065-5E40F898A58E'
08-25 23:01:44 com_github_MitjaNemec_ReplicateLayout.replicate_layout 895:found match in dst footprint: 'Q73'
08-25 23:01:44 com_github_MitjaNemec_ReplicateLayout.replicate_layout 990:Src text UUid:f7a5dac9-b2cb-4eea-9ca3-6ea7d19a2d45
08-25 23:01:44 com_github_MitjaNemec_ReplicateLayout.replicate_layout 991:Dst text UUid:5c3ff885-b20d-4162-9e43-7b2f0252cd69
08-25 23:01:44 com_github_MitjaNemec_ReplicateLayout.replicate_layout 990:Src text UUid:48debcb2-2912-4536-b052-0d85ca611cdc
08-25 23:01:44 com_github_MitjaNemec_ReplicateLayout.replicate_layout 991:Dst text UUid:6e71fc7d-94f1-4dfa-b4a3-9b22bd8e665a
08-25 23:01:44 com_github_MitjaNemec_ReplicateLayout.replicate_layout 990:Src text UUid:a913f8d2-1603-416c-a1a9-301575d45bab
08-25 23:01:44 com_github_MitjaNemec_ReplicateLayout.replicate_layout 991:Dst text UUid:9c59a265-9791-48b6-a9e1-68e10d8a26bd
08-25 23:01:44 com_github_MitjaNemec_ReplicateLayout.replicate_layout 888:Replicating footprint: 'C3'
08-25 23:01:44 com_github_MitjaNemec_ReplicateLayout.replicate_layout 835:Src fp.id: '48CE2A11-6FA1-4816-8BEE-2E82038543FF'
08-25 23:01:44 com_github_MitjaNemec_ReplicateLayout.replicate_layout 839:Dst fp.id: '48CE2A11-6FA1-4816-8BEE-2E82038543FF'
08-25 23:01:44 com_github_MitjaNemec_ReplicateLayout.replicate_layout 895:found match in dst footprint: 'C37'
08-25 23:01:44 com_github_MitjaNemec_ReplicateLayout.replicate_layout 990:Src text UUid:6c1243e2-8b92-4081-a9cf-ac1017aacc39
08-25 23:01:44 com_github_MitjaNemec_ReplicateLayout.replicate_layout 991:Dst text UUid:5946beea-b183-49b1-9b29-c9ef1de46092
08-25 23:01:44 com_github_MitjaNemec_ReplicateLayout.replicate_layout 990:Src text UUid:d3915164-4687-4b37-b9ec-416e9e66b755
08-25 23:01:44 com_github_MitjaNemec_ReplicateLayout.replicate_layout 991:Dst text UUid:6593cb12-fdfe-483f-bbfa-444d27b912c3
08-25 23:01:44 com_github_MitjaNemec_ReplicateLayout.replicate_layout 990:Src text UUid:b582355e-a4d6-4f4b-9e7b-1e8095053193
08-25 23:01:44 com_github_MitjaNemec_ReplicateLayout.replicate_layout 991:Dst text UUid:814872f8-e4ce-439c-a1ca-7d44ab12d13f
08-25 23:01:44 com_github_MitjaNemec_ReplicateLayout.replicate_layout 888:Replicating footprint: 'R3'
08-25 23:01:44 com_github_MitjaNemec_ReplicateLayout.replicate_layout 835:Src fp.id: 'E3A00D99-EE45-46E5-9182-7CB5902749B3'
08-25 23:01:44 com_github_MitjaNemec_ReplicateLayout.replicate_layout 839:Dst fp.id: 'E3A00D99-EE45-46E5-9182-7CB5902749B3'
08-25 23:01:44 com_github_MitjaNemec_ReplicateLayout.replicate_layout 895:found match in dst footprint: 'R37'
08-25 23:01:44 com_github_MitjaNemec_ReplicateLayout.replicate_layout 990:Src text UUid:c8d8973c-40f0-40f8-bca0-85a2f7563a32
08-25 23:01:44 com_github_MitjaNemec_ReplicateLayout.replicate_layout 991:Dst text UUid:58af3c8b-e423-4acf-857f-f5759af42dbc
08-25 23:01:44 com_github_MitjaNemec_ReplicateLayout.replicate_layout 990:Src text UUid:fa873b22-e32d-469d-a726-853e5be2a24e
08-25 23:01:44 com_github_MitjaNemec_ReplicateLayout.replicate_layout 991:Dst text UUid:8b896c93-83ff-4817-ab5e-a30cb8823e7f
08-25 23:01:44 com_github_MitjaNemec_ReplicateLayout.replicate_layout 990:Src text UUid:aa74c71c-e0cc-4bdd-9d44-47fee14196bb
08-25 23:01:44 com_github_MitjaNemec_ReplicateLayout.replicate_layout 991:Dst text UUid:65268541-908c-4dd1-a685-799d45ea52ad
08-25 23:01:44 root 345:updating GUI with: 83
08-25 23:01:44 com_github_MitjaNemec_ReplicateLayout.replicate_layout 870:Replicating footprints on sheet ['/SensorModule4/']
08-25 23:01:44 com_github_MitjaNemec_ReplicateLayout.replicate_layout 835:Src fp.id: 'D3B029CA-A78A-4AD0-B065-5E40F898A58E'
08-25 23:01:44 com_github_MitjaNemec_ReplicateLayout.replicate_layout 839:Dst fp.id: 'D3B029CA-A78A-4AD0-B065-5E40F898A58E'
08-25 23:01:44 com_github_MitjaNemec_ReplicateLayout.replicate_layout 888:Replicating footprint: 'TP3'
08-25 23:01:44 com_github_MitjaNemec_ReplicateLayout.replicate_layout 835:Src fp.id: 'DC4441AA-6AE7-41D3-B704-9B167A21E89A'
08-25 23:01:44 com_github_MitjaNemec_ReplicateLayout.replicate_layout 839:Dst fp.id: 'DC4441AA-6AE7-41D3-B704-9B167A21E89A'
08-25 23:01:44 com_github_MitjaNemec_ReplicateLayout.replicate_layout 895:found match in dst footprint: 'TP5'
08-25 23:01:44 com_github_MitjaNemec_ReplicateLayout.replicate_layout 990:Src text UUid:084cf6f4-13f1-4979-a7dd-38f91f964ca4
08-25 23:01:44 com_github_MitjaNemec_ReplicateLayout.replicate_layout 991:Dst text UUid:4e949b7d-b8da-4851-b6b8-a21bc17fe5fd
08-25 23:01:44 com_github_MitjaNemec_ReplicateLayout.replicate_layout 990:Src text UUid:fed86236-d6ae-4332-954a-f8f2489cea47
08-25 23:01:44 com_github_MitjaNemec_ReplicateLayout.replicate_layout 991:Dst text UUid:a40ef4d8-49db-412a-8c0a-429c097a93cf
08-25 23:01:44 com_github_MitjaNemec_ReplicateLayout.replicate_layout 990:Src text UUid:14138a6e-1c8e-436b-8f4e-fb21de4d93f5
08-25 23:01:44 com_github_MitjaNemec_ReplicateLayout.replicate_layout 991:Dst text UUid:99e4f38a-e25b-400d-8f53-46ce1c574aaf
08-25 23:01:44 com_github_MitjaNemec_ReplicateLayout.replicate_layout 888:Replicating footprint: 'Q6'
08-25 23:01:44 com_github_MitjaNemec_ReplicateLayout.replicate_layout 835:Src fp.id: '8D847CB5-E00B-428D-BD6B-968281E3857C'
08-25 23:01:44 com_github_MitjaNemec_ReplicateLayout.replicate_layout 839:Dst fp.id: '8D847CB5-E00B-428D-BD6B-968281E3857C'
08-25 23:01:44 com_github_MitjaNemec_ReplicateLayout.replicate_layout 895:found match in dst footprint: 'Q10'
08-25 23:01:44 com_github_MitjaNemec_ReplicateLayout.replicate_layout 990:Src text UUid:f4b0c936-80e7-4521-b75e-fd2ff620a41e
08-25 23:01:44 com_github_MitjaNemec_ReplicateLayout.replicate_layout 991:Dst text UUid:5b03eeb0-b797-4f94-8d77-de524a0fb782
08-25 23:01:44 com_github_MitjaNemec_ReplicateLayout.replicate_layout 990:Src text UUid:ca1deeec-565b-44f5-ba76-6767fb50c702
08-25 23:01:44 com_github_MitjaNemec_ReplicateLayout.replicate_layout 991:Dst text UUid:817309f1-da68-4fd8-a692-8abff62fbd38
08-25 23:01:44 com_github_MitjaNemec_ReplicateLayout.replicate_layout 990:Src text UUid:df664c19-7990-4850-ab00-790be9f327cf
08-25 23:01:44 com_github_MitjaNemec_ReplicateLayout.replicate_layout 991:Dst text UUid:4e663346-a01f-4ab3-b105-1010eef1fe42
08-25 23:01:44 com_github_MitjaNemec_ReplicateLayout.replicate_layout 888:Replicating footprint: 'Q5'
08-25 23:01:44 com_github_MitjaNemec_ReplicateLayout.replicate_layout 835:Src fp.id: 'D3B029CA-A78A-4AD0-B065-5E40F898A58E'
08-25 23:01:44 com_github_MitjaNemec_ReplicateLayout.replicate_layout 839:Dst fp.id: 'D3B029CA-A78A-4AD0-B065-5E40F898A58E'
08-25 23:01:44 com_github_MitjaNemec_ReplicateLayout.replicate_layout 895:found match in dst footprint: 'Q9'
08-25 23:01:44 com_github_MitjaNemec_ReplicateLayout.replicate_layout 990:Src text UUid:f7a5dac9-b2cb-4eea-9ca3-6ea7d19a2d45
08-25 23:01:44 com_github_MitjaNemec_ReplicateLayout.replicate_layout 991:Dst text UUid:9da5b24f-2343-4f2f-bd82-0d661c0022b6
08-25 23:01:44 com_github_MitjaNemec_ReplicateLayout.replicate_layout 990:Src text UUid:48debcb2-2912-4536-b052-0d85ca611cdc
08-25 23:01:44 com_github_MitjaNemec_ReplicateLayout.replicate_layout 991:Dst text UUid:b629b9dd-b982-4308-bd53-2115d8fd71a6
08-25 23:01:44 com_github_MitjaNemec_ReplicateLayout.replicate_layout 990:Src text UUid:a913f8d2-1603-416c-a1a9-301575d45bab
08-25 23:01:44 com_github_MitjaNemec_ReplicateLayout.replicate_layout 991:Dst text UUid:bbaaf4b4-3a8b-47a2-b20c-84d0960718d7
08-25 23:01:44 com_github_MitjaNemec_ReplicateLayout.replicate_layout 888:Replicating footprint: 'C3'
08-25 23:01:44 com_github_MitjaNemec_ReplicateLayout.replicate_layout 835:Src fp.id: '48CE2A11-6FA1-4816-8BEE-2E82038543FF'
08-25 23:01:44 com_github_MitjaNemec_ReplicateLayout.replicate_layout 839:Dst fp.id: '48CE2A11-6FA1-4816-8BEE-2E82038543FF'
08-25 23:01:44 com_github_MitjaNemec_ReplicateLayout.replicate_layout 895:found match in dst footprint: 'C5'
08-25 23:01:44 com_github_MitjaNemec_ReplicateLayout.replicate_layout 990:Src text UUid:6c1243e2-8b92-4081-a9cf-ac1017aacc39
08-25 23:01:44 com_github_MitjaNemec_ReplicateLayout.replicate_layout 991:Dst text UUid:5cdc5b17-c5ea-4878-93b7-ca112190eb21
08-25 23:01:44 com_github_MitjaNemec_ReplicateLayout.replicate_layout 990:Src text UUid:d3915164-4687-4b37-b9ec-416e9e66b755
08-25 23:01:44 com_github_MitjaNemec_ReplicateLayout.replicate_layout 991:Dst text UUid:192c4227-4033-4056-a100-0a94384f8e37
08-25 23:01:44 com_github_MitjaNemec_ReplicateLayout.replicate_layout 990:Src text UUid:b582355e-a4d6-4f4b-9e7b-1e8095053193
08-25 23:01:44 com_github_MitjaNemec_ReplicateLayout.replicate_layout 991:Dst text UUid:69983928-2bac-48bb-aa96-f3e5b4f7ea31
08-25 23:01:44 com_github_MitjaNemec_ReplicateLayout.replicate_layout 888:Replicating footprint: 'R3'
08-25 23:01:44 com_github_MitjaNemec_ReplicateLayout.replicate_layout 835:Src fp.id: 'E3A00D99-EE45-46E5-9182-7CB5902749B3'
08-25 23:01:44 com_github_MitjaNemec_ReplicateLayout.replicate_layout 839:Dst fp.id: 'E3A00D99-EE45-46E5-9182-7CB5902749B3'
08-25 23:01:44 com_github_MitjaNemec_ReplicateLayout.replicate_layout 895:found match in dst footprint: 'R5'
08-25 23:01:44 com_github_MitjaNemec_ReplicateLayout.replicate_layout 990:Src text UUid:c8d8973c-40f0-40f8-bca0-85a2f7563a32
08-25 23:01:44 com_github_MitjaNemec_ReplicateLayout.replicate_layout 991:Dst text UUid:7e0f2ea3-c683-4b1f-a3a5-cba5d7c01bad
08-25 23:01:44 com_github_MitjaNemec_ReplicateLayout.replicate_layout 990:Src text UUid:fa873b22-e32d-469d-a726-853e5be2a24e
08-25 23:01:44 com_github_MitjaNemec_ReplicateLayout.replicate_layout 991:Dst text UUid:6cb9f75a-3a83-4d8e-8c2f-52957c0fd241
08-25 23:01:44 com_github_MitjaNemec_ReplicateLayout.replicate_layout 990:Src text UUid:aa74c71c-e0cc-4bdd-9d44-47fee14196bb
08-25 23:01:44 com_github_MitjaNemec_ReplicateLayout.replicate_layout 991:Dst text UUid:3dab673e-974b-4189-8f28-bc490945be66
08-25 23:01:44 com_github_MitjaNemec_ReplicateLayout.replicate_layout 870:Replicating footprints on sheet ['/SensorModule5/']
08-25 23:01:44 com_github_MitjaNemec_ReplicateLayout.replicate_layout 835:Src fp.id: 'D3B029CA-A78A-4AD0-B065-5E40F898A58E'
08-25 23:01:44 com_github_MitjaNemec_ReplicateLayout.replicate_layout 839:Dst fp.id: 'D3B029CA-A78A-4AD0-B065-5E40F898A58E'
08-25 23:01:44 com_github_MitjaNemec_ReplicateLayout.replicate_layout 888:Replicating footprint: 'TP3'
08-25 23:01:44 com_github_MitjaNemec_ReplicateLayout.replicate_layout 835:Src fp.id: 'DC4441AA-6AE7-41D3-B704-9B167A21E89A'
08-25 23:01:44 com_github_MitjaNemec_ReplicateLayout.replicate_layout 839:Dst fp.id: 'DC4441AA-6AE7-41D3-B704-9B167A21E89A'
08-25 23:01:44 com_github_MitjaNemec_ReplicateLayout.replicate_layout 895:found match in dst footprint: 'TP6'
08-25 23:01:44 com_github_MitjaNemec_ReplicateLayout.replicate_layout 990:Src text UUid:084cf6f4-13f1-4979-a7dd-38f91f964ca4
08-25 23:01:44 com_github_MitjaNemec_ReplicateLayout.replicate_layout 991:Dst text UUid:4ff4c13e-98c0-4c37-953c-b638e92e88a2
08-25 23:01:44 com_github_MitjaNemec_ReplicateLayout.replicate_layout 990:Src text UUid:fed86236-d6ae-4332-954a-f8f2489cea47
08-25 23:01:44 com_github_MitjaNemec_ReplicateLayout.replicate_layout 991:Dst text UUid:1d2865dd-60c4-470d-95ea-880fd64ca9af
08-25 23:01:44 com_github_MitjaNemec_ReplicateLayout.replicate_layout 990:Src text UUid:14138a6e-1c8e-436b-8f4e-fb21de4d93f5
08-25 23:01:44 com_github_MitjaNemec_ReplicateLayout.replicate_layout 991:Dst text UUid:389b86df-7912-49b9-bd21-0e4234f4a26f
08-25 23:01:44 com_github_MitjaNemec_ReplicateLayout.replicate_layout 888:Replicating footprint: 'Q6'
08-25 23:01:44 com_github_MitjaNemec_ReplicateLayout.replicate_layout 835:Src fp.id: '8D847CB5-E00B-428D-BD6B-968281E3857C'
08-25 23:01:44 com_github_MitjaNemec_ReplicateLayout.replicate_layout 839:Dst fp.id: '8D847CB5-E00B-428D-BD6B-968281E3857C'
08-25 23:01:44 com_github_MitjaNemec_ReplicateLayout.replicate_layout 895:found match in dst footprint: 'Q12'
08-25 23:01:44 com_github_MitjaNemec_ReplicateLayout.replicate_layout 990:Src text UUid:f4b0c936-80e7-4521-b75e-fd2ff620a41e
08-25 23:01:44 com_github_MitjaNemec_ReplicateLayout.replicate_layout 991:Dst text UUid:8b7f8d33-68bd-4211-9ff7-7e1c1b3ab2bd
08-25 23:01:44 com_github_MitjaNemec_ReplicateLayout.replicate_layout 990:Src text UUid:ca1deeec-565b-44f5-ba76-6767fb50c702
08-25 23:01:44 com_github_MitjaNemec_ReplicateLayout.replicate_layout 991:Dst text UUid:085033c2-b96c-4d81-b560-1711e1b84ea2
08-25 23:01:44 com_github_MitjaNemec_ReplicateLayout.replicate_layout 990:Src text UUid:df664c19-7990-4850-ab00-790be9f327cf
08-25 23:01:44 com_github_MitjaNemec_ReplicateLayout.replicate_layout 991:Dst text UUid:49f7331d-4a93-4bae-aac5-3e6c2f0abc61
08-25 23:01:44 com_github_MitjaNemec_ReplicateLayout.replicate_layout 888:Replicating footprint: 'Q5'
08-25 23:01:44 com_github_MitjaNemec_ReplicateLayout.replicate_layout 835:Src fp.id: 'D3B029CA-A78A-4AD0-B065-5E40F898A58E'
08-25 23:01:44 com_github_MitjaNemec_ReplicateLayout.replicate_layout 839:Dst fp.id: 'D3B029CA-A78A-4AD0-B065-5E40F898A58E'
08-25 23:01:44 com_github_MitjaNemec_ReplicateLayout.replicate_layout 895:found match in dst footprint: 'Q11'
08-25 23:01:44 com_github_MitjaNemec_ReplicateLayout.replicate_layout 990:Src text UUid:f7a5dac9-b2cb-4eea-9ca3-6ea7d19a2d45
08-25 23:01:44 com_github_MitjaNemec_ReplicateLayout.replicate_layout 991:Dst text UUid:32bbfc6b-daf4-41ac-baf6-92fe6f5e7b7b
08-25 23:01:44 com_github_MitjaNemec_ReplicateLayout.replicate_layout 990:Src text UUid:48debcb2-2912-4536-b052-0d85ca611cdc
08-25 23:01:44 com_github_MitjaNemec_ReplicateLayout.replicate_layout 991:Dst text UUid:9abd4a30-3d25-4a5b-a7e4-e3d28cf30d50
08-25 23:01:44 com_github_MitjaNemec_ReplicateLayout.replicate_layout 990:Src text UUid:a913f8d2-1603-416c-a1a9-301575d45bab
08-25 23:01:44 com_github_MitjaNemec_ReplicateLayout.replicate_layout 991:Dst text UUid:fd6f9887-43fb-42c4-9676-67ba3605b51c
08-25 23:01:44 com_github_MitjaNemec_ReplicateLayout.replicate_layout 888:Replicating footprint: 'C3'
08-25 23:01:44 com_github_MitjaNemec_ReplicateLayout.replicate_layout 835:Src fp.id: '48CE2A11-6FA1-4816-8BEE-2E82038543FF'
08-25 23:01:44 com_github_MitjaNemec_ReplicateLayout.replicate_layout 839:Dst fp.id: '48CE2A11-6FA1-4816-8BEE-2E82038543FF'
08-25 23:01:44 com_github_MitjaNemec_ReplicateLayout.replicate_layout 895:found match in dst footprint: 'C6'
08-25 23:01:44 com_github_MitjaNemec_ReplicateLayout.replicate_layout 990:Src text UUid:6c1243e2-8b92-4081-a9cf-ac1017aacc39
08-25 23:01:44 com_github_MitjaNemec_ReplicateLayout.replicate_layout 991:Dst text UUid:1373a300-020a-4638-b94b-659e824f0442
08-25 23:01:44 com_github_MitjaNemec_ReplicateLayout.replicate_layout 990:Src text UUid:d3915164-4687-4b37-b9ec-416e9e66b755
08-25 23:01:44 com_github_MitjaNemec_ReplicateLayout.replicate_layout 991:Dst text UUid:1ff1a408-1943-4b6d-886d-0a79ed9763f1
08-25 23:01:44 com_github_MitjaNemec_ReplicateLayout.replicate_layout 990:Src text UUid:b582355e-a4d6-4f4b-9e7b-1e8095053193
08-25 23:01:44 com_github_MitjaNemec_ReplicateLayout.replicate_layout 991:Dst text UUid:bef21552-cf54-42ad-a435-83b0b8a76025
08-25 23:01:44 com_github_MitjaNemec_ReplicateLayout.replicate_layout 888:Replicating footprint: 'R3'
08-25 23:01:44 com_github_MitjaNemec_ReplicateLayout.replicate_layout 835:Src fp.id: 'E3A00D99-EE45-46E5-9182-7CB5902749B3'
08-25 23:01:44 com_github_MitjaNemec_ReplicateLayout.replicate_layout 839:Dst fp.id: 'E3A00D99-EE45-46E5-9182-7CB5902749B3'
08-25 23:01:44 com_github_MitjaNemec_ReplicateLayout.replicate_layout 895:found match in dst footprint: 'R6'
08-25 23:01:44 com_github_MitjaNemec_ReplicateLayout.replicate_layout 990:Src text UUid:c8d8973c-40f0-40f8-bca0-85a2f7563a32
08-25 23:01:44 com_github_MitjaNemec_ReplicateLayout.replicate_layout 991:Dst text UUid:34cb53b9-97c3-4539-872f-685efd95d88f
08-25 23:01:44 com_github_MitjaNemec_ReplicateLayout.replicate_layout 990:Src text UUid:fa873b22-e32d-469d-a726-853e5be2a24e
08-25 23:01:44 com_github_MitjaNemec_ReplicateLayout.replicate_layout 991:Dst text UUid:349221da-ed03-4e4f-9d70-de2401919e99
08-25 23:01:44 com_github_MitjaNemec_ReplicateLayout.replicate_layout 990:Src text UUid:aa74c71c-e0cc-4bdd-9d44-47fee14196bb
08-25 23:01:44 com_github_MitjaNemec_ReplicateLayout.replicate_layout 991:Dst text UUid:e6026823-0452-452f-be6d-a5f78c689916
08-25 23:01:44 com_github_MitjaNemec_ReplicateLayout.replicate_layout 870:Replicating footprints on sheet ['/SensorModule6/']
08-25 23:01:44 com_github_MitjaNemec_ReplicateLayout.replicate_layout 835:Src fp.id: 'D3B029CA-A78A-4AD0-B065-5E40F898A58E'
08-25 23:01:44 com_github_MitjaNemec_ReplicateLayout.replicate_layout 839:Dst fp.id: 'D3B029CA-A78A-4AD0-B065-5E40F898A58E'
08-25 23:01:44 com_github_MitjaNemec_ReplicateLayout.replicate_layout 888:Replicating footprint: 'TP3'
08-25 23:01:44 com_github_MitjaNemec_ReplicateLayout.replicate_layout 835:Src fp.id: 'DC4441AA-6AE7-41D3-B704-9B167A21E89A'
08-25 23:01:44 com_github_MitjaNemec_ReplicateLayout.replicate_layout 839:Dst fp.id: 'DC4441AA-6AE7-41D3-B704-9B167A21E89A'
08-25 23:01:44 com_github_MitjaNemec_ReplicateLayout.replicate_layout 895:found match in dst footprint: 'TP7'
08-25 23:01:44 com_github_MitjaNemec_ReplicateLayout.replicate_layout 990:Src text UUid:084cf6f4-13f1-4979-a7dd-38f91f964ca4
08-25 23:01:44 com_github_MitjaNemec_ReplicateLayout.replicate_layout 991:Dst text UUid:e542a18c-69ea-484d-8d83-d567c2951055
08-25 23:01:44 com_github_MitjaNemec_ReplicateLayout.replicate_layout 990:Src text UUid:fed86236-d6ae-4332-954a-f8f2489cea47
08-25 23:01:44 com_github_MitjaNemec_ReplicateLayout.replicate_layout 991:Dst text UUid:ed3748eb-ff41-441d-a269-126de47e6c6e
08-25 23:01:44 com_github_MitjaNemec_ReplicateLayout.replicate_layout 990:Src text UUid:14138a6e-1c8e-436b-8f4e-fb21de4d93f5
08-25 23:01:44 com_github_MitjaNemec_ReplicateLayout.replicate_layout 991:Dst text UUid:b825d02f-c2de-4f78-ba1d-4b695ace5d5d
08-25 23:01:44 com_github_MitjaNemec_ReplicateLayout.replicate_layout 888:Replicating footprint: 'Q6'
08-25 23:01:44 com_github_MitjaNemec_ReplicateLayout.replicate_layout 835:Src fp.id: '8D847CB5-E00B-428D-BD6B-968281E3857C'
08-25 23:01:44 com_github_MitjaNemec_ReplicateLayout.replicate_layout 839:Dst fp.id: '8D847CB5-E00B-428D-BD6B-968281E3857C'
08-25 23:01:44 com_github_MitjaNemec_ReplicateLayout.replicate_layout 895:found match in dst footprint: 'Q14'
08-25 23:01:44 com_github_MitjaNemec_ReplicateLayout.replicate_layout 990:Src text UUid:f4b0c936-80e7-4521-b75e-fd2ff620a41e
08-25 23:01:44 com_github_MitjaNemec_ReplicateLayout.replicate_layout 991:Dst text UUid:34aa21cd-f475-42e2-80d3-343a8d485d79
08-25 23:01:44 com_github_MitjaNemec_ReplicateLayout.replicate_layout 990:Src text UUid:ca1deeec-565b-44f5-ba76-6767fb50c702
08-25 23:01:44 com_github_MitjaNemec_ReplicateLayout.replicate_layout 991:Dst text UUid:aef3d26a-d386-438a-bbc0-575c1bd7aae8
08-25 23:01:44 com_github_MitjaNemec_ReplicateLayout.replicate_layout 990:Src text UUid:df664c19-7990-4850-ab00-790be9f327cf
08-25 23:01:44 com_github_MitjaNemec_ReplicateLayout.replicate_layout 991:Dst text UUid:e117fcd8-155f-4d5d-8a46-5ed1a21c6b74
08-25 23:01:44 com_github_MitjaNemec_ReplicateLayout.replicate_layout 888:Replicating footprint: 'Q5'
08-25 23:01:44 root 345:updating GUI with: 90
08-25 23:01:44 com_github_MitjaNemec_ReplicateLayout.replicate_layout 835:Src fp.id: 'D3B029CA-A78A-4AD0-B065-5E40F898A58E'
08-25 23:01:44 com_github_MitjaNemec_ReplicateLayout.replicate_layout 839:Dst fp.id: 'D3B029CA-A78A-4AD0-B065-5E40F898A58E'
08-25 23:01:44 com_github_MitjaNemec_ReplicateLayout.replicate_layout 895:found match in dst footprint: 'Q13'
08-25 23:01:44 com_github_MitjaNemec_ReplicateLayout.replicate_layout 990:Src text UUid:f7a5dac9-b2cb-4eea-9ca3-6ea7d19a2d45
08-25 23:01:44 com_github_MitjaNemec_ReplicateLayout.replicate_layout 991:Dst text UUid:ccf4b963-1d51-42f7-8566-f292cbb58653
08-25 23:01:44 com_github_MitjaNemec_ReplicateLayout.replicate_layout 990:Src text UUid:48debcb2-2912-4536-b052-0d85ca611cdc
08-25 23:01:44 com_github_MitjaNemec_ReplicateLayout.replicate_layout 991:Dst text UUid:76396279-1a54-48e9-9e50-2a6a37088f63
08-25 23:01:44 com_github_MitjaNemec_ReplicateLayout.replicate_layout 990:Src text UUid:a913f8d2-1603-416c-a1a9-301575d45bab
08-25 23:01:44 com_github_MitjaNemec_ReplicateLayout.replicate_layout 991:Dst text UUid:d0403655-0eb6-49bc-8a4b-88987df8504a
08-25 23:01:44 com_github_MitjaNemec_ReplicateLayout.replicate_layout 888:Replicating footprint: 'C3'
08-25 23:01:44 com_github_MitjaNemec_ReplicateLayout.replicate_layout 835:Src fp.id: '48CE2A11-6FA1-4816-8BEE-2E82038543FF'
08-25 23:01:44 com_github_MitjaNemec_ReplicateLayout.replicate_layout 839:Dst fp.id: '48CE2A11-6FA1-4816-8BEE-2E82038543FF'
08-25 23:01:44 com_github_MitjaNemec_ReplicateLayout.replicate_layout 895:found match in dst footprint: 'C7'
08-25 23:01:44 com_github_MitjaNemec_ReplicateLayout.replicate_layout 990:Src text UUid:6c1243e2-8b92-4081-a9cf-ac1017aacc39
08-25 23:01:44 com_github_MitjaNemec_ReplicateLayout.replicate_layout 991:Dst text UUid:ba8564ca-109d-41d1-8de3-3f04618f7ab6
08-25 23:01:44 com_github_MitjaNemec_ReplicateLayout.replicate_layout 990:Src text UUid:d3915164-4687-4b37-b9ec-416e9e66b755
08-25 23:01:44 com_github_MitjaNemec_ReplicateLayout.replicate_layout 991:Dst text UUid:a21e16dc-6748-4d79-ab2a-923855833659
08-25 23:01:44 com_github_MitjaNemec_ReplicateLayout.replicate_layout 990:Src text UUid:b582355e-a4d6-4f4b-9e7b-1e8095053193
08-25 23:01:44 com_github_MitjaNemec_ReplicateLayout.replicate_layout 991:Dst text UUid:94d86adb-ef84-4288-9487-2ae3cab8a34d
08-25 23:01:44 com_github_MitjaNemec_ReplicateLayout.replicate_layout 888:Replicating footprint: 'R3'
08-25 23:01:44 com_github_MitjaNemec_ReplicateLayout.replicate_layout 835:Src fp.id: 'E3A00D99-EE45-46E5-9182-7CB5902749B3'
08-25 23:01:44 com_github_MitjaNemec_ReplicateLayout.replicate_layout 839:Dst fp.id: 'E3A00D99-EE45-46E5-9182-7CB5902749B3'
08-25 23:01:44 com_github_MitjaNemec_ReplicateLayout.replicate_layout 895:found match in dst footprint: 'R7'
08-25 23:01:44 com_github_MitjaNemec_ReplicateLayout.replicate_layout 990:Src text UUid:c8d8973c-40f0-40f8-bca0-85a2f7563a32
08-25 23:01:44 com_github_MitjaNemec_ReplicateLayout.replicate_layout 991:Dst text UUid:b95dc6f1-2fd7-4cd8-bf95-44fc71f0f590
08-25 23:01:44 com_github_MitjaNemec_ReplicateLayout.replicate_layout 990:Src text UUid:fa873b22-e32d-469d-a726-853e5be2a24e
08-25 23:01:44 com_github_MitjaNemec_ReplicateLayout.replicate_layout 991:Dst text UUid:cee6cad3-48b5-453f-8d88-f2314a1f7a20
08-25 23:01:44 com_github_MitjaNemec_ReplicateLayout.replicate_layout 990:Src text UUid:aa74c71c-e0cc-4bdd-9d44-47fee14196bb
08-25 23:01:44 com_github_MitjaNemec_ReplicateLayout.replicate_layout 991:Dst text UUid:e8d610ad-86bd-44db-8bd8-17a9daec3c0a
08-25 23:01:44 com_github_MitjaNemec_ReplicateLayout.replicate_layout 870:Replicating footprints on sheet ['/SensorModule7/']
08-25 23:01:44 com_github_MitjaNemec_ReplicateLayout.replicate_layout 835:Src fp.id: 'D3B029CA-A78A-4AD0-B065-5E40F898A58E'
08-25 23:01:44 com_github_MitjaNemec_ReplicateLayout.replicate_layout 839:Dst fp.id: 'D3B029CA-A78A-4AD0-B065-5E40F898A58E'
08-25 23:01:44 com_github_MitjaNemec_ReplicateLayout.replicate_layout 888:Replicating footprint: 'TP3'
08-25 23:01:44 com_github_MitjaNemec_ReplicateLayout.replicate_layout 835:Src fp.id: 'DC4441AA-6AE7-41D3-B704-9B167A21E89A'
08-25 23:01:44 com_github_MitjaNemec_ReplicateLayout.replicate_layout 839:Dst fp.id: 'DC4441AA-6AE7-41D3-B704-9B167A21E89A'
08-25 23:01:44 com_github_MitjaNemec_ReplicateLayout.replicate_layout 895:found match in dst footprint: 'TP8'
08-25 23:01:44 com_github_MitjaNemec_ReplicateLayout.replicate_layout 990:Src text UUid:084cf6f4-13f1-4979-a7dd-38f91f964ca4
08-25 23:01:44 com_github_MitjaNemec_ReplicateLayout.replicate_layout 991:Dst text UUid:2aea349f-59a9-449c-b27f-162d5f2c8828
08-25 23:01:44 com_github_MitjaNemec_ReplicateLayout.replicate_layout 990:Src text UUid:fed86236-d6ae-4332-954a-f8f2489cea47
08-25 23:01:44 com_github_MitjaNemec_ReplicateLayout.replicate_layout 991:Dst text UUid:e26be147-827e-4666-a438-36ad0cd7b279
08-25 23:01:44 com_github_MitjaNemec_ReplicateLayout.replicate_layout 990:Src text UUid:14138a6e-1c8e-436b-8f4e-fb21de4d93f5
08-25 23:01:44 com_github_MitjaNemec_ReplicateLayout.replicate_layout 991:Dst text UUid:2ceacb95-26cb-45af-ad64-b324ff453a75
08-25 23:01:44 com_github_MitjaNemec_ReplicateLayout.replicate_layout 888:Replicating footprint: 'Q6'
08-25 23:01:44 com_github_MitjaNemec_ReplicateLayout.replicate_layout 835:Src fp.id: '8D847CB5-E00B-428D-BD6B-968281E3857C'
08-25 23:01:44 com_github_MitjaNemec_ReplicateLayout.replicate_layout 839:Dst fp.id: '8D847CB5-E00B-428D-BD6B-968281E3857C'
08-25 23:01:44 com_github_MitjaNemec_ReplicateLayout.replicate_layout 895:found match in dst footprint: 'Q16'
08-25 23:01:44 com_github_MitjaNemec_ReplicateLayout.replicate_layout 990:Src text UUid:f4b0c936-80e7-4521-b75e-fd2ff620a41e
08-25 23:01:44 com_github_MitjaNemec_ReplicateLayout.replicate_layout 991:Dst text UUid:63f04000-dc57-40ae-9b5c-686300c54e4e
08-25 23:01:44 com_github_MitjaNemec_ReplicateLayout.replicate_layout 990:Src text UUid:ca1deeec-565b-44f5-ba76-6767fb50c702
08-25 23:01:44 com_github_MitjaNemec_ReplicateLayout.replicate_layout 991:Dst text UUid:fcdacf65-7d00-4178-a1cf-375380338e09
08-25 23:01:44 com_github_MitjaNemec_ReplicateLayout.replicate_layout 990:Src text UUid:df664c19-7990-4850-ab00-790be9f327cf
08-25 23:01:44 com_github_MitjaNemec_ReplicateLayout.replicate_layout 991:Dst text UUid:0fbc9c6e-c21f-4509-8afd-e572631c3819
08-25 23:01:44 com_github_MitjaNemec_ReplicateLayout.replicate_layout 888:Replicating footprint: 'Q5'
08-25 23:01:44 com_github_MitjaNemec_ReplicateLayout.replicate_layout 835:Src fp.id: 'D3B029CA-A78A-4AD0-B065-5E40F898A58E'
08-25 23:01:44 com_github_MitjaNemec_ReplicateLayout.replicate_layout 839:Dst fp.id: 'D3B029CA-A78A-4AD0-B065-5E40F898A58E'
08-25 23:01:44 com_github_MitjaNemec_ReplicateLayout.replicate_layout 895:found match in dst footprint: 'Q15'
08-25 23:01:44 com_github_MitjaNemec_ReplicateLayout.replicate_layout 990:Src text UUid:f7a5dac9-b2cb-4eea-9ca3-6ea7d19a2d45
08-25 23:01:44 com_github_MitjaNemec_ReplicateLayout.replicate_layout 991:Dst text UUid:8e0107b6-5493-492d-9dbd-e550dfe4790b
08-25 23:01:44 com_github_MitjaNemec_ReplicateLayout.replicate_layout 990:Src text UUid:48debcb2-2912-4536-b052-0d85ca611cdc
08-25 23:01:44 com_github_MitjaNemec_ReplicateLayout.replicate_layout 991:Dst text UUid:999664c0-aa45-4c4f-97ef-fafcbe81ff4a
08-25 23:01:44 com_github_MitjaNemec_ReplicateLayout.replicate_layout 990:Src text UUid:a913f8d2-1603-416c-a1a9-301575d45bab
08-25 23:01:44 com_github_MitjaNemec_ReplicateLayout.replicate_layout 991:Dst text UUid:9a84f0b4-e4a7-4b15-9499-c8515f92370a
08-25 23:01:44 com_github_MitjaNemec_ReplicateLayout.replicate_layout 888:Replicating footprint: 'C3'
08-25 23:01:44 com_github_MitjaNemec_ReplicateLayout.replicate_layout 835:Src fp.id: '48CE2A11-6FA1-4816-8BEE-2E82038543FF'
08-25 23:01:44 com_github_MitjaNemec_ReplicateLayout.replicate_layout 839:Dst fp.id: '48CE2A11-6FA1-4816-8BEE-2E82038543FF'
08-25 23:01:44 com_github_MitjaNemec_ReplicateLayout.replicate_layout 895:found match in dst footprint: 'C8'
08-25 23:01:44 com_github_MitjaNemec_ReplicateLayout.replicate_layout 990:Src text UUid:6c1243e2-8b92-4081-a9cf-ac1017aacc39
08-25 23:01:44 com_github_MitjaNemec_ReplicateLayout.replicate_layout 991:Dst text UUid:6d4a00e6-fd5b-4db2-9c80-e7c72d0427df
08-25 23:01:44 com_github_MitjaNemec_ReplicateLayout.replicate_layout 990:Src text UUid:d3915164-4687-4b37-b9ec-416e9e66b755
08-25 23:01:44 com_github_MitjaNemec_ReplicateLayout.replicate_layout 991:Dst text UUid:d7576dbb-8699-4f10-95e8-e9bae0c89ef8
08-25 23:01:44 com_github_MitjaNemec_ReplicateLayout.replicate_layout 990:Src text UUid:b582355e-a4d6-4f4b-9e7b-1e8095053193
08-25 23:01:44 com_github_MitjaNemec_ReplicateLayout.replicate_layout 991:Dst text UUid:94566554-5f56-43d6-b406-914a2e03cec4
08-25 23:01:44 com_github_MitjaNemec_ReplicateLayout.replicate_layout 888:Replicating footprint: 'R3'
08-25 23:01:44 com_github_MitjaNemec_ReplicateLayout.replicate_layout 835:Src fp.id: 'E3A00D99-EE45-46E5-9182-7CB5902749B3'
08-25 23:01:44 com_github_MitjaNemec_ReplicateLayout.replicate_layout 839:Dst fp.id: 'E3A00D99-EE45-46E5-9182-7CB5902749B3'
08-25 23:01:44 com_github_MitjaNemec_ReplicateLayout.replicate_layout 895:found match in dst footprint: 'R8'
08-25 23:01:44 com_github_MitjaNemec_ReplicateLayout.replicate_layout 990:Src text UUid:c8d8973c-40f0-40f8-bca0-85a2f7563a32
08-25 23:01:44 com_github_MitjaNemec_ReplicateLayout.replicate_layout 991:Dst text UUid:be2968ea-83b5-429f-a4dc-1c87772b9850
08-25 23:01:44 com_github_MitjaNemec_ReplicateLayout.replicate_layout 990:Src text UUid:fa873b22-e32d-469d-a726-853e5be2a24e
08-25 23:01:44 com_github_MitjaNemec_ReplicateLayout.replicate_layout 991:Dst text UUid:3eb27f10-d022-4fcd-b98e-c4ec651a6099
08-25 23:01:44 com_github_MitjaNemec_ReplicateLayout.replicate_layout 990:Src text UUid:aa74c71c-e0cc-4bdd-9d44-47fee14196bb
08-25 23:01:44 com_github_MitjaNemec_ReplicateLayout.replicate_layout 991:Dst text UUid:1fde7a8b-ab52-4d21-8dc0-fa1e2672fcbb
08-25 23:01:44 com_github_MitjaNemec_ReplicateLayout.replicate_layout 870:Replicating footprints on sheet ['/SensorModule8/']
08-25 23:01:44 com_github_MitjaNemec_ReplicateLayout.replicate_layout 835:Src fp.id: 'D3B029CA-A78A-4AD0-B065-5E40F898A58E'
08-25 23:01:44 com_github_MitjaNemec_ReplicateLayout.replicate_layout 839:Dst fp.id: 'D3B029CA-A78A-4AD0-B065-5E40F898A58E'
08-25 23:01:44 com_github_MitjaNemec_ReplicateLayout.replicate_layout 888:Replicating footprint: 'TP3'
08-25 23:01:44 com_github_MitjaNemec_ReplicateLayout.replicate_layout 835:Src fp.id: 'DC4441AA-6AE7-41D3-B704-9B167A21E89A'
08-25 23:01:44 com_github_MitjaNemec_ReplicateLayout.replicate_layout 839:Dst fp.id: 'DC4441AA-6AE7-41D3-B704-9B167A21E89A'
08-25 23:01:44 com_github_MitjaNemec_ReplicateLayout.replicate_layout 895:found match in dst footprint: 'TP9'
08-25 23:01:44 com_github_MitjaNemec_ReplicateLayout.replicate_layout 990:Src text UUid:084cf6f4-13f1-4979-a7dd-38f91f964ca4
08-25 23:01:44 com_github_MitjaNemec_ReplicateLayout.replicate_layout 991:Dst text UUid:1a0f444f-52b6-4548-b6d6-5383a875c286
08-25 23:01:44 com_github_MitjaNemec_ReplicateLayout.replicate_layout 990:Src text UUid:fed86236-d6ae-4332-954a-f8f2489cea47
08-25 23:01:44 com_github_MitjaNemec_ReplicateLayout.replicate_layout 991:Dst text UUid:836797a3-ebd1-47ff-bbd7-0cde53184ed6
08-25 23:01:44 com_github_MitjaNemec_ReplicateLayout.replicate_layout 990:Src text UUid:14138a6e-1c8e-436b-8f4e-fb21de4d93f5
08-25 23:01:44 com_github_MitjaNemec_ReplicateLayout.replicate_layout 991:Dst text UUid:a7a5ad15-0538-4cb2-a082-57a294398111
08-25 23:01:44 com_github_MitjaNemec_ReplicateLayout.replicate_layout 888:Replicating footprint: 'Q6'
08-25 23:01:44 com_github_MitjaNemec_ReplicateLayout.replicate_layout 835:Src fp.id: '8D847CB5-E00B-428D-BD6B-968281E3857C'
08-25 23:01:44 com_github_MitjaNemec_ReplicateLayout.replicate_layout 839:Dst fp.id: '8D847CB5-E00B-428D-BD6B-968281E3857C'
08-25 23:01:44 com_github_MitjaNemec_ReplicateLayout.replicate_layout 895:found match in dst footprint: 'Q18'
08-25 23:01:44 com_github_MitjaNemec_ReplicateLayout.replicate_layout 990:Src text UUid:f4b0c936-80e7-4521-b75e-fd2ff620a41e
08-25 23:01:44 com_github_MitjaNemec_ReplicateLayout.replicate_layout 991:Dst text UUid:98f16ee2-03a2-42a2-8ed2-01a84d1e8465
08-25 23:01:44 com_github_MitjaNemec_ReplicateLayout.replicate_layout 990:Src text UUid:ca1deeec-565b-44f5-ba76-6767fb50c702
08-25 23:01:44 com_github_MitjaNemec_ReplicateLayout.replicate_layout 991:Dst text UUid:9fb9a153-b5c8-4973-bdf1-3f93405de9f9
08-25 23:01:44 com_github_MitjaNemec_ReplicateLayout.replicate_layout 990:Src text UUid:df664c19-7990-4850-ab00-790be9f327cf
08-25 23:01:44 com_github_MitjaNemec_ReplicateLayout.replicate_layout 991:Dst text UUid:df252a58-88fe-4c2a-81e5-f6615911f41e
08-25 23:01:44 com_github_MitjaNemec_ReplicateLayout.replicate_layout 888:Replicating footprint: 'Q5'
08-25 23:01:44 com_github_MitjaNemec_ReplicateLayout.replicate_layout 835:Src fp.id: 'D3B029CA-A78A-4AD0-B065-5E40F898A58E'
08-25 23:01:44 com_github_MitjaNemec_ReplicateLayout.replicate_layout 839:Dst fp.id: 'D3B029CA-A78A-4AD0-B065-5E40F898A58E'
08-25 23:01:44 com_github_MitjaNemec_ReplicateLayout.replicate_layout 895:found match in dst footprint: 'Q17'
08-25 23:01:44 com_github_MitjaNemec_ReplicateLayout.replicate_layout 990:Src text UUid:f7a5dac9-b2cb-4eea-9ca3-6ea7d19a2d45
08-25 23:01:44 com_github_MitjaNemec_ReplicateLayout.replicate_layout 991:Dst text UUid:03904b3c-c501-4b26-97fc-1b0f95f329a0
08-25 23:01:44 com_github_MitjaNemec_ReplicateLayout.replicate_layout 990:Src text UUid:48debcb2-2912-4536-b052-0d85ca611cdc
08-25 23:01:44 com_github_MitjaNemec_ReplicateLayout.replicate_layout 991:Dst text UUid:8229cb03-3ccc-46b6-9685-1a43a1087dbe
08-25 23:01:44 com_github_MitjaNemec_ReplicateLayout.replicate_layout 990:Src text UUid:a913f8d2-1603-416c-a1a9-301575d45bab
08-25 23:01:44 com_github_MitjaNemec_ReplicateLayout.replicate_layout 991:Dst text UUid:446aa92a-baa6-4c53-9be0-bda34f90419e
08-25 23:01:44 com_github_MitjaNemec_ReplicateLayout.replicate_layout 888:Replicating footprint: 'C3'
08-25 23:01:44 com_github_MitjaNemec_ReplicateLayout.replicate_layout 835:Src fp.id: '48CE2A11-6FA1-4816-8BEE-2E82038543FF'
08-25 23:01:44 com_github_MitjaNemec_ReplicateLayout.replicate_layout 839:Dst fp.id: '48CE2A11-6FA1-4816-8BEE-2E82038543FF'
08-25 23:01:44 com_github_MitjaNemec_ReplicateLayout.replicate_layout 895:found match in dst footprint: 'C9'
08-25 23:01:44 com_github_MitjaNemec_ReplicateLayout.replicate_layout 990:Src text UUid:6c1243e2-8b92-4081-a9cf-ac1017aacc39
08-25 23:01:44 com_github_MitjaNemec_ReplicateLayout.replicate_layout 991:Dst text UUid:55121fd7-abba-44a3-877c-048a8e9e1c2f
08-25 23:01:44 com_github_MitjaNemec_ReplicateLayout.replicate_layout 990:Src text UUid:d3915164-4687-4b37-b9ec-416e9e66b755
08-25 23:01:44 com_github_MitjaNemec_ReplicateLayout.replicate_layout 991:Dst text UUid:d7e7e0e9-aa9c-4400-aad0-de7313368757
08-25 23:01:44 com_github_MitjaNemec_ReplicateLayout.replicate_layout 990:Src text UUid:b582355e-a4d6-4f4b-9e7b-1e8095053193
08-25 23:01:44 com_github_MitjaNemec_ReplicateLayout.replicate_layout 991:Dst text UUid:01ad7a52-7491-41eb-8a37-abe1da387287
08-25 23:01:44 com_github_MitjaNemec_ReplicateLayout.replicate_layout 888:Replicating footprint: 'R3'
08-25 23:01:44 com_github_MitjaNemec_ReplicateLayout.replicate_layout 835:Src fp.id: 'E3A00D99-EE45-46E5-9182-7CB5902749B3'
08-25 23:01:44 com_github_MitjaNemec_ReplicateLayout.replicate_layout 839:Dst fp.id: 'E3A00D99-EE45-46E5-9182-7CB5902749B3'
08-25 23:01:44 com_github_MitjaNemec_ReplicateLayout.replicate_layout 895:found match in dst footprint: 'R9'
08-25 23:01:44 com_github_MitjaNemec_ReplicateLayout.replicate_layout 990:Src text UUid:c8d8973c-40f0-40f8-bca0-85a2f7563a32
08-25 23:01:44 com_github_MitjaNemec_ReplicateLayout.replicate_layout 991:Dst text UUid:8c53f1e5-010f-486f-a1c5-0fc095b1ff09
08-25 23:01:44 com_github_MitjaNemec_ReplicateLayout.replicate_layout 990:Src text UUid:fa873b22-e32d-469d-a726-853e5be2a24e
08-25 23:01:44 com_github_MitjaNemec_ReplicateLayout.replicate_layout 991:Dst text UUid:9cb2d1c0-e6b3-49c6-94bc-e708afe6bd61
08-25 23:01:44 com_github_MitjaNemec_ReplicateLayout.replicate_layout 990:Src text UUid:aa74c71c-e0cc-4bdd-9d44-47fee14196bb
08-25 23:01:44 com_github_MitjaNemec_ReplicateLayout.replicate_layout 991:Dst text UUid:47c625a7-b2a9-46a0-abee-f6ca350f70fb
08-25 23:01:44 root 345:updating GUI with: 97
08-25 23:01:44 com_github_MitjaNemec_ReplicateLayout.replicate_layout 870:Replicating footprints on sheet ['/SensorModule9/']
08-25 23:01:44 com_github_MitjaNemec_ReplicateLayout.replicate_layout 835:Src fp.id: 'D3B029CA-A78A-4AD0-B065-5E40F898A58E'
08-25 23:01:44 com_github_MitjaNemec_ReplicateLayout.replicate_layout 839:Dst fp.id: 'D3B029CA-A78A-4AD0-B065-5E40F898A58E'
08-25 23:01:44 com_github_MitjaNemec_ReplicateLayout.replicate_layout 888:Replicating footprint: 'TP3'
08-25 23:01:44 com_github_MitjaNemec_ReplicateLayout.replicate_layout 835:Src fp.id: 'DC4441AA-6AE7-41D3-B704-9B167A21E89A'
08-25 23:01:44 com_github_MitjaNemec_ReplicateLayout.replicate_layout 839:Dst fp.id: 'DC4441AA-6AE7-41D3-B704-9B167A21E89A'
08-25 23:01:44 com_github_MitjaNemec_ReplicateLayout.replicate_layout 895:found match in dst footprint: 'TP10'
08-25 23:01:44 com_github_MitjaNemec_ReplicateLayout.replicate_layout 990:Src text UUid:084cf6f4-13f1-4979-a7dd-38f91f964ca4
08-25 23:01:44 com_github_MitjaNemec_ReplicateLayout.replicate_layout 991:Dst text UUid:5f4a6303-549f-49a9-8c7d-0de3a0eaf21a
08-25 23:01:44 com_github_MitjaNemec_ReplicateLayout.replicate_layout 990:Src text UUid:fed86236-d6ae-4332-954a-f8f2489cea47
08-25 23:01:44 com_github_MitjaNemec_ReplicateLayout.replicate_layout 991:Dst text UUid:5811bca4-5645-41e1-94f4-d75ae3e2e02e
08-25 23:01:44 com_github_MitjaNemec_ReplicateLayout.replicate_layout 990:Src text UUid:14138a6e-1c8e-436b-8f4e-fb21de4d93f5
08-25 23:01:44 com_github_MitjaNemec_ReplicateLayout.replicate_layout 991:Dst text UUid:ca612e02-abc5-49ad-812a-2b1c1e7f54a3
08-25 23:01:44 com_github_MitjaNemec_ReplicateLayout.replicate_layout 888:Replicating footprint: 'Q6'
08-25 23:01:44 com_github_MitjaNemec_ReplicateLayout.replicate_layout 835:Src fp.id: '8D847CB5-E00B-428D-BD6B-968281E3857C'
08-25 23:01:44 com_github_MitjaNemec_ReplicateLayout.replicate_layout 839:Dst fp.id: '8D847CB5-E00B-428D-BD6B-968281E3857C'
08-25 23:01:44 com_github_MitjaNemec_ReplicateLayout.replicate_layout 895:found match in dst footprint: 'Q20'
08-25 23:01:44 com_github_MitjaNemec_ReplicateLayout.replicate_layout 990:Src text UUid:f4b0c936-80e7-4521-b75e-fd2ff620a41e
08-25 23:01:44 com_github_MitjaNemec_ReplicateLayout.replicate_layout 991:Dst text UUid:faf3fa72-4c42-4ed0-a359-83baf0c6b2c3
08-25 23:01:44 com_github_MitjaNemec_ReplicateLayout.replicate_layout 990:Src text UUid:ca1deeec-565b-44f5-ba76-6767fb50c702
08-25 23:01:44 com_github_MitjaNemec_ReplicateLayout.replicate_layout 991:Dst text UUid:3d8d5b5f-d6ec-4274-ae60-c75dfe6284b5
08-25 23:01:44 com_github_MitjaNemec_ReplicateLayout.replicate_layout 990:Src text UUid:df664c19-7990-4850-ab00-790be9f327cf
08-25 23:01:44 com_github_MitjaNemec_ReplicateLayout.replicate_layout 991:Dst text UUid:684c919f-fb72-424e-bb7f-9034f352329b
08-25 23:01:44 com_github_MitjaNemec_ReplicateLayout.replicate_layout 888:Replicating footprint: 'Q5'
08-25 23:01:44 com_github_MitjaNemec_ReplicateLayout.replicate_layout 835:Src fp.id: 'D3B029CA-A78A-4AD0-B065-5E40F898A58E'
08-25 23:01:44 com_github_MitjaNemec_ReplicateLayout.replicate_layout 839:Dst fp.id: 'D3B029CA-A78A-4AD0-B065-5E40F898A58E'
08-25 23:01:44 com_github_MitjaNemec_ReplicateLayout.replicate_layout 895:found match in dst footprint: 'Q19'
08-25 23:01:44 com_github_MitjaNemec_ReplicateLayout.replicate_layout 990:Src text UUid:f7a5dac9-b2cb-4eea-9ca3-6ea7d19a2d45
08-25 23:01:44 com_github_MitjaNemec_ReplicateLayout.replicate_layout 991:Dst text UUid:5cc4dd80-6d0a-47ba-8e09-9dcc58ea1db5
08-25 23:01:44 com_github_MitjaNemec_ReplicateLayout.replicate_layout 990:Src text UUid:48debcb2-2912-4536-b052-0d85ca611cdc
08-25 23:01:44 com_github_MitjaNemec_ReplicateLayout.replicate_layout 991:Dst text UUid:e230bf03-d63a-4cbd-8cdb-0bed61800663
08-25 23:01:44 com_github_MitjaNemec_ReplicateLayout.replicate_layout 990:Src text UUid:a913f8d2-1603-416c-a1a9-301575d45bab
08-25 23:01:44 com_github_MitjaNemec_ReplicateLayout.replicate_layout 991:Dst text UUid:ee221b7c-7aff-4f79-8023-c2b973ea9170
08-25 23:01:44 com_github_MitjaNemec_ReplicateLayout.replicate_layout 888:Replicating footprint: 'C3'
08-25 23:01:44 com_github_MitjaNemec_ReplicateLayout.replicate_layout 835:Src fp.id: '48CE2A11-6FA1-4816-8BEE-2E82038543FF'
08-25 23:01:44 com_github_MitjaNemec_ReplicateLayout.replicate_layout 839:Dst fp.id: '48CE2A11-6FA1-4816-8BEE-2E82038543FF'
08-25 23:01:44 com_github_MitjaNemec_ReplicateLayout.replicate_layout 895:found match in dst footprint: 'C10'
08-25 23:01:44 com_github_MitjaNemec_ReplicateLayout.replicate_layout 990:Src text UUid:6c1243e2-8b92-4081-a9cf-ac1017aacc39
08-25 23:01:44 com_github_MitjaNemec_ReplicateLayout.replicate_layout 991:Dst text UUid:6869cdc7-b72a-4806-abdd-01392198067b
08-25 23:01:44 com_github_MitjaNemec_ReplicateLayout.replicate_layout 990:Src text UUid:d3915164-4687-4b37-b9ec-416e9e66b755
08-25 23:01:44 com_github_MitjaNemec_ReplicateLayout.replicate_layout 991:Dst text UUid:4eca515e-97b2-4c07-b67b-b9a9724a5a54
08-25 23:01:44 com_github_MitjaNemec_ReplicateLayout.replicate_layout 990:Src text UUid:b582355e-a4d6-4f4b-9e7b-1e8095053193
08-25 23:01:44 com_github_MitjaNemec_ReplicateLayout.replicate_layout 991:Dst text UUid:a9170d68-9dc2-49f1-99db-7cb3e800314f
08-25 23:01:44 com_github_MitjaNemec_ReplicateLayout.replicate_layout 888:Replicating footprint: 'R3'
08-25 23:01:44 com_github_MitjaNemec_ReplicateLayout.replicate_layout 835:Src fp.id: 'E3A00D99-EE45-46E5-9182-7CB5902749B3'
08-25 23:01:44 com_github_MitjaNemec_ReplicateLayout.replicate_layout 839:Dst fp.id: 'E3A00D99-EE45-46E5-9182-7CB5902749B3'
08-25 23:01:44 com_github_MitjaNemec_ReplicateLayout.replicate_layout 895:found match in dst footprint: 'R10'
08-25 23:01:44 com_github_MitjaNemec_ReplicateLayout.replicate_layout 990:Src text UUid:c8d8973c-40f0-40f8-bca0-85a2f7563a32
08-25 23:01:44 com_github_MitjaNemec_ReplicateLayout.replicate_layout 991:Dst text UUid:4da42569-6642-4ffb-9e2c-4bc12b419b5e
08-25 23:01:44 com_github_MitjaNemec_ReplicateLayout.replicate_layout 990:Src text UUid:fa873b22-e32d-469d-a726-853e5be2a24e
08-25 23:01:44 com_github_MitjaNemec_ReplicateLayout.replicate_layout 991:Dst text UUid:d682f3ed-257e-4fad-aac9-2e676d389598
08-25 23:01:44 com_github_MitjaNemec_ReplicateLayout.replicate_layout 990:Src text UUid:aa74c71c-e0cc-4bdd-9d44-47fee14196bb
08-25 23:01:44 com_github_MitjaNemec_ReplicateLayout.replicate_layout 991:Dst text UUid:88b47d31-cb0f-4dba-93e2-ba5bb4f1a085
08-25 23:01:44 root 340:updating GUI message: 'Replicating tracks'
08-25 23:01:44 com_github_MitjaNemec_ReplicateLayout.replicate_layout 1014:Replicating tracks
08-25 23:01:44 com_github_MitjaNemec_ReplicateLayout.replicate_layout 1020:Replicating tracks on sheet ['/SensorModule/']
08-25 23:01:44 com_github_MitjaNemec_ReplicateLayout.replicate_layout 835:Src fp.id: 'D3B029CA-A78A-4AD0-B065-5E40F898A58E'
08-25 23:01:44 com_github_MitjaNemec_ReplicateLayout.replicate_layout 839:Dst fp.id: 'D3B029CA-A78A-4AD0-B065-5E40F898A58E'
08-25 23:01:44 com_github_MitjaNemec_ReplicateLayout.replicate_layout 792:Net pairs for sheet ['/SensorModule/'] :[('Net-(Q5-C)', 'Net-(Q1-G)'), ('/SensorModule2/ControlSig', '/SensorModule/ControlSig'), ('+5V', '+5V'), ('GND', 'GND'), ('/SensorModule2/SigOut', '/SensorModule/SigOut')]
08-25 23:01:44 com_github_MitjaNemec_ReplicateLayout.replicate_layout 1020:Replicating tracks on sheet ['/SensorModule1/']
08-25 23:01:44 com_github_MitjaNemec_ReplicateLayout.replicate_layout 835:Src fp.id: 'D3B029CA-A78A-4AD0-B065-5E40F898A58E'
08-25 23:01:44 com_github_MitjaNemec_ReplicateLayout.replicate_layout 839:Dst fp.id: 'D3B029CA-A78A-4AD0-B065-5E40F898A58E'
08-25 23:01:44 com_github_MitjaNemec_ReplicateLayout.replicate_layout 792:Net pairs for sheet ['/SensorModule1/'] :[('+5V', '+5V'), ('GND', 'GND'), ('/SensorModule2/SigOut', '/SensorModule1/SigOut'), ('Net-(Q5-C)', 'Net-(Q3-C)'), ('/SensorModule2/ControlSig', '/SensorModule1/ControlSig')]
08-25 23:01:44 com_github_MitjaNemec_ReplicateLayout.replicate_layout 1020:Replicating tracks on sheet ['/SensorModule10/']
08-25 23:01:44 com_github_MitjaNemec_ReplicateLayout.replicate_layout 835:Src fp.id: 'D3B029CA-A78A-4AD0-B065-5E40F898A58E'
08-25 23:01:44 com_github_MitjaNemec_ReplicateLayout.replicate_layout 839:Dst fp.id: 'D3B029CA-A78A-4AD0-B065-5E40F898A58E'
08-25 23:01:44 com_github_MitjaNemec_ReplicateLayout.replicate_layout 792:Net pairs for sheet ['/SensorModule10/'] :[('+5V', '+5V'), ('GND', 'GND'), ('/SensorModule2/ControlSig', '/SensorModule10/ControlSig'), ('/SensorModule2/SigOut', '/SensorModule10/SigOut'), ('Net-(Q5-C)', 'Net-(Q21-C)')]
08-25 23:01:44 com_github_MitjaNemec_ReplicateLayout.replicate_layout 1020:Replicating tracks on sheet ['/SensorModule11/']
08-25 23:01:44 com_github_MitjaNemec_ReplicateLayout.replicate_layout 835:Src fp.id: 'D3B029CA-A78A-4AD0-B065-5E40F898A58E'
08-25 23:01:44 com_github_MitjaNemec_ReplicateLayout.replicate_layout 839:Dst fp.id: 'D3B029CA-A78A-4AD0-B065-5E40F898A58E'
08-25 23:01:44 com_github_MitjaNemec_ReplicateLayout.replicate_layout 792:Net pairs for sheet ['/SensorModule11/'] :[('Net-(Q5-C)', 'Net-(Q23-C)'), ('+5V', '+5V'), ('GND', 'GND'), ('/SensorModule2/SigOut', '/SensorModule11/SigOut'), ('/SensorModule2/ControlSig', '/SensorModule11/ControlSig')]
08-25 23:01:44 com_github_MitjaNemec_ReplicateLayout.replicate_layout 1020:Replicating tracks on sheet ['/SensorModule12/']
08-25 23:01:44 com_github_MitjaNemec_ReplicateLayout.replicate_layout 835:Src fp.id: 'D3B029CA-A78A-4AD0-B065-5E40F898A58E'
08-25 23:01:44 com_github_MitjaNemec_ReplicateLayout.replicate_layout 839:Dst fp.id: 'D3B029CA-A78A-4AD0-B065-5E40F898A58E'
08-25 23:01:44 com_github_MitjaNemec_ReplicateLayout.replicate_layout 792:Net pairs for sheet ['/SensorModule12/'] :[('/SensorModule2/ControlSig', '/SensorModule12/ControlSig'), ('+5V', '+5V'), ('GND', 'GND'), ('Net-(Q5-C)', 'Net-(Q25-C)'), ('/SensorModule2/SigOut', '/SensorModule12/SigOut')]
08-25 23:01:44 root 345:updating GUI with: 11
08-25 23:01:44 com_github_MitjaNemec_ReplicateLayout.replicate_layout 1020:Replicating tracks on sheet ['/SensorModule13/']
08-25 23:01:44 com_github_MitjaNemec_ReplicateLayout.replicate_layout 835:Src fp.id: 'D3B029CA-A78A-4AD0-B065-5E40F898A58E'
08-25 23:01:44 com_github_MitjaNemec_ReplicateLayout.replicate_layout 839:Dst fp.id: 'D3B029CA-A78A-4AD0-B065-5E40F898A58E'
08-25 23:01:44 com_github_MitjaNemec_ReplicateLayout.replicate_layout 792:Net pairs for sheet ['/SensorModule13/'] :[('/SensorModule2/ControlSig', '/SensorModule13/ControlSig'), ('+5V', '+5V'), ('GND', 'GND'), ('Net-(Q5-C)', 'Net-(Q27-C)'), ('/SensorModule2/SigOut', '/SensorModule13/SigOut')]
08-25 23:01:44 com_github_MitjaNemec_ReplicateLayout.replicate_layout 1020:Replicating tracks on sheet ['/SensorModule14/']
08-25 23:01:44 com_github_MitjaNemec_ReplicateLayout.replicate_layout 835:Src fp.id: 'D3B029CA-A78A-4AD0-B065-5E40F898A58E'
08-25 23:01:44 com_github_MitjaNemec_ReplicateLayout.replicate_layout 839:Dst fp.id: 'D3B029CA-A78A-4AD0-B065-5E40F898A58E'
08-25 23:01:44 com_github_MitjaNemec_ReplicateLayout.replicate_layout 792:Net pairs for sheet ['/SensorModule14/'] :[('Net-(Q5-C)', 'Net-(Q29-C)'), ('/SensorModule2/SigOut', '/SensorModule14/SigOut'), ('+5V', '+5V'), ('GND', 'GND'), ('/SensorModule2/ControlSig', '/SensorModule14/ControlSig')]
08-25 23:01:44 com_github_MitjaNemec_ReplicateLayout.replicate_layout 1020:Replicating tracks on sheet ['/SensorModule15/']
08-25 23:01:44 com_github_MitjaNemec_ReplicateLayout.replicate_layout 835:Src fp.id: 'D3B029CA-A78A-4AD0-B065-5E40F898A58E'
08-25 23:01:44 com_github_MitjaNemec_ReplicateLayout.replicate_layout 839:Dst fp.id: 'D3B029CA-A78A-4AD0-B065-5E40F898A58E'
08-25 23:01:44 com_github_MitjaNemec_ReplicateLayout.replicate_layout 792:Net pairs for sheet ['/SensorModule15/'] :[('/SensorModule2/SigOut', '/SensorModule15/SigOut'), ('+5V', '+5V'), ('GND', 'GND'), ('/SensorModule2/ControlSig', '/SensorModule15/ControlSig'), ('Net-(Q5-C)', 'Net-(Q31-C)')]
08-25 23:01:44 com_github_MitjaNemec_ReplicateLayout.replicate_layout 1020:Replicating tracks on sheet ['/SensorModule16/']
08-25 23:01:44 com_github_MitjaNemec_ReplicateLayout.replicate_layout 835:Src fp.id: 'D3B029CA-A78A-4AD0-B065-5E40F898A58E'
08-25 23:01:44 com_github_MitjaNemec_ReplicateLayout.replicate_layout 839:Dst fp.id: 'D3B029CA-A78A-4AD0-B065-5E40F898A58E'
08-25 23:01:44 com_github_MitjaNemec_ReplicateLayout.replicate_layout 792:Net pairs for sheet ['/SensorModule16/'] :[('/SensorModule2/SigOut', '/SensorModule16/SigOut'), ('Net-(Q5-C)', 'Net-(Q33-C)'), ('+5V', '+5V'), ('GND', 'GND'), ('/SensorModule2/ControlSig', '/SensorModule16/ControlSig')]
08-25 23:01:44 com_github_MitjaNemec_ReplicateLayout.replicate_layout 1020:Replicating tracks on sheet ['/SensorModule17/']
08-25 23:01:44 com_github_MitjaNemec_ReplicateLayout.replicate_layout 835:Src fp.id: 'D3B029CA-A78A-4AD0-B065-5E40F898A58E'
08-25 23:01:44 com_github_MitjaNemec_ReplicateLayout.replicate_layout 839:Dst fp.id: 'D3B029CA-A78A-4AD0-B065-5E40F898A58E'
08-25 23:01:44 com_github_MitjaNemec_ReplicateLayout.replicate_layout 792:Net pairs for sheet ['/SensorModule17/'] :[('Net-(Q5-C)', 'Net-(Q35-C)'), ('/SensorModule2/SigOut', '/SensorModule17/SigOut'), ('+5V', '+5V'), ('GND', 'GND'), ('/SensorModule2/ControlSig', '/SensorModule17/ControlSig')]
08-25 23:01:44 com_github_MitjaNemec_ReplicateLayout.replicate_layout 1020:Replicating tracks on sheet ['/SensorModule18/']
08-25 23:01:44 com_github_MitjaNemec_ReplicateLayout.replicate_layout 835:Src fp.id: 'D3B029CA-A78A-4AD0-B065-5E40F898A58E'
08-25 23:01:44 com_github_MitjaNemec_ReplicateLayout.replicate_layout 839:Dst fp.id: 'D3B029CA-A78A-4AD0-B065-5E40F898A58E'
08-25 23:01:44 com_github_MitjaNemec_ReplicateLayout.replicate_layout 792:Net pairs for sheet ['/SensorModule18/'] :[('Net-(Q5-C)', 'Net-(Q37-C)'), ('/SensorModule2/ControlSig', '/SensorModule18/ControlSig'), ('+5V', '+5V'), ('GND', 'GND'), ('/SensorModule2/SigOut', '/SensorModule18/SigOut')]
08-25 23:01:44 com_github_MitjaNemec_ReplicateLayout.replicate_layout 1020:Replicating tracks on sheet ['/SensorModule19/']
08-25 23:01:44 com_github_MitjaNemec_ReplicateLayout.replicate_layout 835:Src fp.id: 'D3B029CA-A78A-4AD0-B065-5E40F898A58E'
08-25 23:01:44 com_github_MitjaNemec_ReplicateLayout.replicate_layout 839:Dst fp.id: 'D3B029CA-A78A-4AD0-B065-5E40F898A58E'
08-25 23:01:44 com_github_MitjaNemec_ReplicateLayout.replicate_layout 792:Net pairs for sheet ['/SensorModule19/'] :[('/SensorModule2/SigOut', '/SensorModule19/SigOut'), ('+5V', '+5V'), ('GND', 'GND'), ('Net-(Q5-C)', 'Net-(Q39-C)'), ('/SensorModule2/ControlSig', '/SensorModule19/ControlSig')]
08-25 23:01:44 com_github_MitjaNemec_ReplicateLayout.replicate_layout 1020:Replicating tracks on sheet ['/SensorModule20/']
08-25 23:01:44 com_github_MitjaNemec_ReplicateLayout.replicate_layout 835:Src fp.id: 'D3B029CA-A78A-4AD0-B065-5E40F898A58E'
08-25 23:01:44 com_github_MitjaNemec_ReplicateLayout.replicate_layout 839:Dst fp.id: 'D3B029CA-A78A-4AD0-B065-5E40F898A58E'
08-25 23:01:44 com_github_MitjaNemec_ReplicateLayout.replicate_layout 792:Net pairs for sheet ['/SensorModule20/'] :[('/SensorModule2/ControlSig', '/SensorModule20/ControlSig'), ('Net-(Q5-C)', 'Net-(Q41-C)'), ('+5V', '+5V'), ('GND', 'GND'), ('/SensorModule2/SigOut', '/SensorModule20/SigOut')]
08-25 23:01:44 root 345:updating GUI with: 33
08-25 23:01:44 com_github_MitjaNemec_ReplicateLayout.replicate_layout 1020:Replicating tracks on sheet ['/SensorModule21/']
08-25 23:01:44 com_github_MitjaNemec_ReplicateLayout.replicate_layout 835:Src fp.id: 'D3B029CA-A78A-4AD0-B065-5E40F898A58E'
08-25 23:01:44 com_github_MitjaNemec_ReplicateLayout.replicate_layout 839:Dst fp.id: 'D3B029CA-A78A-4AD0-B065-5E40F898A58E'
08-25 23:01:44 com_github_MitjaNemec_ReplicateLayout.replicate_layout 792:Net pairs for sheet ['/SensorModule21/'] :[('+5V', '+5V'), ('GND', 'GND'), ('/SensorModule2/ControlSig', '/SensorModule21/ControlSig'), ('/SensorModule2/SigOut', '/SensorModule21/SigOut'), ('Net-(Q5-C)', 'Net-(Q43-C)')]
08-25 23:01:44 com_github_MitjaNemec_ReplicateLayout.replicate_layout 1020:Replicating tracks on sheet ['/SensorModule22/']
08-25 23:01:44 com_github_MitjaNemec_ReplicateLayout.replicate_layout 835:Src fp.id: 'D3B029CA-A78A-4AD0-B065-5E40F898A58E'
08-25 23:01:44 com_github_MitjaNemec_ReplicateLayout.replicate_layout 839:Dst fp.id: 'D3B029CA-A78A-4AD0-B065-5E40F898A58E'
08-25 23:01:44 com_github_MitjaNemec_ReplicateLayout.replicate_layout 792:Net pairs for sheet ['/SensorModule22/'] :[('+5V', '+5V'), ('GND', 'GND'), ('/SensorModule2/ControlSig', '/SensorModule22/ControlSig'), ('Net-(Q5-C)', 'Net-(Q45-C)'), ('/SensorModule2/SigOut', '/SensorModule22/SigOut')]
08-25 23:01:44 com_github_MitjaNemec_ReplicateLayout.replicate_layout 1020:Replicating tracks on sheet ['/SensorModule23/']
08-25 23:01:44 com_github_MitjaNemec_ReplicateLayout.replicate_layout 835:Src fp.id: 'D3B029CA-A78A-4AD0-B065-5E40F898A58E'
08-25 23:01:44 com_github_MitjaNemec_ReplicateLayout.replicate_layout 839:Dst fp.id: 'D3B029CA-A78A-4AD0-B065-5E40F898A58E'
08-25 23:01:44 com_github_MitjaNemec_ReplicateLayout.replicate_layout 792:Net pairs for sheet ['/SensorModule23/'] :[('/SensorModule2/ControlSig', '/SensorModule23/ControlSig'), ('+5V', '+5V'), ('GND', 'GND'), ('/SensorModule2/SigOut', '/SensorModule23/SigOut'), ('Net-(Q5-C)', 'Net-(Q47-C)')]
08-25 23:01:44 com_github_MitjaNemec_ReplicateLayout.replicate_layout 1020:Replicating tracks on sheet ['/SensorModule24/']
08-25 23:01:44 com_github_MitjaNemec_ReplicateLayout.replicate_layout 835:Src fp.id: 'D3B029CA-A78A-4AD0-B065-5E40F898A58E'
08-25 23:01:44 com_github_MitjaNemec_ReplicateLayout.replicate_layout 839:Dst fp.id: 'D3B029CA-A78A-4AD0-B065-5E40F898A58E'
08-25 23:01:44 com_github_MitjaNemec_ReplicateLayout.replicate_layout 792:Net pairs for sheet ['/SensorModule24/'] :[('+5V', '+5V'), ('GND', 'GND'), ('/SensorModule2/ControlSig', '/SensorModule24/ControlSig'), ('/SensorModule2/SigOut', '/SensorModule24/SigOut'), ('Net-(Q5-C)', 'Net-(Q49-C)')]
08-25 23:01:44 com_github_MitjaNemec_ReplicateLayout.replicate_layout 1020:Replicating tracks on sheet ['/SensorModule25/']
08-25 23:01:44 com_github_MitjaNemec_ReplicateLayout.replicate_layout 835:Src fp.id: 'D3B029CA-A78A-4AD0-B065-5E40F898A58E'
08-25 23:01:44 com_github_MitjaNemec_ReplicateLayout.replicate_layout 839:Dst fp.id: 'D3B029CA-A78A-4AD0-B065-5E40F898A58E'
08-25 23:01:44 com_github_MitjaNemec_ReplicateLayout.replicate_layout 792:Net pairs for sheet ['/SensorModule25/'] :[('/SensorModule2/SigOut', '/SensorModule25/SigOut'), ('+5V', '+5V'), ('GND', 'GND'), ('Net-(Q5-C)', 'Net-(Q51-C)'), ('/SensorModule2/ControlSig', '/SensorModule25/ControlSig')]
08-25 23:01:44 com_github_MitjaNemec_ReplicateLayout.replicate_layout 1020:Replicating tracks on sheet ['/SensorModule26/']
08-25 23:01:44 com_github_MitjaNemec_ReplicateLayout.replicate_layout 835:Src fp.id: 'D3B029CA-A78A-4AD0-B065-5E40F898A58E'
08-25 23:01:44 com_github_MitjaNemec_ReplicateLayout.replicate_layout 839:Dst fp.id: 'D3B029CA-A78A-4AD0-B065-5E40F898A58E'
08-25 23:01:44 com_github_MitjaNemec_ReplicateLayout.replicate_layout 792:Net pairs for sheet ['/SensorModule26/'] :[('/SensorModule2/ControlSig', '/SensorModule26/ControlSig'), ('Net-(Q5-C)', 'Net-(Q53-C)'), ('/SensorModule2/SigOut', '/SensorModule26/SigOut'), ('+5V', '+5V'), ('GND', 'GND')]
08-25 23:01:44 com_github_MitjaNemec_ReplicateLayout.replicate_layout 1020:Replicating tracks on sheet ['/SensorModule27/']
08-25 23:01:44 com_github_MitjaNemec_ReplicateLayout.replicate_layout 835:Src fp.id: 'D3B029CA-A78A-4AD0-B065-5E40F898A58E'
08-25 23:01:44 com_github_MitjaNemec_ReplicateLayout.replicate_layout 839:Dst fp.id: 'D3B029CA-A78A-4AD0-B065-5E40F898A58E'
08-25 23:01:44 com_github_MitjaNemec_ReplicateLayout.replicate_layout 792:Net pairs for sheet ['/SensorModule27/'] :[('/SensorModule2/SigOut', '/SensorModule27/SigOut'), ('/SensorModule2/ControlSig', '/SensorModule27/ControlSig'), ('Net-(Q5-C)', 'Net-(Q55-C)'), ('+5V', '+5V'), ('GND', 'GND')]
08-25 23:01:44 root 345:updating GUI with: 53
08-25 23:01:44 com_github_MitjaNemec_ReplicateLayout.replicate_layout 1020:Replicating tracks on sheet ['/SensorModule28/']
08-25 23:01:44 com_github_MitjaNemec_ReplicateLayout.replicate_layout 835:Src fp.id: 'D3B029CA-A78A-4AD0-B065-5E40F898A58E'
08-25 23:01:44 com_github_MitjaNemec_ReplicateLayout.replicate_layout 839:Dst fp.id: 'D3B029CA-A78A-4AD0-B065-5E40F898A58E'
08-25 23:01:44 com_github_MitjaNemec_ReplicateLayout.replicate_layout 792:Net pairs for sheet ['/SensorModule28/'] :[('+5V', '+5V'), ('GND', 'GND'), ('/SensorModule2/SigOut', '/SensorModule28/SigOut'), ('/SensorModule2/ControlSig', '/SensorModule28/ControlSig'), ('Net-(Q5-C)', 'Net-(Q57-C)')]
08-25 23:01:44 com_github_MitjaNemec_ReplicateLayout.replicate_layout 1020:Replicating tracks on sheet ['/SensorModule29/']
08-25 23:01:44 com_github_MitjaNemec_ReplicateLayout.replicate_layout 835:Src fp.id: 'D3B029CA-A78A-4AD0-B065-5E40F898A58E'
08-25 23:01:44 com_github_MitjaNemec_ReplicateLayout.replicate_layout 839:Dst fp.id: 'D3B029CA-A78A-4AD0-B065-5E40F898A58E'
08-25 23:01:44 com_github_MitjaNemec_ReplicateLayout.replicate_layout 792:Net pairs for sheet ['/SensorModule29/'] :[('+5V', '+5V'), ('GND', 'GND'), ('/SensorModule2/SigOut', '/SensorModule29/SigOut'), ('Net-(Q5-C)', 'Net-(Q59-C)'), ('/SensorModule2/ControlSig', '/SensorModule29/ControlSig')]
08-25 23:01:44 com_github_MitjaNemec_ReplicateLayout.replicate_layout 1020:Replicating tracks on sheet ['/SensorModule3/']
08-25 23:01:44 com_github_MitjaNemec_ReplicateLayout.replicate_layout 835:Src fp.id: 'D3B029CA-A78A-4AD0-B065-5E40F898A58E'
08-25 23:01:44 com_github_MitjaNemec_ReplicateLayout.replicate_layout 839:Dst fp.id: 'D3B029CA-A78A-4AD0-B065-5E40F898A58E'
08-25 23:01:44 com_github_MitjaNemec_ReplicateLayout.replicate_layout 792:Net pairs for sheet ['/SensorModule3/'] :[('/SensorModule2/ControlSig', '/SensorModule3/ControlSig'), ('+5V', '+5V'), ('GND', 'GND'), ('/SensorModule2/SigOut', '/SensorModule3/SigOut'), ('Net-(Q5-C)', 'Net-(Q7-C)')]
08-25 23:01:44 com_github_MitjaNemec_ReplicateLayout.replicate_layout 1020:Replicating tracks on sheet ['/SensorModule30/']
08-25 23:01:44 com_github_MitjaNemec_ReplicateLayout.replicate_layout 835:Src fp.id: 'D3B029CA-A78A-4AD0-B065-5E40F898A58E'
08-25 23:01:44 com_github_MitjaNemec_ReplicateLayout.replicate_layout 839:Dst fp.id: 'D3B029CA-A78A-4AD0-B065-5E40F898A58E'
08-25 23:01:44 com_github_MitjaNemec_ReplicateLayout.replicate_layout 792:Net pairs for sheet ['/SensorModule30/'] :[('/SensorModule2/SigOut', '/SensorModule30/SigOut'), ('+5V', '+5V'), ('GND', 'GND'), ('Net-(Q5-C)', 'Net-(Q61-C)'), ('/SensorModule2/ControlSig', '/SensorModule30/ControlSig')]
08-25 23:01:44 com_github_MitjaNemec_ReplicateLayout.replicate_layout 1020:Replicating tracks on sheet ['/SensorModule31/']
08-25 23:01:44 com_github_MitjaNemec_ReplicateLayout.replicate_layout 835:Src fp.id: 'D3B029CA-A78A-4AD0-B065-5E40F898A58E'
08-25 23:01:44 com_github_MitjaNemec_ReplicateLayout.replicate_layout 839:Dst fp.id: 'D3B029CA-A78A-4AD0-B065-5E40F898A58E'
08-25 23:01:44 com_github_MitjaNemec_ReplicateLayout.replicate_layout 792:Net pairs for sheet ['/SensorModule31/'] :[('+5V', '+5V'), ('GND', 'GND'), ('/SensorModule2/ControlSig', '/SensorModule31/ControlSig'), ('/SensorModule2/SigOut', '/SensorModule31/SigOut'), ('Net-(Q5-C)', 'Net-(Q63-C)')]
08-25 23:01:44 com_github_MitjaNemec_ReplicateLayout.replicate_layout 1020:Replicating tracks on sheet ['/SensorModule32/']
08-25 23:01:44 com_github_MitjaNemec_ReplicateLayout.replicate_layout 835:Src fp.id: 'D3B029CA-A78A-4AD0-B065-5E40F898A58E'
08-25 23:01:44 com_github_MitjaNemec_ReplicateLayout.replicate_layout 839:Dst fp.id: 'D3B029CA-A78A-4AD0-B065-5E40F898A58E'
08-25 23:01:44 com_github_MitjaNemec_ReplicateLayout.replicate_layout 792:Net pairs for sheet ['/SensorModule32/'] :[('/SensorModule2/SigOut', '/SensorModule32/SigOut'), ('/SensorModule2/ControlSig', '/SensorModule32/ControlSig'), ('+5V', '+5V'), ('GND', 'GND'), ('Net-(Q5-C)', 'Net-(Q65-C)')]
08-25 23:01:44 com_github_MitjaNemec_ReplicateLayout.replicate_layout 1020:Replicating tracks on sheet ['/SensorModule33/']
08-25 23:01:44 com_github_MitjaNemec_ReplicateLayout.replicate_layout 835:Src fp.id: 'D3B029CA-A78A-4AD0-B065-5E40F898A58E'
08-25 23:01:44 com_github_MitjaNemec_ReplicateLayout.replicate_layout 839:Dst fp.id: 'D3B029CA-A78A-4AD0-B065-5E40F898A58E'
08-25 23:01:44 com_github_MitjaNemec_ReplicateLayout.replicate_layout 792:Net pairs for sheet ['/SensorModule33/'] :[('+5V', '+5V'), ('GND', 'GND'), ('/SensorModule2/ControlSig', '/SensorModule33/ControlSig'), ('Net-(Q5-C)', 'Net-(Q67-C)'), ('/SensorModule2/SigOut', '/SensorModule33/SigOut')]
08-25 23:01:44 com_github_MitjaNemec_ReplicateLayout.replicate_layout 1020:Replicating tracks on sheet ['/SensorModule34/']
08-25 23:01:44 com_github_MitjaNemec_ReplicateLayout.replicate_layout 835:Src fp.id: 'D3B029CA-A78A-4AD0-B065-5E40F898A58E'
08-25 23:01:44 com_github_MitjaNemec_ReplicateLayout.replicate_layout 839:Dst fp.id: 'D3B029CA-A78A-4AD0-B065-5E40F898A58E'
08-25 23:01:44 com_github_MitjaNemec_ReplicateLayout.replicate_layout 792:Net pairs for sheet ['/SensorModule34/'] :[('/SensorModule2/ControlSig', '/SensorModule34/ControlSig'), ('Net-(Q5-C)', 'Net-(Q69-C)'), ('+5V', '+5V'), ('GND', 'GND'), ('/SensorModule2/SigOut', '/SensorModule34/SigOut')]
08-25 23:01:44 root 345:updating GUI with: 75
08-25 23:01:44 com_github_MitjaNemec_ReplicateLayout.replicate_layout 1020:Replicating tracks on sheet ['/SensorModule35/']
08-25 23:01:44 com_github_MitjaNemec_ReplicateLayout.replicate_layout 835:Src fp.id: 'D3B029CA-A78A-4AD0-B065-5E40F898A58E'
08-25 23:01:44 com_github_MitjaNemec_ReplicateLayout.replicate_layout 839:Dst fp.id: 'D3B029CA-A78A-4AD0-B065-5E40F898A58E'
08-25 23:01:44 com_github_MitjaNemec_ReplicateLayout.replicate_layout 792:Net pairs for sheet ['/SensorModule35/'] :[('+5V', '+5V'), ('GND', 'GND'), ('/SensorModule2/SigOut', '/SensorModule35/SigOut'), ('Net-(Q5-C)', 'Net-(Q71-C)'), ('/SensorModule2/ControlSig', '/SensorModule35/ControlSig')]
08-25 23:01:44 com_github_MitjaNemec_ReplicateLayout.replicate_layout 1020:Replicating tracks on sheet ['/SensorModule36/']
08-25 23:01:44 com_github_MitjaNemec_ReplicateLayout.replicate_layout 835:Src fp.id: 'D3B029CA-A78A-4AD0-B065-5E40F898A58E'
08-25 23:01:44 com_github_MitjaNemec_ReplicateLayout.replicate_layout 839:Dst fp.id: 'D3B029CA-A78A-4AD0-B065-5E40F898A58E'
08-25 23:01:44 com_github_MitjaNemec_ReplicateLayout.replicate_layout 792:Net pairs for sheet ['/SensorModule36/'] :[('+5V', '+5V'), ('GND', 'GND'), ('/SensorModule2/ControlSig', '/SensorModule36/ControlSig'), ('/SensorModule2/SigOut', '/SensorModule36/SigOut'), ('Net-(Q5-C)', 'Net-(Q73-C)')]
08-25 23:01:44 com_github_MitjaNemec_ReplicateLayout.replicate_layout 1020:Replicating tracks on sheet ['/SensorModule4/']
08-25 23:01:44 com_github_MitjaNemec_ReplicateLayout.replicate_layout 835:Src fp.id: 'D3B029CA-A78A-4AD0-B065-5E40F898A58E'
08-25 23:01:44 com_github_MitjaNemec_ReplicateLayout.replicate_layout 839:Dst fp.id: 'D3B029CA-A78A-4AD0-B065-5E40F898A58E'
08-25 23:01:44 com_github_MitjaNemec_ReplicateLayout.replicate_layout 792:Net pairs for sheet ['/SensorModule4/'] :[('/SensorModule2/SigOut', '/SensorModule4/SigOut'), ('/SensorModule2/ControlSig', '/SensorModule4/ControlSig'), ('+5V', '+5V'), ('GND', 'GND'), ('Net-(Q5-C)', 'Net-(Q10-G)')]
08-25 23:01:44 com_github_MitjaNemec_ReplicateLayout.replicate_layout 1020:Replicating tracks on sheet ['/SensorModule5/']
08-25 23:01:44 com_github_MitjaNemec_ReplicateLayout.replicate_layout 835:Src fp.id: 'D3B029CA-A78A-4AD0-B065-5E40F898A58E'
08-25 23:01:44 com_github_MitjaNemec_ReplicateLayout.replicate_layout 839:Dst fp.id: 'D3B029CA-A78A-4AD0-B065-5E40F898A58E'
08-25 23:01:44 com_github_MitjaNemec_ReplicateLayout.replicate_layout 792:Net pairs for sheet ['/SensorModule5/'] :[('/SensorModule2/SigOut', '/SensorModule5/SigOut'), ('+5V', '+5V'), ('GND', 'GND'), ('/SensorModule2/ControlSig', '/SensorModule5/ControlSig'), ('Net-(Q5-C)', 'Net-(Q11-C)')]
08-25 23:01:44 com_github_MitjaNemec_ReplicateLayout.replicate_layout 1020:Replicating tracks on sheet ['/SensorModule6/']
08-25 23:01:44 com_github_MitjaNemec_ReplicateLayout.replicate_layout 835:Src fp.id: 'D3B029CA-A78A-4AD0-B065-5E40F898A58E'
08-25 23:01:44 com_github_MitjaNemec_ReplicateLayout.replicate_layout 839:Dst fp.id: 'D3B029CA-A78A-4AD0-B065-5E40F898A58E'
08-25 23:01:44 com_github_MitjaNemec_ReplicateLayout.replicate_layout 792:Net pairs for sheet ['/SensorModule6/'] :[('/SensorModule2/ControlSig', '/SensorModule6/ControlSig'), ('+5V', '+5V'), ('GND', 'GND'), ('Net-(Q5-C)', 'Net-(Q13-C)'), ('/SensorModule2/SigOut', '/SensorModule6/SigOut')]
08-25 23:01:44 com_github_MitjaNemec_ReplicateLayout.replicate_layout 1020:Replicating tracks on sheet ['/SensorModule7/']
08-25 23:01:44 com_github_MitjaNemec_ReplicateLayout.replicate_layout 835:Src fp.id: 'D3B029CA-A78A-4AD0-B065-5E40F898A58E'
08-25 23:01:44 com_github_MitjaNemec_ReplicateLayout.replicate_layout 839:Dst fp.id: 'D3B029CA-A78A-4AD0-B065-5E40F898A58E'
08-25 23:01:44 com_github_MitjaNemec_ReplicateLayout.replicate_layout 792:Net pairs for sheet ['/SensorModule7/'] :[('+5V', '+5V'), ('/SensorModule2/SigOut', '/SensorModule7/SigOut'), ('GND', 'GND'), ('/SensorModule2/ControlSig', '/SensorModule7/ControlSig'), ('Net-(Q5-C)', 'Net-(Q15-C)')]
08-25 23:01:44 com_github_MitjaNemec_ReplicateLayout.replicate_layout 1020:Replicating tracks on sheet ['/SensorModule8/']
08-25 23:01:44 com_github_MitjaNemec_ReplicateLayout.replicate_layout 835:Src fp.id: 'D3B029CA-A78A-4AD0-B065-5E40F898A58E'
08-25 23:01:44 com_github_MitjaNemec_ReplicateLayout.replicate_layout 839:Dst fp.id: 'D3B029CA-A78A-4AD0-B065-5E40F898A58E'
08-25 23:01:44 com_github_MitjaNemec_ReplicateLayout.replicate_layout 792:Net pairs for sheet ['/SensorModule8/'] :[('/SensorModule2/SigOut', '/SensorModule8/SigOut'), ('Net-(Q5-C)', 'Net-(Q17-C)'), ('+5V', '+5V'), ('GND', 'GND'), ('/SensorModule2/ControlSig', '/SensorModule8/ControlSig')]
08-25 23:01:44 root 345:updating GUI with: 94
08-25 23:01:44 com_github_MitjaNemec_ReplicateLayout.replicate_layout 1020:Replicating tracks on sheet ['/SensorModule9/']
08-25 23:01:44 com_github_MitjaNemec_ReplicateLayout.replicate_layout 835:Src fp.id: 'D3B029CA-A78A-4AD0-B065-5E40F898A58E'
08-25 23:01:44 com_github_MitjaNemec_ReplicateLayout.replicate_layout 839:Dst fp.id: 'D3B029CA-A78A-4AD0-B065-5E40F898A58E'
08-25 23:01:44 com_github_MitjaNemec_ReplicateLayout.replicate_layout 792:Net pairs for sheet ['/SensorModule9/'] :[('Net-(Q5-C)', 'Net-(Q19-C)'), ('+5V', '+5V'), ('GND', 'GND'), ('/SensorModule2/ControlSig', '/SensorModule9/ControlSig'), ('/SensorModule2/SigOut', '/SensorModule9/SigOut')]
08-25 23:01:44 root 340:updating GUI message: 'Replicating zones'
08-25 23:01:44 com_github_MitjaNemec_ReplicateLayout.replicate_layout 1084:Replicating zones
08-25 23:01:44 com_github_MitjaNemec_ReplicateLayout.replicate_layout 1091:Replicating zones on sheet ['/SensorModule/']
08-25 23:01:44 com_github_MitjaNemec_ReplicateLayout.replicate_layout 835:Src fp.id: 'D3B029CA-A78A-4AD0-B065-5E40F898A58E'
08-25 23:01:44 com_github_MitjaNemec_ReplicateLayout.replicate_layout 839:Dst fp.id: 'D3B029CA-A78A-4AD0-B065-5E40F898A58E'
08-25 23:01:44 com_github_MitjaNemec_ReplicateLayout.replicate_layout 792:Net pairs for sheet ['/SensorModule/'] :[('Net-(Q5-C)', 'Net-(Q1-G)'), ('/SensorModule2/ControlSig', '/SensorModule/ControlSig'), ('+5V', '+5V'), ('GND', 'GND'), ('/SensorModule2/SigOut', '/SensorModule/SigOut')]
08-25 23:01:44 com_github_MitjaNemec_ReplicateLayout.replicate_layout 1091:Replicating zones on sheet ['/SensorModule1/']
08-25 23:01:44 com_github_MitjaNemec_ReplicateLayout.replicate_layout 835:Src fp.id: 'D3B029CA-A78A-4AD0-B065-5E40F898A58E'
08-25 23:01:44 com_github_MitjaNemec_ReplicateLayout.replicate_layout 839:Dst fp.id: 'D3B029CA-A78A-4AD0-B065-5E40F898A58E'
08-25 23:01:44 com_github_MitjaNemec_ReplicateLayout.replicate_layout 792:Net pairs for sheet ['/SensorModule1/'] :[('+5V', '+5V'), ('GND', 'GND'), ('/SensorModule2/SigOut', '/SensorModule1/SigOut'), ('Net-(Q5-C)', 'Net-(Q3-C)'), ('/SensorModule2/ControlSig', '/SensorModule1/ControlSig')]
08-25 23:01:44 com_github_MitjaNemec_ReplicateLayout.replicate_layout 1091:Replicating zones on sheet ['/SensorModule10/']
08-25 23:01:44 com_github_MitjaNemec_ReplicateLayout.replicate_layout 835:Src fp.id: 'D3B029CA-A78A-4AD0-B065-5E40F898A58E'
08-25 23:01:44 com_github_MitjaNemec_ReplicateLayout.replicate_layout 839:Dst fp.id: 'D3B029CA-A78A-4AD0-B065-5E40F898A58E'
08-25 23:01:44 com_github_MitjaNemec_ReplicateLayout.replicate_layout 792:Net pairs for sheet ['/SensorModule10/'] :[('+5V', '+5V'), ('GND', 'GND'), ('/SensorModule2/ControlSig', '/SensorModule10/ControlSig'), ('/SensorModule2/SigOut', '/SensorModule10/SigOut'), ('Net-(Q5-C)', 'Net-(Q21-C)')]
08-25 23:01:44 com_github_MitjaNemec_ReplicateLayout.replicate_layout 1091:Replicating zones on sheet ['/SensorModule11/']
08-25 23:01:44 com_github_MitjaNemec_ReplicateLayout.replicate_layout 835:Src fp.id: 'D3B029CA-A78A-4AD0-B065-5E40F898A58E'
08-25 23:01:44 com_github_MitjaNemec_ReplicateLayout.replicate_layout 839:Dst fp.id: 'D3B029CA-A78A-4AD0-B065-5E40F898A58E'
08-25 23:01:44 com_github_MitjaNemec_ReplicateLayout.replicate_layout 792:Net pairs for sheet ['/SensorModule11/'] :[('Net-(Q5-C)', 'Net-(Q23-C)'), ('+5V', '+5V'), ('GND', 'GND'), ('/SensorModule2/SigOut', '/SensorModule11/SigOut'), ('/SensorModule2/ControlSig', '/SensorModule11/ControlSig')]
08-25 23:01:44 com_github_MitjaNemec_ReplicateLayout.replicate_layout 1091:Replicating zones on sheet ['/SensorModule12/']
08-25 23:01:44 com_github_MitjaNemec_ReplicateLayout.replicate_layout 835:Src fp.id: 'D3B029CA-A78A-4AD0-B065-5E40F898A58E'
08-25 23:01:44 com_github_MitjaNemec_ReplicateLayout.replicate_layout 839:Dst fp.id: 'D3B029CA-A78A-4AD0-B065-5E40F898A58E'
08-25 23:01:44 com_github_MitjaNemec_ReplicateLayout.replicate_layout 792:Net pairs for sheet ['/SensorModule12/'] :[('/SensorModule2/ControlSig', '/SensorModule12/ControlSig'), ('+5V', '+5V'), ('GND', 'GND'), ('Net-(Q5-C)', 'Net-(Q25-C)'), ('/SensorModule2/SigOut', '/SensorModule12/SigOut')]
08-25 23:01:44 com_github_MitjaNemec_ReplicateLayout.replicate_layout 1091:Replicating zones on sheet ['/SensorModule13/']
08-25 23:01:44 com_github_MitjaNemec_ReplicateLayout.replicate_layout 835:Src fp.id: 'D3B029CA-A78A-4AD0-B065-5E40F898A58E'
08-25 23:01:44 com_github_MitjaNemec_ReplicateLayout.replicate_layout 839:Dst fp.id: 'D3B029CA-A78A-4AD0-B065-5E40F898A58E'
08-25 23:01:44 com_github_MitjaNemec_ReplicateLayout.replicate_layout 792:Net pairs for sheet ['/SensorModule13/'] :[('/SensorModule2/ControlSig', '/SensorModule13/ControlSig'), ('+5V', '+5V'), ('GND', 'GND'), ('Net-(Q5-C)', 'Net-(Q27-C)'), ('/SensorModule2/SigOut', '/SensorModule13/SigOut')]
08-25 23:01:44 com_github_MitjaNemec_ReplicateLayout.replicate_layout 1091:Replicating zones on sheet ['/SensorModule14/']
08-25 23:01:44 com_github_MitjaNemec_ReplicateLayout.replicate_layout 835:Src fp.id: 'D3B029CA-A78A-4AD0-B065-5E40F898A58E'
08-25 23:01:44 com_github_MitjaNemec_ReplicateLayout.replicate_layout 839:Dst fp.id: 'D3B029CA-A78A-4AD0-B065-5E40F898A58E'
08-25 23:01:44 com_github_MitjaNemec_ReplicateLayout.replicate_layout 792:Net pairs for sheet ['/SensorModule14/'] :[('Net-(Q5-C)', 'Net-(Q29-C)'), ('/SensorModule2/SigOut', '/SensorModule14/SigOut'), ('+5V', '+5V'), ('GND', 'GND'), ('/SensorModule2/ControlSig', '/SensorModule14/ControlSig')]
08-25 23:01:44 com_github_MitjaNemec_ReplicateLayout.replicate_layout 1091:Replicating zones on sheet ['/SensorModule15/']
08-25 23:01:44 com_github_MitjaNemec_ReplicateLayout.replicate_layout 835:Src fp.id: 'D3B029CA-A78A-4AD0-B065-5E40F898A58E'
08-25 23:01:44 com_github_MitjaNemec_ReplicateLayout.replicate_layout 839:Dst fp.id: 'D3B029CA-A78A-4AD0-B065-5E40F898A58E'
08-25 23:01:44 com_github_MitjaNemec_ReplicateLayout.replicate_layout 792:Net pairs for sheet ['/SensorModule15/'] :[('/SensorModule2/SigOut', '/SensorModule15/SigOut'), ('+5V', '+5V'), ('GND', 'GND'), ('/SensorModule2/ControlSig', '/SensorModule15/ControlSig'), ('Net-(Q5-C)', 'Net-(Q31-C)')]
08-25 23:01:44 com_github_MitjaNemec_ReplicateLayout.replicate_layout 1091:Replicating zones on sheet ['/SensorModule16/']
08-25 23:01:44 com_github_MitjaNemec_ReplicateLayout.replicate_layout 835:Src fp.id: 'D3B029CA-A78A-4AD0-B065-5E40F898A58E'
08-25 23:01:44 com_github_MitjaNemec_ReplicateLayout.replicate_layout 839:Dst fp.id: 'D3B029CA-A78A-4AD0-B065-5E40F898A58E'
08-25 23:01:44 com_github_MitjaNemec_ReplicateLayout.replicate_layout 792:Net pairs for sheet ['/SensorModule16/'] :[('/SensorModule2/SigOut', '/SensorModule16/SigOut'), ('Net-(Q5-C)', 'Net-(Q33-C)'), ('+5V', '+5V'), ('GND', 'GND'), ('/SensorModule2/ControlSig', '/SensorModule16/ControlSig')]
08-25 23:01:44 root 345:updating GUI with: 25
08-25 23:01:44 com_github_MitjaNemec_ReplicateLayout.replicate_layout 1091:Replicating zones on sheet ['/SensorModule17/']
08-25 23:01:44 com_github_MitjaNemec_ReplicateLayout.replicate_layout 835:Src fp.id: 'D3B029CA-A78A-4AD0-B065-5E40F898A58E'
08-25 23:01:44 com_github_MitjaNemec_ReplicateLayout.replicate_layout 839:Dst fp.id: 'D3B029CA-A78A-4AD0-B065-5E40F898A58E'
08-25 23:01:44 com_github_MitjaNemec_ReplicateLayout.replicate_layout 792:Net pairs for sheet ['/SensorModule17/'] :[('Net-(Q5-C)', 'Net-(Q35-C)'), ('/SensorModule2/SigOut', '/SensorModule17/SigOut'), ('+5V', '+5V'), ('GND', 'GND'), ('/SensorModule2/ControlSig', '/SensorModule17/ControlSig')]
08-25 23:01:44 com_github_MitjaNemec_ReplicateLayout.replicate_layout 1091:Replicating zones on sheet ['/SensorModule18/']
08-25 23:01:44 com_github_MitjaNemec_ReplicateLayout.replicate_layout 835:Src fp.id: 'D3B029CA-A78A-4AD0-B065-5E40F898A58E'
08-25 23:01:44 com_github_MitjaNemec_ReplicateLayout.replicate_layout 839:Dst fp.id: 'D3B029CA-A78A-4AD0-B065-5E40F898A58E'
08-25 23:01:44 com_github_MitjaNemec_ReplicateLayout.replicate_layout 792:Net pairs for sheet ['/SensorModule18/'] :[('Net-(Q5-C)', 'Net-(Q37-C)'), ('/SensorModule2/ControlSig', '/SensorModule18/ControlSig'), ('+5V', '+5V'), ('GND', 'GND'), ('/SensorModule2/SigOut', '/SensorModule18/SigOut')]
08-25 23:01:44 com_github_MitjaNemec_ReplicateLayout.replicate_layout 1091:Replicating zones on sheet ['/SensorModule19/']
08-25 23:01:44 com_github_MitjaNemec_ReplicateLayout.replicate_layout 835:Src fp.id: 'D3B029CA-A78A-4AD0-B065-5E40F898A58E'
08-25 23:01:44 com_github_MitjaNemec_ReplicateLayout.replicate_layout 839:Dst fp.id: 'D3B029CA-A78A-4AD0-B065-5E40F898A58E'
08-25 23:01:44 com_github_MitjaNemec_ReplicateLayout.replicate_layout 792:Net pairs for sheet ['/SensorModule19/'] :[('/SensorModule2/SigOut', '/SensorModule19/SigOut'), ('+5V', '+5V'), ('GND', 'GND'), ('Net-(Q5-C)', 'Net-(Q39-C)'), ('/SensorModule2/ControlSig', '/SensorModule19/ControlSig')]
08-25 23:01:44 com_github_MitjaNemec_ReplicateLayout.replicate_layout 1091:Replicating zones on sheet ['/SensorModule20/']
08-25 23:01:44 com_github_MitjaNemec_ReplicateLayout.replicate_layout 835:Src fp.id: 'D3B029CA-A78A-4AD0-B065-5E40F898A58E'
08-25 23:01:44 com_github_MitjaNemec_ReplicateLayout.replicate_layout 839:Dst fp.id: 'D3B029CA-A78A-4AD0-B065-5E40F898A58E'
08-25 23:01:44 com_github_MitjaNemec_ReplicateLayout.replicate_layout 792:Net pairs for sheet ['/SensorModule20/'] :[('/SensorModule2/ControlSig', '/SensorModule20/ControlSig'), ('Net-(Q5-C)', 'Net-(Q41-C)'), ('+5V', '+5V'), ('GND', 'GND'), ('/SensorModule2/SigOut', '/SensorModule20/SigOut')]
08-25 23:01:44 com_github_MitjaNemec_ReplicateLayout.replicate_layout 1091:Replicating zones on sheet ['/SensorModule21/']
08-25 23:01:44 com_github_MitjaNemec_ReplicateLayout.replicate_layout 835:Src fp.id: 'D3B029CA-A78A-4AD0-B065-5E40F898A58E'
08-25 23:01:44 com_github_MitjaNemec_ReplicateLayout.replicate_layout 839:Dst fp.id: 'D3B029CA-A78A-4AD0-B065-5E40F898A58E'
08-25 23:01:44 com_github_MitjaNemec_ReplicateLayout.replicate_layout 792:Net pairs for sheet ['/SensorModule21/'] :[('+5V', '+5V'), ('GND', 'GND'), ('/SensorModule2/ControlSig', '/SensorModule21/ControlSig'), ('/SensorModule2/SigOut', '/SensorModule21/SigOut'), ('Net-(Q5-C)', 'Net-(Q43-C)')]
08-25 23:01:44 com_github_MitjaNemec_ReplicateLayout.replicate_layout 1091:Replicating zones on sheet ['/SensorModule22/']
08-25 23:01:44 com_github_MitjaNemec_ReplicateLayout.replicate_layout 835:Src fp.id: 'D3B029CA-A78A-4AD0-B065-5E40F898A58E'
08-25 23:01:44 com_github_MitjaNemec_ReplicateLayout.replicate_layout 839:Dst fp.id: 'D3B029CA-A78A-4AD0-B065-5E40F898A58E'
08-25 23:01:44 com_github_MitjaNemec_ReplicateLayout.replicate_layout 792:Net pairs for sheet ['/SensorModule22/'] :[('+5V', '+5V'), ('GND', 'GND'), ('/SensorModule2/ControlSig', '/SensorModule22/ControlSig'), ('Net-(Q5-C)', 'Net-(Q45-C)'), ('/SensorModule2/SigOut', '/SensorModule22/SigOut')]
08-25 23:01:44 com_github_MitjaNemec_ReplicateLayout.replicate_layout 1091:Replicating zones on sheet ['/SensorModule23/']
08-25 23:01:44 com_github_MitjaNemec_ReplicateLayout.replicate_layout 835:Src fp.id: 'D3B029CA-A78A-4AD0-B065-5E40F898A58E'
08-25 23:01:44 com_github_MitjaNemec_ReplicateLayout.replicate_layout 839:Dst fp.id: 'D3B029CA-A78A-4AD0-B065-5E40F898A58E'
08-25 23:01:44 com_github_MitjaNemec_ReplicateLayout.replicate_layout 792:Net pairs for sheet ['/SensorModule23/'] :[('/SensorModule2/ControlSig', '/SensorModule23/ControlSig'), ('+5V', '+5V'), ('GND', 'GND'), ('/SensorModule2/SigOut', '/SensorModule23/SigOut'), ('Net-(Q5-C)', 'Net-(Q47-C)')]
08-25 23:01:44 com_github_MitjaNemec_ReplicateLayout.replicate_layout 1091:Replicating zones on sheet ['/SensorModule24/']
08-25 23:01:44 com_github_MitjaNemec_ReplicateLayout.replicate_layout 835:Src fp.id: 'D3B029CA-A78A-4AD0-B065-5E40F898A58E'
08-25 23:01:44 com_github_MitjaNemec_ReplicateLayout.replicate_layout 839:Dst fp.id: 'D3B029CA-A78A-4AD0-B065-5E40F898A58E'
08-25 23:01:44 com_github_MitjaNemec_ReplicateLayout.replicate_layout 792:Net pairs for sheet ['/SensorModule24/'] :[('+5V', '+5V'), ('GND', 'GND'), ('/SensorModule2/ControlSig', '/SensorModule24/ControlSig'), ('/SensorModule2/SigOut', '/SensorModule24/SigOut'), ('Net-(Q5-C)', 'Net-(Q49-C)')]
08-25 23:01:44 com_github_MitjaNemec_ReplicateLayout.replicate_layout 1091:Replicating zones on sheet ['/SensorModule25/']
08-25 23:01:44 com_github_MitjaNemec_ReplicateLayout.replicate_layout 835:Src fp.id: 'D3B029CA-A78A-4AD0-B065-5E40F898A58E'
08-25 23:01:44 com_github_MitjaNemec_ReplicateLayout.replicate_layout 839:Dst fp.id: 'D3B029CA-A78A-4AD0-B065-5E40F898A58E'
08-25 23:01:44 com_github_MitjaNemec_ReplicateLayout.replicate_layout 792:Net pairs for sheet ['/SensorModule25/'] :[('/SensorModule2/SigOut', '/SensorModule25/SigOut'), ('+5V', '+5V'), ('GND', 'GND'), ('Net-(Q5-C)', 'Net-(Q51-C)'), ('/SensorModule2/ControlSig', '/SensorModule25/ControlSig')]
08-25 23:01:44 com_github_MitjaNemec_ReplicateLayout.replicate_layout 1091:Replicating zones on sheet ['/SensorModule26/']
08-25 23:01:44 com_github_MitjaNemec_ReplicateLayout.replicate_layout 835:Src fp.id: 'D3B029CA-A78A-4AD0-B065-5E40F898A58E'
08-25 23:01:44 com_github_MitjaNemec_ReplicateLayout.replicate_layout 839:Dst fp.id: 'D3B029CA-A78A-4AD0-B065-5E40F898A58E'
08-25 23:01:44 com_github_MitjaNemec_ReplicateLayout.replicate_layout 792:Net pairs for sheet ['/SensorModule26/'] :[('/SensorModule2/ControlSig', '/SensorModule26/ControlSig'), ('Net-(Q5-C)', 'Net-(Q53-C)'), ('/SensorModule2/SigOut', '/SensorModule26/SigOut'), ('+5V', '+5V'), ('GND', 'GND')]
08-25 23:01:44 root 345:updating GUI with: 52
08-25 23:01:44 com_github_MitjaNemec_ReplicateLayout.replicate_layout 1091:Replicating zones on sheet ['/SensorModule27/']
08-25 23:01:44 com_github_MitjaNemec_ReplicateLayout.replicate_layout 835:Src fp.id: 'D3B029CA-A78A-4AD0-B065-5E40F898A58E'
08-25 23:01:44 com_github_MitjaNemec_ReplicateLayout.replicate_layout 839:Dst fp.id: 'D3B029CA-A78A-4AD0-B065-5E40F898A58E'
08-25 23:01:44 com_github_MitjaNemec_ReplicateLayout.replicate_layout 792:Net pairs for sheet ['/SensorModule27/'] :[('/SensorModule2/SigOut', '/SensorModule27/SigOut'), ('/SensorModule2/ControlSig', '/SensorModule27/ControlSig'), ('Net-(Q5-C)', 'Net-(Q55-C)'), ('+5V', '+5V'), ('GND', 'GND')]
08-25 23:01:44 com_github_MitjaNemec_ReplicateLayout.replicate_layout 1091:Replicating zones on sheet ['/SensorModule28/']
08-25 23:01:44 com_github_MitjaNemec_ReplicateLayout.replicate_layout 835:Src fp.id: 'D3B029CA-A78A-4AD0-B065-5E40F898A58E'
08-25 23:01:44 com_github_MitjaNemec_ReplicateLayout.replicate_layout 839:Dst fp.id: 'D3B029CA-A78A-4AD0-B065-5E40F898A58E'
08-25 23:01:44 com_github_MitjaNemec_ReplicateLayout.replicate_layout 792:Net pairs for sheet ['/SensorModule28/'] :[('+5V', '+5V'), ('GND', 'GND'), ('/SensorModule2/SigOut', '/SensorModule28/SigOut'), ('/SensorModule2/ControlSig', '/SensorModule28/ControlSig'), ('Net-(Q5-C)', 'Net-(Q57-C)')]
08-25 23:01:44 com_github_MitjaNemec_ReplicateLayout.replicate_layout 1091:Replicating zones on sheet ['/SensorModule29/']
08-25 23:01:44 com_github_MitjaNemec_ReplicateLayout.replicate_layout 835:Src fp.id: 'D3B029CA-A78A-4AD0-B065-5E40F898A58E'
08-25 23:01:44 com_github_MitjaNemec_ReplicateLayout.replicate_layout 839:Dst fp.id: 'D3B029CA-A78A-4AD0-B065-5E40F898A58E'
08-25 23:01:44 com_github_MitjaNemec_ReplicateLayout.replicate_layout 792:Net pairs for sheet ['/SensorModule29/'] :[('+5V', '+5V'), ('GND', 'GND'), ('/SensorModule2/SigOut', '/SensorModule29/SigOut'), ('Net-(Q5-C)', 'Net-(Q59-C)'), ('/SensorModule2/ControlSig', '/SensorModule29/ControlSig')]
08-25 23:01:44 com_github_MitjaNemec_ReplicateLayout.replicate_layout 1091:Replicating zones on sheet ['/SensorModule3/']
08-25 23:01:44 com_github_MitjaNemec_ReplicateLayout.replicate_layout 835:Src fp.id: 'D3B029CA-A78A-4AD0-B065-5E40F898A58E'
08-25 23:01:44 com_github_MitjaNemec_ReplicateLayout.replicate_layout 839:Dst fp.id: 'D3B029CA-A78A-4AD0-B065-5E40F898A58E'
08-25 23:01:44 com_github_MitjaNemec_ReplicateLayout.replicate_layout 792:Net pairs for sheet ['/SensorModule3/'] :[('/SensorModule2/ControlSig', '/SensorModule3/ControlSig'), ('+5V', '+5V'), ('GND', 'GND'), ('/SensorModule2/SigOut', '/SensorModule3/SigOut'), ('Net-(Q5-C)', 'Net-(Q7-C)')]
08-25 23:01:44 com_github_MitjaNemec_ReplicateLayout.replicate_layout 1091:Replicating zones on sheet ['/SensorModule30/']
08-25 23:01:44 com_github_MitjaNemec_ReplicateLayout.replicate_layout 835:Src fp.id: 'D3B029CA-A78A-4AD0-B065-5E40F898A58E'
08-25 23:01:44 com_github_MitjaNemec_ReplicateLayout.replicate_layout 839:Dst fp.id: 'D3B029CA-A78A-4AD0-B065-5E40F898A58E'
08-25 23:01:44 com_github_MitjaNemec_ReplicateLayout.replicate_layout 792:Net pairs for sheet ['/SensorModule30/'] :[('/SensorModule2/SigOut', '/SensorModule30/SigOut'), ('+5V', '+5V'), ('GND', 'GND'), ('Net-(Q5-C)', 'Net-(Q61-C)'), ('/SensorModule2/ControlSig', '/SensorModule30/ControlSig')]
08-25 23:01:44 com_github_MitjaNemec_ReplicateLayout.replicate_layout 1091:Replicating zones on sheet ['/SensorModule31/']
08-25 23:01:44 com_github_MitjaNemec_ReplicateLayout.replicate_layout 835:Src fp.id: 'D3B029CA-A78A-4AD0-B065-5E40F898A58E'
08-25 23:01:44 com_github_MitjaNemec_ReplicateLayout.replicate_layout 839:Dst fp.id: 'D3B029CA-A78A-4AD0-B065-5E40F898A58E'
08-25 23:01:44 com_github_MitjaNemec_ReplicateLayout.replicate_layout 792:Net pairs for sheet ['/SensorModule31/'] :[('+5V', '+5V'), ('GND', 'GND'), ('/SensorModule2/ControlSig', '/SensorModule31/ControlSig'), ('/SensorModule2/SigOut', '/SensorModule31/SigOut'), ('Net-(Q5-C)', 'Net-(Q63-C)')]
08-25 23:01:44 com_github_MitjaNemec_ReplicateLayout.replicate_layout 1091:Replicating zones on sheet ['/SensorModule32/']
08-25 23:01:44 com_github_MitjaNemec_ReplicateLayout.replicate_layout 835:Src fp.id: 'D3B029CA-A78A-4AD0-B065-5E40F898A58E'
08-25 23:01:44 com_github_MitjaNemec_ReplicateLayout.replicate_layout 839:Dst fp.id: 'D3B029CA-A78A-4AD0-B065-5E40F898A58E'
08-25 23:01:44 com_github_MitjaNemec_ReplicateLayout.replicate_layout 792:Net pairs for sheet ['/SensorModule32/'] :[('/SensorModule2/SigOut', '/SensorModule32/SigOut'), ('/SensorModule2/ControlSig', '/SensorModule32/ControlSig'), ('+5V', '+5V'), ('GND', 'GND'), ('Net-(Q5-C)', 'Net-(Q65-C)')]
08-25 23:01:44 com_github_MitjaNemec_ReplicateLayout.replicate_layout 1091:Replicating zones on sheet ['/SensorModule33/']
08-25 23:01:44 com_github_MitjaNemec_ReplicateLayout.replicate_layout 835:Src fp.id: 'D3B029CA-A78A-4AD0-B065-5E40F898A58E'
08-25 23:01:44 com_github_MitjaNemec_ReplicateLayout.replicate_layout 839:Dst fp.id: 'D3B029CA-A78A-4AD0-B065-5E40F898A58E'
08-25 23:01:44 com_github_MitjaNemec_ReplicateLayout.replicate_layout 792:Net pairs for sheet ['/SensorModule33/'] :[('+5V', '+5V'), ('GND', 'GND'), ('/SensorModule2/ControlSig', '/SensorModule33/ControlSig'), ('Net-(Q5-C)', 'Net-(Q67-C)'), ('/SensorModule2/SigOut', '/SensorModule33/SigOut')]
08-25 23:01:44 com_github_MitjaNemec_ReplicateLayout.replicate_layout 1091:Replicating zones on sheet ['/SensorModule34/']
08-25 23:01:44 com_github_MitjaNemec_ReplicateLayout.replicate_layout 835:Src fp.id: 'D3B029CA-A78A-4AD0-B065-5E40F898A58E'
08-25 23:01:44 com_github_MitjaNemec_ReplicateLayout.replicate_layout 839:Dst fp.id: 'D3B029CA-A78A-4AD0-B065-5E40F898A58E'
08-25 23:01:44 com_github_MitjaNemec_ReplicateLayout.replicate_layout 792:Net pairs for sheet ['/SensorModule34/'] :[('/SensorModule2/ControlSig', '/SensorModule34/ControlSig'), ('Net-(Q5-C)', 'Net-(Q69-C)'), ('+5V', '+5V'), ('GND', 'GND'), ('/SensorModule2/SigOut', '/SensorModule34/SigOut')]
08-25 23:01:44 com_github_MitjaNemec_ReplicateLayout.replicate_layout 1091:Replicating zones on sheet ['/SensorModule35/']
08-25 23:01:44 com_github_MitjaNemec_ReplicateLayout.replicate_layout 835:Src fp.id: 'D3B029CA-A78A-4AD0-B065-5E40F898A58E'
08-25 23:01:44 com_github_MitjaNemec_ReplicateLayout.replicate_layout 839:Dst fp.id: 'D3B029CA-A78A-4AD0-B065-5E40F898A58E'
08-25 23:01:44 com_github_MitjaNemec_ReplicateLayout.replicate_layout 792:Net pairs for sheet ['/SensorModule35/'] :[('+5V', '+5V'), ('GND', 'GND'), ('/SensorModule2/SigOut', '/SensorModule35/SigOut'), ('Net-(Q5-C)', 'Net-(Q71-C)'), ('/SensorModule2/ControlSig', '/SensorModule35/ControlSig')]
08-25 23:01:44 root 345:updating GUI with: 80
08-25 23:01:44 com_github_MitjaNemec_ReplicateLayout.replicate_layout 1091:Replicating zones on sheet ['/SensorModule36/']
08-25 23:01:44 com_github_MitjaNemec_ReplicateLayout.replicate_layout 835:Src fp.id: 'D3B029CA-A78A-4AD0-B065-5E40F898A58E'
08-25 23:01:44 com_github_MitjaNemec_ReplicateLayout.replicate_layout 839:Dst fp.id: 'D3B029CA-A78A-4AD0-B065-5E40F898A58E'
08-25 23:01:44 com_github_MitjaNemec_ReplicateLayout.replicate_layout 792:Net pairs for sheet ['/SensorModule36/'] :[('+5V', '+5V'), ('GND', 'GND'), ('/SensorModule2/ControlSig', '/SensorModule36/ControlSig'), ('/SensorModule2/SigOut', '/SensorModule36/SigOut'), ('Net-(Q5-C)', 'Net-(Q73-C)')]
08-25 23:01:44 com_github_MitjaNemec_ReplicateLayout.replicate_layout 1091:Replicating zones on sheet ['/SensorModule4/']
08-25 23:01:44 com_github_MitjaNemec_ReplicateLayout.replicate_layout 835:Src fp.id: 'D3B029CA-A78A-4AD0-B065-5E40F898A58E'
08-25 23:01:44 com_github_MitjaNemec_ReplicateLayout.replicate_layout 839:Dst fp.id: 'D3B029CA-A78A-4AD0-B065-5E40F898A58E'
08-25 23:01:44 com_github_MitjaNemec_ReplicateLayout.replicate_layout 792:Net pairs for sheet ['/SensorModule4/'] :[('/SensorModule2/SigOut', '/SensorModule4/SigOut'), ('/SensorModule2/ControlSig', '/SensorModule4/ControlSig'), ('+5V', '+5V'), ('GND', 'GND'), ('Net-(Q5-C)', 'Net-(Q10-G)')]
08-25 23:01:44 com_github_MitjaNemec_ReplicateLayout.replicate_layout 1091:Replicating zones on sheet ['/SensorModule5/']
08-25 23:01:44 com_github_MitjaNemec_ReplicateLayout.replicate_layout 835:Src fp.id: 'D3B029CA-A78A-4AD0-B065-5E40F898A58E'
08-25 23:01:44 com_github_MitjaNemec_ReplicateLayout.replicate_layout 839:Dst fp.id: 'D3B029CA-A78A-4AD0-B065-5E40F898A58E'
08-25 23:01:44 com_github_MitjaNemec_ReplicateLayout.replicate_layout 792:Net pairs for sheet ['/SensorModule5/'] :[('/SensorModule2/SigOut', '/SensorModule5/SigOut'), ('+5V', '+5V'), ('GND', 'GND'), ('/SensorModule2/ControlSig', '/SensorModule5/ControlSig'), ('Net-(Q5-C)', 'Net-(Q11-C)')]
08-25 23:01:44 com_github_MitjaNemec_ReplicateLayout.replicate_layout 1091:Replicating zones on sheet ['/SensorModule6/']
08-25 23:01:44 com_github_MitjaNemec_ReplicateLayout.replicate_layout 835:Src fp.id: 'D3B029CA-A78A-4AD0-B065-5E40F898A58E'
08-25 23:01:44 com_github_MitjaNemec_ReplicateLayout.replicate_layout 839:Dst fp.id: 'D3B029CA-A78A-4AD0-B065-5E40F898A58E'
08-25 23:01:44 com_github_MitjaNemec_ReplicateLayout.replicate_layout 792:Net pairs for sheet ['/SensorModule6/'] :[('/SensorModule2/ControlSig', '/SensorModule6/ControlSig'), ('+5V', '+5V'), ('GND', 'GND'), ('Net-(Q5-C)', 'Net-(Q13-C)'), ('/SensorModule2/SigOut', '/SensorModule6/SigOut')]
08-25 23:01:44 com_github_MitjaNemec_ReplicateLayout.replicate_layout 1091:Replicating zones on sheet ['/SensorModule7/']
08-25 23:01:44 com_github_MitjaNemec_ReplicateLayout.replicate_layout 835:Src fp.id: 'D3B029CA-A78A-4AD0-B065-5E40F898A58E'
08-25 23:01:44 com_github_MitjaNemec_ReplicateLayout.replicate_layout 839:Dst fp.id: 'D3B029CA-A78A-4AD0-B065-5E40F898A58E'
08-25 23:01:44 com_github_MitjaNemec_ReplicateLayout.replicate_layout 792:Net pairs for sheet ['/SensorModule7/'] :[('+5V', '+5V'), ('/SensorModule2/SigOut', '/SensorModule7/SigOut'), ('GND', 'GND'), ('/SensorModule2/ControlSig', '/SensorModule7/ControlSig'), ('Net-(Q5-C)', 'Net-(Q15-C)')]
08-25 23:01:44 com_github_MitjaNemec_ReplicateLayout.replicate_layout 1091:Replicating zones on sheet ['/SensorModule8/']
08-25 23:01:44 com_github_MitjaNemec_ReplicateLayout.replicate_layout 835:Src fp.id: 'D3B029CA-A78A-4AD0-B065-5E40F898A58E'
08-25 23:01:44 com_github_MitjaNemec_ReplicateLayout.replicate_layout 839:Dst fp.id: 'D3B029CA-A78A-4AD0-B065-5E40F898A58E'
08-25 23:01:44 com_github_MitjaNemec_ReplicateLayout.replicate_layout 792:Net pairs for sheet ['/SensorModule8/'] :[('/SensorModule2/SigOut', '/SensorModule8/SigOut'), ('Net-(Q5-C)', 'Net-(Q17-C)'), ('+5V', '+5V'), ('GND', 'GND'), ('/SensorModule2/ControlSig', '/SensorModule8/ControlSig')]
08-25 23:01:44 com_github_MitjaNemec_ReplicateLayout.replicate_layout 1091:Replicating zones on sheet ['/SensorModule9/']
08-25 23:01:44 com_github_MitjaNemec_ReplicateLayout.replicate_layout 835:Src fp.id: 'D3B029CA-A78A-4AD0-B065-5E40F898A58E'
08-25 23:01:44 com_github_MitjaNemec_ReplicateLayout.replicate_layout 839:Dst fp.id: 'D3B029CA-A78A-4AD0-B065-5E40F898A58E'
08-25 23:01:44 com_github_MitjaNemec_ReplicateLayout.replicate_layout 792:Net pairs for sheet ['/SensorModule9/'] :[('Net-(Q5-C)', 'Net-(Q19-C)'), ('+5V', '+5V'), ('GND', 'GND'), ('/SensorModule2/ControlSig', '/SensorModule9/ControlSig'), ('/SensorModule2/SigOut', '/SensorModule9/SigOut')]
08-25 23:01:44 root 340:updating GUI message: 'Replicating text'
08-25 23:01:44 com_github_MitjaNemec_ReplicateLayout.replicate_layout 1173:Replicating text
08-25 23:01:44 com_github_MitjaNemec_ReplicateLayout.replicate_layout 1180:Replicating text on sheet ['/SensorModule/']
08-25 23:01:44 com_github_MitjaNemec_ReplicateLayout.replicate_layout 835:Src fp.id: 'D3B029CA-A78A-4AD0-B065-5E40F898A58E'
08-25 23:01:44 com_github_MitjaNemec_ReplicateLayout.replicate_layout 839:Dst fp.id: 'D3B029CA-A78A-4AD0-B065-5E40F898A58E'
08-25 23:01:44 com_github_MitjaNemec_ReplicateLayout.replicate_layout 1180:Replicating text on sheet ['/SensorModule1/']
08-25 23:01:44 com_github_MitjaNemec_ReplicateLayout.replicate_layout 835:Src fp.id: 'D3B029CA-A78A-4AD0-B065-5E40F898A58E'
08-25 23:01:44 com_github_MitjaNemec_ReplicateLayout.replicate_layout 839:Dst fp.id: 'D3B029CA-A78A-4AD0-B065-5E40F898A58E'
08-25 23:01:44 com_github_MitjaNemec_ReplicateLayout.replicate_layout 1180:Replicating text on sheet ['/SensorModule10/']
08-25 23:01:44 com_github_MitjaNemec_ReplicateLayout.replicate_layout 835:Src fp.id: 'D3B029CA-A78A-4AD0-B065-5E40F898A58E'
08-25 23:01:44 com_github_MitjaNemec_ReplicateLayout.replicate_layout 839:Dst fp.id: 'D3B029CA-A78A-4AD0-B065-5E40F898A58E'
08-25 23:01:44 com_github_MitjaNemec_ReplicateLayout.replicate_layout 1180:Replicating text on sheet ['/SensorModule11/']
08-25 23:01:44 com_github_MitjaNemec_ReplicateLayout.replicate_layout 835:Src fp.id: 'D3B029CA-A78A-4AD0-B065-5E40F898A58E'
08-25 23:01:44 com_github_MitjaNemec_ReplicateLayout.replicate_layout 839:Dst fp.id: 'D3B029CA-A78A-4AD0-B065-5E40F898A58E'
08-25 23:01:44 com_github_MitjaNemec_ReplicateLayout.replicate_layout 1180:Replicating text on sheet ['/SensorModule12/']
08-25 23:01:44 com_github_MitjaNemec_ReplicateLayout.replicate_layout 835:Src fp.id: 'D3B029CA-A78A-4AD0-B065-5E40F898A58E'
08-25 23:01:44 com_github_MitjaNemec_ReplicateLayout.replicate_layout 839:Dst fp.id: 'D3B029CA-A78A-4AD0-B065-5E40F898A58E'
08-25 23:01:44 root 345:updating GUI with: 13
08-25 23:01:44 com_github_MitjaNemec_ReplicateLayout.replicate_layout 1180:Replicating text on sheet ['/SensorModule13/']
08-25 23:01:44 com_github_MitjaNemec_ReplicateLayout.replicate_layout 835:Src fp.id: 'D3B029CA-A78A-4AD0-B065-5E40F898A58E'
08-25 23:01:44 com_github_MitjaNemec_ReplicateLayout.replicate_layout 839:Dst fp.id: 'D3B029CA-A78A-4AD0-B065-5E40F898A58E'
08-25 23:01:44 com_github_MitjaNemec_ReplicateLayout.replicate_layout 1180:Replicating text on sheet ['/SensorModule14/']
08-25 23:01:44 com_github_MitjaNemec_ReplicateLayout.replicate_layout 835:Src fp.id: 'D3B029CA-A78A-4AD0-B065-5E40F898A58E'
08-25 23:01:44 com_github_MitjaNemec_ReplicateLayout.replicate_layout 839:Dst fp.id: 'D3B029CA-A78A-4AD0-B065-5E40F898A58E'
08-25 23:01:44 com_github_MitjaNemec_ReplicateLayout.replicate_layout 1180:Replicating text on sheet ['/SensorModule15/']
08-25 23:01:44 com_github_MitjaNemec_ReplicateLayout.replicate_layout 835:Src fp.id: 'D3B029CA-A78A-4AD0-B065-5E40F898A58E'
08-25 23:01:44 com_github_MitjaNemec_ReplicateLayout.replicate_layout 839:Dst fp.id: 'D3B029CA-A78A-4AD0-B065-5E40F898A58E'
08-25 23:01:44 com_github_MitjaNemec_ReplicateLayout.replicate_layout 1180:Replicating text on sheet ['/SensorModule16/']
08-25 23:01:44 com_github_MitjaNemec_ReplicateLayout.replicate_layout 835:Src fp.id: 'D3B029CA-A78A-4AD0-B065-5E40F898A58E'
08-25 23:01:44 com_github_MitjaNemec_ReplicateLayout.replicate_layout 839:Dst fp.id: 'D3B029CA-A78A-4AD0-B065-5E40F898A58E'
08-25 23:01:44 com_github_MitjaNemec_ReplicateLayout.replicate_layout 1180:Replicating text on sheet ['/SensorModule17/']
08-25 23:01:44 com_github_MitjaNemec_ReplicateLayout.replicate_layout 835:Src fp.id: 'D3B029CA-A78A-4AD0-B065-5E40F898A58E'
08-25 23:01:44 com_github_MitjaNemec_ReplicateLayout.replicate_layout 839:Dst fp.id: 'D3B029CA-A78A-4AD0-B065-5E40F898A58E'
08-25 23:01:44 com_github_MitjaNemec_ReplicateLayout.replicate_layout 1180:Replicating text on sheet ['/SensorModule18/']
08-25 23:01:44 com_github_MitjaNemec_ReplicateLayout.replicate_layout 835:Src fp.id: 'D3B029CA-A78A-4AD0-B065-5E40F898A58E'
08-25 23:01:44 com_github_MitjaNemec_ReplicateLayout.replicate_layout 839:Dst fp.id: 'D3B029CA-A78A-4AD0-B065-5E40F898A58E'
08-25 23:01:44 com_github_MitjaNemec_ReplicateLayout.replicate_layout 1180:Replicating text on sheet ['/SensorModule19/']
08-25 23:01:44 com_github_MitjaNemec_ReplicateLayout.replicate_layout 835:Src fp.id: 'D3B029CA-A78A-4AD0-B065-5E40F898A58E'
08-25 23:01:44 com_github_MitjaNemec_ReplicateLayout.replicate_layout 839:Dst fp.id: 'D3B029CA-A78A-4AD0-B065-5E40F898A58E'
08-25 23:01:44 com_github_MitjaNemec_ReplicateLayout.replicate_layout 1180:Replicating text on sheet ['/SensorModule20/']
08-25 23:01:44 com_github_MitjaNemec_ReplicateLayout.replicate_layout 835:Src fp.id: 'D3B029CA-A78A-4AD0-B065-5E40F898A58E'
08-25 23:01:44 com_github_MitjaNemec_ReplicateLayout.replicate_layout 839:Dst fp.id: 'D3B029CA-A78A-4AD0-B065-5E40F898A58E'
08-25 23:01:44 com_github_MitjaNemec_ReplicateLayout.replicate_layout 1180:Replicating text on sheet ['/SensorModule21/']
08-25 23:01:44 com_github_MitjaNemec_ReplicateLayout.replicate_layout 835:Src fp.id: 'D3B029CA-A78A-4AD0-B065-5E40F898A58E'
08-25 23:01:44 com_github_MitjaNemec_ReplicateLayout.replicate_layout 839:Dst fp.id: 'D3B029CA-A78A-4AD0-B065-5E40F898A58E'
08-25 23:01:44 com_github_MitjaNemec_ReplicateLayout.replicate_layout 1180:Replicating text on sheet ['/SensorModule22/']
08-25 23:01:44 com_github_MitjaNemec_ReplicateLayout.replicate_layout 835:Src fp.id: 'D3B029CA-A78A-4AD0-B065-5E40F898A58E'
08-25 23:01:44 com_github_MitjaNemec_ReplicateLayout.replicate_layout 839:Dst fp.id: 'D3B029CA-A78A-4AD0-B065-5E40F898A58E'
08-25 23:01:44 com_github_MitjaNemec_ReplicateLayout.replicate_layout 1180:Replicating text on sheet ['/SensorModule23/']
08-25 23:01:44 com_github_MitjaNemec_ReplicateLayout.replicate_layout 835:Src fp.id: 'D3B029CA-A78A-4AD0-B065-5E40F898A58E'
08-25 23:01:44 com_github_MitjaNemec_ReplicateLayout.replicate_layout 839:Dst fp.id: 'D3B029CA-A78A-4AD0-B065-5E40F898A58E'
08-25 23:01:44 com_github_MitjaNemec_ReplicateLayout.replicate_layout 1180:Replicating text on sheet ['/SensorModule24/']
08-25 23:01:44 com_github_MitjaNemec_ReplicateLayout.replicate_layout 835:Src fp.id: 'D3B029CA-A78A-4AD0-B065-5E40F898A58E'
08-25 23:01:44 com_github_MitjaNemec_ReplicateLayout.replicate_layout 839:Dst fp.id: 'D3B029CA-A78A-4AD0-B065-5E40F898A58E'
08-25 23:01:44 com_github_MitjaNemec_ReplicateLayout.replicate_layout 1180:Replicating text on sheet ['/SensorModule25/']
08-25 23:01:44 com_github_MitjaNemec_ReplicateLayout.replicate_layout 835:Src fp.id: 'D3B029CA-A78A-4AD0-B065-5E40F898A58E'
08-25 23:01:44 com_github_MitjaNemec_ReplicateLayout.replicate_layout 839:Dst fp.id: 'D3B029CA-A78A-4AD0-B065-5E40F898A58E'
08-25 23:01:44 com_github_MitjaNemec_ReplicateLayout.replicate_layout 1180:Replicating text on sheet ['/SensorModule26/']
08-25 23:01:44 com_github_MitjaNemec_ReplicateLayout.replicate_layout 835:Src fp.id: 'D3B029CA-A78A-4AD0-B065-5E40F898A58E'
08-25 23:01:44 com_github_MitjaNemec_ReplicateLayout.replicate_layout 839:Dst fp.id: 'D3B029CA-A78A-4AD0-B065-5E40F898A58E'
08-25 23:01:44 com_github_MitjaNemec_ReplicateLayout.replicate_layout 1180:Replicating text on sheet ['/SensorModule27/']
08-25 23:01:44 com_github_MitjaNemec_ReplicateLayout.replicate_layout 835:Src fp.id: 'D3B029CA-A78A-4AD0-B065-5E40F898A58E'
08-25 23:01:44 com_github_MitjaNemec_ReplicateLayout.replicate_layout 839:Dst fp.id: 'D3B029CA-A78A-4AD0-B065-5E40F898A58E'
08-25 23:01:44 com_github_MitjaNemec_ReplicateLayout.replicate_layout 1180:Replicating text on sheet ['/SensorModule28/']
08-25 23:01:44 com_github_MitjaNemec_ReplicateLayout.replicate_layout 835:Src fp.id: 'D3B029CA-A78A-4AD0-B065-5E40F898A58E'
08-25 23:01:44 com_github_MitjaNemec_ReplicateLayout.replicate_layout 839:Dst fp.id: 'D3B029CA-A78A-4AD0-B065-5E40F898A58E'
08-25 23:01:44 com_github_MitjaNemec_ReplicateLayout.replicate_layout 1180:Replicating text on sheet ['/SensorModule29/']
08-25 23:01:44 com_github_MitjaNemec_ReplicateLayout.replicate_layout 835:Src fp.id: 'D3B029CA-A78A-4AD0-B065-5E40F898A58E'
08-25 23:01:44 com_github_MitjaNemec_ReplicateLayout.replicate_layout 839:Dst fp.id: 'D3B029CA-A78A-4AD0-B065-5E40F898A58E'
08-25 23:01:44 com_github_MitjaNemec_ReplicateLayout.replicate_layout 1180:Replicating text on sheet ['/SensorModule3/']
08-25 23:01:44 com_github_MitjaNemec_ReplicateLayout.replicate_layout 835:Src fp.id: 'D3B029CA-A78A-4AD0-B065-5E40F898A58E'
08-25 23:01:44 com_github_MitjaNemec_ReplicateLayout.replicate_layout 839:Dst fp.id: 'D3B029CA-A78A-4AD0-B065-5E40F898A58E'
08-25 23:01:44 com_github_MitjaNemec_ReplicateLayout.replicate_layout 1180:Replicating text on sheet ['/SensorModule30/']
08-25 23:01:44 com_github_MitjaNemec_ReplicateLayout.replicate_layout 835:Src fp.id: 'D3B029CA-A78A-4AD0-B065-5E40F898A58E'
08-25 23:01:44 com_github_MitjaNemec_ReplicateLayout.replicate_layout 839:Dst fp.id: 'D3B029CA-A78A-4AD0-B065-5E40F898A58E'
08-25 23:01:44 com_github_MitjaNemec_ReplicateLayout.replicate_layout 1180:Replicating text on sheet ['/SensorModule31/']
08-25 23:01:44 com_github_MitjaNemec_ReplicateLayout.replicate_layout 835:Src fp.id: 'D3B029CA-A78A-4AD0-B065-5E40F898A58E'
08-25 23:01:44 com_github_MitjaNemec_ReplicateLayout.replicate_layout 839:Dst fp.id: 'D3B029CA-A78A-4AD0-B065-5E40F898A58E'
08-25 23:01:44 com_github_MitjaNemec_ReplicateLayout.replicate_layout 1180:Replicating text on sheet ['/SensorModule32/']
08-25 23:01:44 com_github_MitjaNemec_ReplicateLayout.replicate_layout 835:Src fp.id: 'D3B029CA-A78A-4AD0-B065-5E40F898A58E'
08-25 23:01:44 com_github_MitjaNemec_ReplicateLayout.replicate_layout 839:Dst fp.id: 'D3B029CA-A78A-4AD0-B065-5E40F898A58E'
08-25 23:01:44 com_github_MitjaNemec_ReplicateLayout.replicate_layout 1180:Replicating text on sheet ['/SensorModule33/']
08-25 23:01:44 com_github_MitjaNemec_ReplicateLayout.replicate_layout 835:Src fp.id: 'D3B029CA-A78A-4AD0-B065-5E40F898A58E'
08-25 23:01:44 com_github_MitjaNemec_ReplicateLayout.replicate_layout 839:Dst fp.id: 'D3B029CA-A78A-4AD0-B065-5E40F898A58E'
08-25 23:01:44 com_github_MitjaNemec_ReplicateLayout.replicate_layout 1180:Replicating text on sheet ['/SensorModule34/']
08-25 23:01:44 com_github_MitjaNemec_ReplicateLayout.replicate_layout 835:Src fp.id: 'D3B029CA-A78A-4AD0-B065-5E40F898A58E'
08-25 23:01:44 com_github_MitjaNemec_ReplicateLayout.replicate_layout 839:Dst fp.id: 'D3B029CA-A78A-4AD0-B065-5E40F898A58E'
08-25 23:01:44 com_github_MitjaNemec_ReplicateLayout.replicate_layout 1180:Replicating text on sheet ['/SensorModule35/']
08-25 23:01:44 com_github_MitjaNemec_ReplicateLayout.replicate_layout 835:Src fp.id: 'D3B029CA-A78A-4AD0-B065-5E40F898A58E'
08-25 23:01:44 com_github_MitjaNemec_ReplicateLayout.replicate_layout 839:Dst fp.id: 'D3B029CA-A78A-4AD0-B065-5E40F898A58E'
08-25 23:01:44 com_github_MitjaNemec_ReplicateLayout.replicate_layout 1180:Replicating text on sheet ['/SensorModule36/']
08-25 23:01:44 com_github_MitjaNemec_ReplicateLayout.replicate_layout 835:Src fp.id: 'D3B029CA-A78A-4AD0-B065-5E40F898A58E'
08-25 23:01:44 com_github_MitjaNemec_ReplicateLayout.replicate_layout 839:Dst fp.id: 'D3B029CA-A78A-4AD0-B065-5E40F898A58E'
08-25 23:01:44 com_github_MitjaNemec_ReplicateLayout.replicate_layout 1180:Replicating text on sheet ['/SensorModule4/']
08-25 23:01:44 com_github_MitjaNemec_ReplicateLayout.replicate_layout 835:Src fp.id: 'D3B029CA-A78A-4AD0-B065-5E40F898A58E'
08-25 23:01:44 com_github_MitjaNemec_ReplicateLayout.replicate_layout 839:Dst fp.id: 'D3B029CA-A78A-4AD0-B065-5E40F898A58E'
08-25 23:01:44 com_github_MitjaNemec_ReplicateLayout.replicate_layout 1180:Replicating text on sheet ['/SensorModule5/']
08-25 23:01:44 com_github_MitjaNemec_ReplicateLayout.replicate_layout 835:Src fp.id: 'D3B029CA-A78A-4AD0-B065-5E40F898A58E'
08-25 23:01:44 com_github_MitjaNemec_ReplicateLayout.replicate_layout 839:Dst fp.id: 'D3B029CA-A78A-4AD0-B065-5E40F898A58E'
08-25 23:01:44 com_github_MitjaNemec_ReplicateLayout.replicate_layout 1180:Replicating text on sheet ['/SensorModule6/']
08-25 23:01:44 com_github_MitjaNemec_ReplicateLayout.replicate_layout 835:Src fp.id: 'D3B029CA-A78A-4AD0-B065-5E40F898A58E'
08-25 23:01:44 com_github_MitjaNemec_ReplicateLayout.replicate_layout 839:Dst fp.id: 'D3B029CA-A78A-4AD0-B065-5E40F898A58E'
08-25 23:01:44 com_github_MitjaNemec_ReplicateLayout.replicate_layout 1180:Replicating text on sheet ['/SensorModule7/']
08-25 23:01:44 com_github_MitjaNemec_ReplicateLayout.replicate_layout 835:Src fp.id: 'D3B029CA-A78A-4AD0-B065-5E40F898A58E'
08-25 23:01:44 com_github_MitjaNemec_ReplicateLayout.replicate_layout 839:Dst fp.id: 'D3B029CA-A78A-4AD0-B065-5E40F898A58E'
08-25 23:01:44 com_github_MitjaNemec_ReplicateLayout.replicate_layout 1180:Replicating text on sheet ['/SensorModule8/']
08-25 23:01:44 com_github_MitjaNemec_ReplicateLayout.replicate_layout 835:Src fp.id: 'D3B029CA-A78A-4AD0-B065-5E40F898A58E'
08-25 23:01:44 com_github_MitjaNemec_ReplicateLayout.replicate_layout 839:Dst fp.id: 'D3B029CA-A78A-4AD0-B065-5E40F898A58E'
08-25 23:01:44 com_github_MitjaNemec_ReplicateLayout.replicate_layout 1180:Replicating text on sheet ['/SensorModule9/']
08-25 23:01:44 com_github_MitjaNemec_ReplicateLayout.replicate_layout 835:Src fp.id: 'D3B029CA-A78A-4AD0-B065-5E40F898A58E'
08-25 23:01:44 com_github_MitjaNemec_ReplicateLayout.replicate_layout 839:Dst fp.id: 'D3B029CA-A78A-4AD0-B065-5E40F898A58E'
08-25 23:01:44 root 340:updating GUI message: 'Replicating drawings'
08-25 23:01:44 com_github_MitjaNemec_ReplicateLayout.replicate_layout 1224:Replicating drawings
08-25 23:01:44 com_github_MitjaNemec_ReplicateLayout.replicate_layout 1230:Replicating drawings on sheet ['/SensorModule/']
08-25 23:01:44 com_github_MitjaNemec_ReplicateLayout.replicate_layout 835:Src fp.id: 'D3B029CA-A78A-4AD0-B065-5E40F898A58E'
08-25 23:01:44 com_github_MitjaNemec_ReplicateLayout.replicate_layout 839:Dst fp.id: 'D3B029CA-A78A-4AD0-B065-5E40F898A58E'
08-25 23:01:44 com_github_MitjaNemec_ReplicateLayout.replicate_layout 1230:Replicating drawings on sheet ['/SensorModule1/']
08-25 23:01:44 com_github_MitjaNemec_ReplicateLayout.replicate_layout 835:Src fp.id: 'D3B029CA-A78A-4AD0-B065-5E40F898A58E'
08-25 23:01:44 com_github_MitjaNemec_ReplicateLayout.replicate_layout 839:Dst fp.id: 'D3B029CA-A78A-4AD0-B065-5E40F898A58E'
08-25 23:01:44 com_github_MitjaNemec_ReplicateLayout.replicate_layout 1230:Replicating drawings on sheet ['/SensorModule10/']
08-25 23:01:44 com_github_MitjaNemec_ReplicateLayout.replicate_layout 835:Src fp.id: 'D3B029CA-A78A-4AD0-B065-5E40F898A58E'
08-25 23:01:44 com_github_MitjaNemec_ReplicateLayout.replicate_layout 839:Dst fp.id: 'D3B029CA-A78A-4AD0-B065-5E40F898A58E'
08-25 23:01:44 com_github_MitjaNemec_ReplicateLayout.replicate_layout 1230:Replicating drawings on sheet ['/SensorModule11/']
08-25 23:01:44 com_github_MitjaNemec_ReplicateLayout.replicate_layout 835:Src fp.id: 'D3B029CA-A78A-4AD0-B065-5E40F898A58E'
08-25 23:01:44 com_github_MitjaNemec_ReplicateLayout.replicate_layout 839:Dst fp.id: 'D3B029CA-A78A-4AD0-B065-5E40F898A58E'
08-25 23:01:44 com_github_MitjaNemec_ReplicateLayout.replicate_layout 1230:Replicating drawings on sheet ['/SensorModule12/']
08-25 23:01:44 com_github_MitjaNemec_ReplicateLayout.replicate_layout 835:Src fp.id: 'D3B029CA-A78A-4AD0-B065-5E40F898A58E'
08-25 23:01:44 com_github_MitjaNemec_ReplicateLayout.replicate_layout 839:Dst fp.id: 'D3B029CA-A78A-4AD0-B065-5E40F898A58E'
08-25 23:01:44 com_github_MitjaNemec_ReplicateLayout.replicate_layout 1230:Replicating drawings on sheet ['/SensorModule13/']
08-25 23:01:44 com_github_MitjaNemec_ReplicateLayout.replicate_layout 835:Src fp.id: 'D3B029CA-A78A-4AD0-B065-5E40F898A58E'
08-25 23:01:44 com_github_MitjaNemec_ReplicateLayout.replicate_layout 839:Dst fp.id: 'D3B029CA-A78A-4AD0-B065-5E40F898A58E'
08-25 23:01:44 com_github_MitjaNemec_ReplicateLayout.replicate_layout 1230:Replicating drawings on sheet ['/SensorModule14/']
08-25 23:01:44 com_github_MitjaNemec_ReplicateLayout.replicate_layout 835:Src fp.id: 'D3B029CA-A78A-4AD0-B065-5E40F898A58E'
08-25 23:01:44 com_github_MitjaNemec_ReplicateLayout.replicate_layout 839:Dst fp.id: 'D3B029CA-A78A-4AD0-B065-5E40F898A58E'
08-25 23:01:44 com_github_MitjaNemec_ReplicateLayout.replicate_layout 1230:Replicating drawings on sheet ['/SensorModule15/']
08-25 23:01:44 com_github_MitjaNemec_ReplicateLayout.replicate_layout 835:Src fp.id: 'D3B029CA-A78A-4AD0-B065-5E40F898A58E'
08-25 23:01:44 com_github_MitjaNemec_ReplicateLayout.replicate_layout 839:Dst fp.id: 'D3B029CA-A78A-4AD0-B065-5E40F898A58E'
08-25 23:01:44 com_github_MitjaNemec_ReplicateLayout.replicate_layout 1230:Replicating drawings on sheet ['/SensorModule16/']
08-25 23:01:44 com_github_MitjaNemec_ReplicateLayout.replicate_layout 835:Src fp.id: 'D3B029CA-A78A-4AD0-B065-5E40F898A58E'
08-25 23:01:44 com_github_MitjaNemec_ReplicateLayout.replicate_layout 839:Dst fp.id: 'D3B029CA-A78A-4AD0-B065-5E40F898A58E'
08-25 23:01:44 com_github_MitjaNemec_ReplicateLayout.replicate_layout 1230:Replicating drawings on sheet ['/SensorModule17/']
08-25 23:01:44 com_github_MitjaNemec_ReplicateLayout.replicate_layout 835:Src fp.id: 'D3B029CA-A78A-4AD0-B065-5E40F898A58E'
08-25 23:01:44 com_github_MitjaNemec_ReplicateLayout.replicate_layout 839:Dst fp.id: 'D3B029CA-A78A-4AD0-B065-5E40F898A58E'
08-25 23:01:44 com_github_MitjaNemec_ReplicateLayout.replicate_layout 1230:Replicating drawings on sheet ['/SensorModule18/']
08-25 23:01:44 com_github_MitjaNemec_ReplicateLayout.replicate_layout 835:Src fp.id: 'D3B029CA-A78A-4AD0-B065-5E40F898A58E'
08-25 23:01:44 com_github_MitjaNemec_ReplicateLayout.replicate_layout 839:Dst fp.id: 'D3B029CA-A78A-4AD0-B065-5E40F898A58E'
08-25 23:01:44 com_github_MitjaNemec_ReplicateLayout.replicate_layout 1230:Replicating drawings on sheet ['/SensorModule19/']
08-25 23:01:44 com_github_MitjaNemec_ReplicateLayout.replicate_layout 835:Src fp.id: 'D3B029CA-A78A-4AD0-B065-5E40F898A58E'
08-25 23:01:44 com_github_MitjaNemec_ReplicateLayout.replicate_layout 839:Dst fp.id: 'D3B029CA-A78A-4AD0-B065-5E40F898A58E'
08-25 23:01:44 com_github_MitjaNemec_ReplicateLayout.replicate_layout 1230:Replicating drawings on sheet ['/SensorModule20/']
08-25 23:01:44 com_github_MitjaNemec_ReplicateLayout.replicate_layout 835:Src fp.id: 'D3B029CA-A78A-4AD0-B065-5E40F898A58E'
08-25 23:01:44 com_github_MitjaNemec_ReplicateLayout.replicate_layout 839:Dst fp.id: 'D3B029CA-A78A-4AD0-B065-5E40F898A58E'
08-25 23:01:44 com_github_MitjaNemec_ReplicateLayout.replicate_layout 1230:Replicating drawings on sheet ['/SensorModule21/']
08-25 23:01:44 com_github_MitjaNemec_ReplicateLayout.replicate_layout 835:Src fp.id: 'D3B029CA-A78A-4AD0-B065-5E40F898A58E'
08-25 23:01:44 com_github_MitjaNemec_ReplicateLayout.replicate_layout 839:Dst fp.id: 'D3B029CA-A78A-4AD0-B065-5E40F898A58E'
08-25 23:01:44 com_github_MitjaNemec_ReplicateLayout.replicate_layout 1230:Replicating drawings on sheet ['/SensorModule22/']
08-25 23:01:44 com_github_MitjaNemec_ReplicateLayout.replicate_layout 835:Src fp.id: 'D3B029CA-A78A-4AD0-B065-5E40F898A58E'
08-25 23:01:44 com_github_MitjaNemec_ReplicateLayout.replicate_layout 839:Dst fp.id: 'D3B029CA-A78A-4AD0-B065-5E40F898A58E'
08-25 23:01:44 com_github_MitjaNemec_ReplicateLayout.replicate_layout 1230:Replicating drawings on sheet ['/SensorModule23/']
08-25 23:01:44 com_github_MitjaNemec_ReplicateLayout.replicate_layout 835:Src fp.id: 'D3B029CA-A78A-4AD0-B065-5E40F898A58E'
08-25 23:01:44 com_github_MitjaNemec_ReplicateLayout.replicate_layout 839:Dst fp.id: 'D3B029CA-A78A-4AD0-B065-5E40F898A58E'
08-25 23:01:44 com_github_MitjaNemec_ReplicateLayout.replicate_layout 1230:Replicating drawings on sheet ['/SensorModule24/']
08-25 23:01:44 com_github_MitjaNemec_ReplicateLayout.replicate_layout 835:Src fp.id: 'D3B029CA-A78A-4AD0-B065-5E40F898A58E'
08-25 23:01:44 com_github_MitjaNemec_ReplicateLayout.replicate_layout 839:Dst fp.id: 'D3B029CA-A78A-4AD0-B065-5E40F898A58E'
08-25 23:01:44 com_github_MitjaNemec_ReplicateLayout.replicate_layout 1230:Replicating drawings on sheet ['/SensorModule25/']
08-25 23:01:44 com_github_MitjaNemec_ReplicateLayout.replicate_layout 835:Src fp.id: 'D3B029CA-A78A-4AD0-B065-5E40F898A58E'
08-25 23:01:44 com_github_MitjaNemec_ReplicateLayout.replicate_layout 839:Dst fp.id: 'D3B029CA-A78A-4AD0-B065-5E40F898A58E'
08-25 23:01:44 root 345:updating GUI with: 50
08-25 23:01:44 com_github_MitjaNemec_ReplicateLayout.replicate_layout 1230:Replicating drawings on sheet ['/SensorModule26/']
08-25 23:01:44 com_github_MitjaNemec_ReplicateLayout.replicate_layout 835:Src fp.id: 'D3B029CA-A78A-4AD0-B065-5E40F898A58E'
08-25 23:01:44 com_github_MitjaNemec_ReplicateLayout.replicate_layout 839:Dst fp.id: 'D3B029CA-A78A-4AD0-B065-5E40F898A58E'
08-25 23:01:44 com_github_MitjaNemec_ReplicateLayout.replicate_layout 1230:Replicating drawings on sheet ['/SensorModule27/']
08-25 23:01:44 com_github_MitjaNemec_ReplicateLayout.replicate_layout 835:Src fp.id: 'D3B029CA-A78A-4AD0-B065-5E40F898A58E'
08-25 23:01:44 com_github_MitjaNemec_ReplicateLayout.replicate_layout 839:Dst fp.id: 'D3B029CA-A78A-4AD0-B065-5E40F898A58E'
08-25 23:01:44 com_github_MitjaNemec_ReplicateLayout.replicate_layout 1230:Replicating drawings on sheet ['/SensorModule28/']
08-25 23:01:44 com_github_MitjaNemec_ReplicateLayout.replicate_layout 835:Src fp.id: 'D3B029CA-A78A-4AD0-B065-5E40F898A58E'
08-25 23:01:44 com_github_MitjaNemec_ReplicateLayout.replicate_layout 839:Dst fp.id: 'D3B029CA-A78A-4AD0-B065-5E40F898A58E'
08-25 23:01:44 com_github_MitjaNemec_ReplicateLayout.replicate_layout 1230:Replicating drawings on sheet ['/SensorModule29/']
08-25 23:01:44 com_github_MitjaNemec_ReplicateLayout.replicate_layout 835:Src fp.id: 'D3B029CA-A78A-4AD0-B065-5E40F898A58E'
08-25 23:01:44 com_github_MitjaNemec_ReplicateLayout.replicate_layout 839:Dst fp.id: 'D3B029CA-A78A-4AD0-B065-5E40F898A58E'
08-25 23:01:44 com_github_MitjaNemec_ReplicateLayout.replicate_layout 1230:Replicating drawings on sheet ['/SensorModule3/']
08-25 23:01:44 com_github_MitjaNemec_ReplicateLayout.replicate_layout 835:Src fp.id: 'D3B029CA-A78A-4AD0-B065-5E40F898A58E'
08-25 23:01:44 com_github_MitjaNemec_ReplicateLayout.replicate_layout 839:Dst fp.id: 'D3B029CA-A78A-4AD0-B065-5E40F898A58E'
08-25 23:01:44 com_github_MitjaNemec_ReplicateLayout.replicate_layout 1230:Replicating drawings on sheet ['/SensorModule30/']
08-25 23:01:44 com_github_MitjaNemec_ReplicateLayout.replicate_layout 835:Src fp.id: 'D3B029CA-A78A-4AD0-B065-5E40F898A58E'
08-25 23:01:44 com_github_MitjaNemec_ReplicateLayout.replicate_layout 839:Dst fp.id: 'D3B029CA-A78A-4AD0-B065-5E40F898A58E'
08-25 23:01:44 com_github_MitjaNemec_ReplicateLayout.replicate_layout 1230:Replicating drawings on sheet ['/SensorModule31/']
08-25 23:01:44 com_github_MitjaNemec_ReplicateLayout.replicate_layout 835:Src fp.id: 'D3B029CA-A78A-4AD0-B065-5E40F898A58E'
08-25 23:01:44 com_github_MitjaNemec_ReplicateLayout.replicate_layout 839:Dst fp.id: 'D3B029CA-A78A-4AD0-B065-5E40F898A58E'
08-25 23:01:44 com_github_MitjaNemec_ReplicateLayout.replicate_layout 1230:Replicating drawings on sheet ['/SensorModule32/']
08-25 23:01:44 com_github_MitjaNemec_ReplicateLayout.replicate_layout 835:Src fp.id: 'D3B029CA-A78A-4AD0-B065-5E40F898A58E'
08-25 23:01:44 com_github_MitjaNemec_ReplicateLayout.replicate_layout 839:Dst fp.id: 'D3B029CA-A78A-4AD0-B065-5E40F898A58E'
08-25 23:01:44 com_github_MitjaNemec_ReplicateLayout.replicate_layout 1230:Replicating drawings on sheet ['/SensorModule33/']
08-25 23:01:44 com_github_MitjaNemec_ReplicateLayout.replicate_layout 835:Src fp.id: 'D3B029CA-A78A-4AD0-B065-5E40F898A58E'
08-25 23:01:44 com_github_MitjaNemec_ReplicateLayout.replicate_layout 839:Dst fp.id: 'D3B029CA-A78A-4AD0-B065-5E40F898A58E'
08-25 23:01:44 com_github_MitjaNemec_ReplicateLayout.replicate_layout 1230:Replicating drawings on sheet ['/SensorModule34/']
08-25 23:01:44 com_github_MitjaNemec_ReplicateLayout.replicate_layout 835:Src fp.id: 'D3B029CA-A78A-4AD0-B065-5E40F898A58E'
08-25 23:01:44 com_github_MitjaNemec_ReplicateLayout.replicate_layout 839:Dst fp.id: 'D3B029CA-A78A-4AD0-B065-5E40F898A58E'
08-25 23:01:44 com_github_MitjaNemec_ReplicateLayout.replicate_layout 1230:Replicating drawings on sheet ['/SensorModule35/']
08-25 23:01:44 com_github_MitjaNemec_ReplicateLayout.replicate_layout 835:Src fp.id: 'D3B029CA-A78A-4AD0-B065-5E40F898A58E'
08-25 23:01:44 com_github_MitjaNemec_ReplicateLayout.replicate_layout 839:Dst fp.id: 'D3B029CA-A78A-4AD0-B065-5E40F898A58E'
08-25 23:01:44 com_github_MitjaNemec_ReplicateLayout.replicate_layout 1230:Replicating drawings on sheet ['/SensorModule36/']
08-25 23:01:44 com_github_MitjaNemec_ReplicateLayout.replicate_layout 835:Src fp.id: 'D3B029CA-A78A-4AD0-B065-5E40F898A58E'
08-25 23:01:44 com_github_MitjaNemec_ReplicateLayout.replicate_layout 839:Dst fp.id: 'D3B029CA-A78A-4AD0-B065-5E40F898A58E'
08-25 23:01:44 com_github_MitjaNemec_ReplicateLayout.replicate_layout 1230:Replicating drawings on sheet ['/SensorModule4/']
08-25 23:01:44 com_github_MitjaNemec_ReplicateLayout.replicate_layout 835:Src fp.id: 'D3B029CA-A78A-4AD0-B065-5E40F898A58E'
08-25 23:01:44 com_github_MitjaNemec_ReplicateLayout.replicate_layout 839:Dst fp.id: 'D3B029CA-A78A-4AD0-B065-5E40F898A58E'
08-25 23:01:44 com_github_MitjaNemec_ReplicateLayout.replicate_layout 1230:Replicating drawings on sheet ['/SensorModule5/']
08-25 23:01:44 com_github_MitjaNemec_ReplicateLayout.replicate_layout 835:Src fp.id: 'D3B029CA-A78A-4AD0-B065-5E40F898A58E'
08-25 23:01:44 com_github_MitjaNemec_ReplicateLayout.replicate_layout 839:Dst fp.id: 'D3B029CA-A78A-4AD0-B065-5E40F898A58E'
08-25 23:01:44 com_github_MitjaNemec_ReplicateLayout.replicate_layout 1230:Replicating drawings on sheet ['/SensorModule6/']
08-25 23:01:44 com_github_MitjaNemec_ReplicateLayout.replicate_layout 835:Src fp.id: 'D3B029CA-A78A-4AD0-B065-5E40F898A58E'
08-25 23:01:44 com_github_MitjaNemec_ReplicateLayout.replicate_layout 839:Dst fp.id: 'D3B029CA-A78A-4AD0-B065-5E40F898A58E'
08-25 23:01:44 com_github_MitjaNemec_ReplicateLayout.replicate_layout 1230:Replicating drawings on sheet ['/SensorModule7/']
08-25 23:01:44 com_github_MitjaNemec_ReplicateLayout.replicate_layout 835:Src fp.id: 'D3B029CA-A78A-4AD0-B065-5E40F898A58E'
08-25 23:01:44 com_github_MitjaNemec_ReplicateLayout.replicate_layout 839:Dst fp.id: 'D3B029CA-A78A-4AD0-B065-5E40F898A58E'
08-25 23:01:44 com_github_MitjaNemec_ReplicateLayout.replicate_layout 1230:Replicating drawings on sheet ['/SensorModule8/']
08-25 23:01:44 com_github_MitjaNemec_ReplicateLayout.replicate_layout 835:Src fp.id: 'D3B029CA-A78A-4AD0-B065-5E40F898A58E'
08-25 23:01:44 com_github_MitjaNemec_ReplicateLayout.replicate_layout 839:Dst fp.id: 'D3B029CA-A78A-4AD0-B065-5E40F898A58E'
08-25 23:01:44 com_github_MitjaNemec_ReplicateLayout.replicate_layout 1230:Replicating drawings on sheet ['/SensorModule9/']
08-25 23:01:44 com_github_MitjaNemec_ReplicateLayout.replicate_layout 835:Src fp.id: 'D3B029CA-A78A-4AD0-B065-5E40F898A58E'
08-25 23:01:44 com_github_MitjaNemec_ReplicateLayout.replicate_layout 839:Dst fp.id: 'D3B029CA-A78A-4AD0-B065-5E40F898A58E'
08-25 23:01:44 com_github_MitjaNemec_ReplicateLayout.action_replicate_layout 264:Replication complete
