08-29 00:10:17 com_github_MitjaNemec_ReplicateLayout.action_replicate_layout 409:Plugin executed on: 'win32'
08-29 00:10:17 com_github_MitjaNemec_ReplicateLayout.action_replicate_layout 410:Plugin executed with python version: '3.11.5 (main, Jan 27 2025, 07:08:36) [MSC v.1942 64 bit (AMD64)]'
08-29 00:10:17 com_github_MitjaNemec_ReplicateLayout.action_replicate_layout 411:KiCad build version: 9.0.0
08-29 00:10:17 com_github_MitjaNemec_ReplicateLayout.action_replicate_layout 412:Plugin version: 4.0.3
08-29 00:10:17 com_github_MitjaNemec_ReplicateLayout.action_replicate_layout 413:Frame repr: <wx._core.Frame object at 0x000001492695FE20>
08-29 00:10:17 com_github_MitjaNemec_ReplicateLayout.action_replicate_layout 437:Preparing replicator with C1 as a reference
08-29 00:10:17 com_github_MitjaNemec_ReplicateLayout.replicate_layout 117:getting a list of all footprints on board
08-29 00:10:17 com_github_MitjaNemec_ReplicateLayout.action_replicate_layout 485:source anchor footprint is 'C1'
Located on: ['/SensorModule/']
With filenames: ['SensorModule.kicad_sch']
With sheet_id:['/SensorModule/']
08-29 00:10:17 com_github_MitjaNemec_ReplicateLayout.action_replicate_layout 492:Corresponding footprints are 
[('C64', ['/SensorModule63/']), ('C63', ['/SensorModule62/']), ('C62', ['/SensorModule61/']), ('C61', ['/SensorModule60/']), ('C60', ['/SensorModule59/']), ('C59', ['/SensorModule58/']), ('C58', ['/SensorModule57/']), ('C57', ['/SensorModule56/']), ('C56', ['/SensorModule55/']), ('C55', ['/SensorModule54/']), ('C54', ['/SensorModule53/']), ('C53', ['/SensorModule52/']), ('C52', ['/SensorModule51/']), ('C51', ['/SensorModule50/']), ('C50', ['/SensorModule49/']), ('C25', ['/SensorModule24/']), ('C13', ['/SensorModule12/']), ('C9', ['/SensorModule8/']), ('C31', ['/SensorModule30/']), ('C16', ['/SensorModule15/']), ('C1', ['/SensorModule/']), ('C36', ['/SensorModule35/']), ('C41', ['/SensorModule40/']), ('C23', ['/SensorModule22/']), ('C35', ['/SensorModule34/']), ('C48', ['/SensorModule47/']), ('C44', ['/SensorModule43/']), ('C32', ['/SensorModule31/']), ('C27', ['/SensorModule26/']), ('C43', ['/SensorModule42/']), ('C28', ['/SensorModule27/']), ('C20', ['/SensorModule19/']), ('C5', ['/SensorModule4/']), ('C29', ['/SensorModule28/']), ('C39', ['/SensorModule38/']), ('C38', ['/SensorModule37/']), ('C10', ['/SensorModule9/']), ('C45', ['/SensorModule44/']), ('C19', ['/SensorModule18/']), ('C26', ['/SensorModule25/']), ('C30', ['/SensorModule29/']), ('C49', ['/SensorModule48/']), ('C3', ['/SensorModule2/']), ('C4', ['/SensorModule3/']), ('C33', ['/SensorModule32/']), ('C46', ['/SensorModule45/']), ('C40', ['/SensorModule39/']), ('C6', ['/SensorModule5/']), ('C24', ['/SensorModule23/']), ('C17', ['/SensorModule16/']), ('C47', ['/SensorModule46/']), ('C14', ['/SensorModule13/']), ('C18', ['/SensorModule17/']), ('C7', ['/SensorModule6/']), ('C8', ['/SensorModule7/']), ('C22', ['/SensorModule21/']), ('C2', ['/SensorModule1/']), ('C21', ['/SensorModule20/']), ('C42', ['/SensorModule41/']), ('C12', ['/SensorModule11/']), ('C34', ['/SensorModule33/']), ('C11', ['/SensorModule10/']), ('C15', ['/SensorModule14/']), ('C37', ['/SensorModule36/'])]
08-29 00:10:17 com_github_MitjaNemec_ReplicateLayout.action_replicate_layout 504:Showing dialog
08-29 00:10:17 com_github_MitjaNemec_ReplicateLayout.replicate_layout 472:constructing a list of sheets suitable for replication on level:'/SensorModule/', file:'SensorModule.kicad_sch'
08-29 00:10:17 com_github_MitjaNemec_ReplicateLayout.replicate_layout 509:suitable sheets are:[['/SensorModule1/'], ['/SensorModule10/'], ['/SensorModule11/'], ['/SensorModule12/'], ['/SensorModule13/'], ['/SensorModule14/'], ['/SensorModule15/'], ['/SensorModule16/'], ['/SensorModule17/'], ['/SensorModule18/'], ['/SensorModule19/'], ['/SensorModule2/'], ['/SensorModule20/'], ['/SensorModule21/'], ['/SensorModule22/'], ['/SensorModule23/'], ['/SensorModule24/'], ['/SensorModule25/'], ['/SensorModule26/'], ['/SensorModule27/'], ['/SensorModule28/'], ['/SensorModule29/'], ['/SensorModule3/'], ['/SensorModule30/'], ['/SensorModule31/'], ['/SensorModule32/'], ['/SensorModule33/'], ['/SensorModule34/'], ['/SensorModule35/'], ['/SensorModule36/'], ['/SensorModule37/'], ['/SensorModule38/'], ['/SensorModule39/'], ['/SensorModule4/'], ['/SensorModule40/'], ['/SensorModule41/'], ['/SensorModule42/'], ['/SensorModule43/'], ['/SensorModule44/'], ['/SensorModule45/'], ['/SensorModule46/'], ['/SensorModule47/'], ['/SensorModule48/'], ['/SensorModule49/'], ['/SensorModule5/'], ['/SensorModule50/'], ['/SensorModule51/'], ['/SensorModule52/'], ['/SensorModule53/'], ['/SensorModule54/'], ['/SensorModule55/'], ['/SensorModule56/'], ['/SensorModule57/'], ['/SensorModule58/'], ['/SensorModule59/'], ['/SensorModule6/'], ['/SensorModule60/'], ['/SensorModule61/'], ['/SensorModule62/'], ['/SensorModule63/'], ['/SensorModule7/'], ['/SensorModule8/'], ['/SensorModule9/']]
08-29 00:10:17 com_github_MitjaNemec_ReplicateLayout.replicate_layout 1512:Level selected: ['/SensorModule/']
08-29 00:10:17 com_github_MitjaNemec_ReplicateLayout.replicate_layout 1336:Filtering list of tracks
08-29 00:10:18 com_github_MitjaNemec_ReplicateLayout.action_replicate_layout 510:Toolbar position: wx.Point(1702, 111)
08-29 00:10:18 com_github_MitjaNemec_ReplicateLayout.action_replicate_layout 515:Dialog position: wx.Point(1263, 111)
08-29 00:10:20 com_github_MitjaNemec_ReplicateLayout.replicate_layout 472:constructing a list of sheets suitable for replication on level:'/SensorModule/', file:'SensorModule.kicad_sch'
08-29 00:10:20 com_github_MitjaNemec_ReplicateLayout.replicate_layout 509:suitable sheets are:[['/SensorModule1/'], ['/SensorModule10/'], ['/SensorModule11/'], ['/SensorModule12/'], ['/SensorModule13/'], ['/SensorModule14/'], ['/SensorModule15/'], ['/SensorModule16/'], ['/SensorModule17/'], ['/SensorModule18/'], ['/SensorModule19/'], ['/SensorModule2/'], ['/SensorModule20/'], ['/SensorModule21/'], ['/SensorModule22/'], ['/SensorModule23/'], ['/SensorModule24/'], ['/SensorModule25/'], ['/SensorModule26/'], ['/SensorModule27/'], ['/SensorModule28/'], ['/SensorModule29/'], ['/SensorModule3/'], ['/SensorModule30/'], ['/SensorModule31/'], ['/SensorModule32/'], ['/SensorModule33/'], ['/SensorModule34/'], ['/SensorModule35/'], ['/SensorModule36/'], ['/SensorModule37/'], ['/SensorModule38/'], ['/SensorModule39/'], ['/SensorModule4/'], ['/SensorModule40/'], ['/SensorModule41/'], ['/SensorModule42/'], ['/SensorModule43/'], ['/SensorModule44/'], ['/SensorModule45/'], ['/SensorModule46/'], ['/SensorModule47/'], ['/SensorModule48/'], ['/SensorModule49/'], ['/SensorModule5/'], ['/SensorModule50/'], ['/SensorModule51/'], ['/SensorModule52/'], ['/SensorModule53/'], ['/SensorModule54/'], ['/SensorModule55/'], ['/SensorModule56/'], ['/SensorModule57/'], ['/SensorModule58/'], ['/SensorModule59/'], ['/SensorModule6/'], ['/SensorModule60/'], ['/SensorModule61/'], ['/SensorModule62/'], ['/SensorModule63/'], ['/SensorModule7/'], ['/SensorModule8/'], ['/SensorModule9/']]
08-29 00:10:20 com_github_MitjaNemec_ReplicateLayout.action_replicate_layout 248:Replicating layout
08-29 00:10:20 com_github_MitjaNemec_ReplicateLayout.replicate_layout 288:Starting replication of sheets: [['/SensorModule1/'], ['/SensorModule10/'], ['/SensorModule11/'], ['/SensorModule12/'], ['/SensorModule13/'], ['/SensorModule14/'], ['/SensorModule15/'], ['/SensorModule16/'], ['/SensorModule17/'], ['/SensorModule18/'], ['/SensorModule19/'], ['/SensorModule2/'], ['/SensorModule20/'], ['/SensorModule21/'], ['/SensorModule22/'], ['/SensorModule23/'], ['/SensorModule24/'], ['/SensorModule25/'], ['/SensorModule26/'], ['/SensorModule27/'], ['/SensorModule28/'], ['/SensorModule29/'], ['/SensorModule3/'], ['/SensorModule30/'], ['/SensorModule31/'], ['/SensorModule32/'], ['/SensorModule33/'], ['/SensorModule34/'], ['/SensorModule35/'], ['/SensorModule36/'], ['/SensorModule37/'], ['/SensorModule38/'], ['/SensorModule39/'], ['/SensorModule4/'], ['/SensorModule40/'], ['/SensorModule41/'], ['/SensorModule42/'], ['/SensorModule43/'], ['/SensorModule44/'], ['/SensorModule45/'], ['/SensorModule46/'], ['/SensorModule47/'], ['/SensorModule48/'], ['/SensorModule49/'], ['/SensorModule5/'], ['/SensorModule50/'], ['/SensorModule51/'], ['/SensorModule52/'], ['/SensorModule53/'], ['/SensorModule54/'], ['/SensorModule55/'], ['/SensorModule56/'], ['/SensorModule57/'], ['/SensorModule58/'], ['/SensorModule59/'], ['/SensorModule6/'], ['/SensorModule60/'], ['/SensorModule61/'], ['/SensorModule62/'], ['/SensorModule63/'], ['/SensorModule7/'], ['/SensorModule8/'], ['/SensorModule9/']]
on level: ['/SensorModule/']
with tracks=True, zone=True, text=True, text=True, intersecting=False, remove=False, locked footprints=False, group_only=False
08-29 00:10:20 root 340:updating GUI message: 'Preparing for replication'
08-29 00:10:20 root 345:updating GUI with: 0
08-29 00:10:20 com_github_MitjaNemec_ReplicateLayout.replicate_layout 358:Getting the list of source footprints
08-29 00:10:20 com_github_MitjaNemec_ReplicateLayout.replicate_layout 368:Getting the list of all the remaining footprints
08-29 00:10:20 com_github_MitjaNemec_ReplicateLayout.replicate_layout 375:Getting source tracks
08-29 00:10:20 com_github_MitjaNemec_ReplicateLayout.replicate_layout 1336:Filtering list of tracks
08-29 00:10:20 com_github_MitjaNemec_ReplicateLayout.replicate_layout 379:Getting source zones
08-29 00:10:20 root 345:updating GUI with: 50
08-29 00:10:20 com_github_MitjaNemec_ReplicateLayout.replicate_layout 383:Getting source text items
08-29 00:10:20 com_github_MitjaNemec_ReplicateLayout.replicate_layout 387:Getting source drawing items
08-29 00:10:20 root 340:updating GUI message: 'Replicating footprints'
08-29 00:10:20 root 345:updating GUI with: 0
08-29 00:10:20 com_github_MitjaNemec_ReplicateLayout.replicate_layout 863:Replicating footprints
08-29 00:10:20 com_github_MitjaNemec_ReplicateLayout.replicate_layout 870:Replicating footprints on sheet ['/SensorModule1/']
08-29 00:10:20 com_github_MitjaNemec_ReplicateLayout.replicate_layout 835:Src fp.id: '48CE2A11-6FA1-4816-8BEE-2E82038543FF'
08-29 00:10:20 com_github_MitjaNemec_ReplicateLayout.replicate_layout 839:Dst fp.id: '48CE2A11-6FA1-4816-8BEE-2E82038543FF'
08-29 00:10:20 com_github_MitjaNemec_ReplicateLayout.replicate_layout 888:Replicating footprint: 'Q2'
08-29 00:10:20 com_github_MitjaNemec_ReplicateLayout.replicate_layout 835:Src fp.id: 'D3B029CA-A78A-4AD0-B065-5E40F898A58E'
08-29 00:10:20 com_github_MitjaNemec_ReplicateLayout.replicate_layout 839:Dst fp.id: 'D3B029CA-A78A-4AD0-B065-5E40F898A58E'
08-29 00:10:20 com_github_MitjaNemec_ReplicateLayout.replicate_layout 895:found match in dst footprint: 'Q3'
08-29 00:10:20 com_github_MitjaNemec_ReplicateLayout.replicate_layout 990:Src text UUid:8132af40-9520-49cc-b94e-a768fdfb8d6a
08-29 00:10:20 com_github_MitjaNemec_ReplicateLayout.replicate_layout 991:Dst text UUid:543dc10d-7d2b-4237-b91b-422fa31b2e1c
08-29 00:10:20 com_github_MitjaNemec_ReplicateLayout.replicate_layout 990:Src text UUid:bf1c4316-bb3a-49d4-9c30-09e2a468388a
08-29 00:10:20 com_github_MitjaNemec_ReplicateLayout.replicate_layout 991:Dst text UUid:73ea83f0-9ed2-4fae-903b-11841b76d002
08-29 00:10:20 com_github_MitjaNemec_ReplicateLayout.replicate_layout 990:Src text UUid:78cf5bb7-f5b3-4597-8f69-50bf1c3f6479
08-29 00:10:20 com_github_MitjaNemec_ReplicateLayout.replicate_layout 991:Dst text UUid:18b74ccd-8628-4f84-aef8-b555f41aa5a5
08-29 00:10:20 com_github_MitjaNemec_ReplicateLayout.replicate_layout 888:Replicating footprint: 'C1'
08-29 00:10:20 com_github_MitjaNemec_ReplicateLayout.replicate_layout 835:Src fp.id: '48CE2A11-6FA1-4816-8BEE-2E82038543FF'
08-29 00:10:20 com_github_MitjaNemec_ReplicateLayout.replicate_layout 839:Dst fp.id: '48CE2A11-6FA1-4816-8BEE-2E82038543FF'
08-29 00:10:20 com_github_MitjaNemec_ReplicateLayout.replicate_layout 895:found match in dst footprint: 'C2'
08-29 00:10:20 com_github_MitjaNemec_ReplicateLayout.replicate_layout 990:Src text UUid:7ebf057b-ddf7-4527-92e9-d4d379b3431d
08-29 00:10:20 com_github_MitjaNemec_ReplicateLayout.replicate_layout 991:Dst text UUid:64686fb5-474d-43a0-a490-b61c2396c977
08-29 00:10:20 com_github_MitjaNemec_ReplicateLayout.replicate_layout 990:Src text UUid:e68fef10-595d-4034-b6ab-00179d33cd62
08-29 00:10:20 com_github_MitjaNemec_ReplicateLayout.replicate_layout 991:Dst text UUid:71147a3f-5a6e-437a-aa1d-03907e56e65a
08-29 00:10:20 com_github_MitjaNemec_ReplicateLayout.replicate_layout 990:Src text UUid:c0a551a3-e5e8-4aa2-bad0-1dd864d71ba4
08-29 00:10:20 com_github_MitjaNemec_ReplicateLayout.replicate_layout 991:Dst text UUid:c38dbf5c-fbb1-4784-aacf-83044aa63b5b
08-29 00:10:20 com_github_MitjaNemec_ReplicateLayout.replicate_layout 888:Replicating footprint: 'R1'
08-29 00:10:20 com_github_MitjaNemec_ReplicateLayout.replicate_layout 835:Src fp.id: 'E3A00D99-EE45-46E5-9182-7CB5902749B3'
08-29 00:10:20 com_github_MitjaNemec_ReplicateLayout.replicate_layout 839:Dst fp.id: 'E3A00D99-EE45-46E5-9182-7CB5902749B3'
08-29 00:10:20 com_github_MitjaNemec_ReplicateLayout.replicate_layout 895:found match in dst footprint: 'R2'
08-29 00:10:20 com_github_MitjaNemec_ReplicateLayout.replicate_layout 990:Src text UUid:ba093b77-2243-40ba-81f8-483bbf0185db
08-29 00:10:20 com_github_MitjaNemec_ReplicateLayout.replicate_layout 991:Dst text UUid:544eb54a-fd1e-432e-a8cd-b818fb9ef289
08-29 00:10:20 com_github_MitjaNemec_ReplicateLayout.replicate_layout 990:Src text UUid:46ba2679-716b-4cb2-98d0-cdb6119821d1
08-29 00:10:20 com_github_MitjaNemec_ReplicateLayout.replicate_layout 991:Dst text UUid:5944c1d6-04af-4c0b-8e64-e82c3add8cc2
08-29 00:10:20 com_github_MitjaNemec_ReplicateLayout.replicate_layout 990:Src text UUid:a5803c3c-186e-40da-9549-6a79b6d8bf98
08-29 00:10:20 com_github_MitjaNemec_ReplicateLayout.replicate_layout 991:Dst text UUid:82c1600d-4723-42cb-8935-47d86a0d04fc
08-29 00:10:20 com_github_MitjaNemec_ReplicateLayout.replicate_layout 888:Replicating footprint: 'TP93'
08-29 00:10:20 com_github_MitjaNemec_ReplicateLayout.replicate_layout 835:Src fp.id: '15175B47-07CC-4462-B3C9-5D963B871DFB'
08-29 00:10:20 com_github_MitjaNemec_ReplicateLayout.replicate_layout 839:Dst fp.id: '15175B47-07CC-4462-B3C9-5D963B871DFB'
08-29 00:10:20 com_github_MitjaNemec_ReplicateLayout.replicate_layout 895:found match in dst footprint: 'TP94'
08-29 00:10:20 com_github_MitjaNemec_ReplicateLayout.replicate_layout 990:Src text UUid:a29c5f2c-5368-470c-bf7d-3eb524a9f5a4
08-29 00:10:20 com_github_MitjaNemec_ReplicateLayout.replicate_layout 991:Dst text UUid:6a9fccc0-0841-4d72-87eb-1337649d05c6
08-29 00:10:20 com_github_MitjaNemec_ReplicateLayout.replicate_layout 990:Src text UUid:b73aa0a7-756d-4772-a66b-825a940b4bb8
08-29 00:10:20 com_github_MitjaNemec_ReplicateLayout.replicate_layout 991:Dst text UUid:f82ae2b8-3684-4565-a379-1bcd293e25be
08-29 00:10:20 com_github_MitjaNemec_ReplicateLayout.replicate_layout 990:Src text UUid:b2d41304-451a-4f90-ae28-d1d150d70de9
08-29 00:10:20 com_github_MitjaNemec_ReplicateLayout.replicate_layout 991:Dst text UUid:7e4c5b2d-3feb-4dcd-826e-0cfb6ed55219
08-29 00:10:20 com_github_MitjaNemec_ReplicateLayout.replicate_layout 888:Replicating footprint: 'Q1'
08-29 00:10:20 com_github_MitjaNemec_ReplicateLayout.replicate_layout 835:Src fp.id: '8D847CB5-E00B-428D-BD6B-968281E3857C'
08-29 00:10:20 com_github_MitjaNemec_ReplicateLayout.replicate_layout 839:Dst fp.id: '8D847CB5-E00B-428D-BD6B-968281E3857C'
08-29 00:10:20 com_github_MitjaNemec_ReplicateLayout.replicate_layout 895:found match in dst footprint: 'Q4'
08-29 00:10:20 com_github_MitjaNemec_ReplicateLayout.replicate_layout 990:Src text UUid:b1604cc1-d053-4d3e-980d-232d8676de39
08-29 00:10:20 com_github_MitjaNemec_ReplicateLayout.replicate_layout 991:Dst text UUid:d3c979dc-2aa5-462f-a11e-9022eabeed0a
08-29 00:10:20 com_github_MitjaNemec_ReplicateLayout.replicate_layout 990:Src text UUid:c0bb85bc-d328-41e7-bd97-31bf508a662b
08-29 00:10:20 com_github_MitjaNemec_ReplicateLayout.replicate_layout 991:Dst text UUid:30ce4f3c-4b28-43c9-b8e9-89ee685a1507
08-29 00:10:20 com_github_MitjaNemec_ReplicateLayout.replicate_layout 990:Src text UUid:5e6fa8e6-c520-4ff8-ad92-32b11758bae4
08-29 00:10:20 com_github_MitjaNemec_ReplicateLayout.replicate_layout 991:Dst text UUid:220ee3c1-38a6-4084-81f9-2b451400b96d
08-29 00:10:20 com_github_MitjaNemec_ReplicateLayout.replicate_layout 870:Replicating footprints on sheet ['/SensorModule10/']
08-29 00:10:20 com_github_MitjaNemec_ReplicateLayout.replicate_layout 835:Src fp.id: '48CE2A11-6FA1-4816-8BEE-2E82038543FF'
08-29 00:10:20 com_github_MitjaNemec_ReplicateLayout.replicate_layout 839:Dst fp.id: '48CE2A11-6FA1-4816-8BEE-2E82038543FF'
08-29 00:10:20 com_github_MitjaNemec_ReplicateLayout.replicate_layout 888:Replicating footprint: 'Q2'
08-29 00:10:20 com_github_MitjaNemec_ReplicateLayout.replicate_layout 835:Src fp.id: 'D3B029CA-A78A-4AD0-B065-5E40F898A58E'
08-29 00:10:20 com_github_MitjaNemec_ReplicateLayout.replicate_layout 839:Dst fp.id: 'D3B029CA-A78A-4AD0-B065-5E40F898A58E'
08-29 00:10:20 com_github_MitjaNemec_ReplicateLayout.replicate_layout 895:found match in dst footprint: 'Q21'
08-29 00:10:20 com_github_MitjaNemec_ReplicateLayout.replicate_layout 990:Src text UUid:8132af40-9520-49cc-b94e-a768fdfb8d6a
08-29 00:10:20 com_github_MitjaNemec_ReplicateLayout.replicate_layout 991:Dst text UUid:317d666d-c893-4b05-bf3e-74ff3da01aef
08-29 00:10:20 com_github_MitjaNemec_ReplicateLayout.replicate_layout 990:Src text UUid:bf1c4316-bb3a-49d4-9c30-09e2a468388a
08-29 00:10:20 com_github_MitjaNemec_ReplicateLayout.replicate_layout 991:Dst text UUid:b94ed6b2-5cf2-4643-89a9-74c02d84b0d8
08-29 00:10:20 com_github_MitjaNemec_ReplicateLayout.replicate_layout 990:Src text UUid:78cf5bb7-f5b3-4597-8f69-50bf1c3f6479
08-29 00:10:20 com_github_MitjaNemec_ReplicateLayout.replicate_layout 991:Dst text UUid:001d9526-0d96-447f-bd04-7795d7be0068
08-29 00:10:20 com_github_MitjaNemec_ReplicateLayout.replicate_layout 888:Replicating footprint: 'C1'
08-29 00:10:20 com_github_MitjaNemec_ReplicateLayout.replicate_layout 835:Src fp.id: '48CE2A11-6FA1-4816-8BEE-2E82038543FF'
08-29 00:10:20 com_github_MitjaNemec_ReplicateLayout.replicate_layout 839:Dst fp.id: '48CE2A11-6FA1-4816-8BEE-2E82038543FF'
08-29 00:10:20 com_github_MitjaNemec_ReplicateLayout.replicate_layout 895:found match in dst footprint: 'C11'
08-29 00:10:20 com_github_MitjaNemec_ReplicateLayout.replicate_layout 990:Src text UUid:7ebf057b-ddf7-4527-92e9-d4d379b3431d
08-29 00:10:20 com_github_MitjaNemec_ReplicateLayout.replicate_layout 991:Dst text UUid:7fe8c377-e3ef-4d7e-a6e8-a5e5f7a7da18
08-29 00:10:20 com_github_MitjaNemec_ReplicateLayout.replicate_layout 990:Src text UUid:e68fef10-595d-4034-b6ab-00179d33cd62
08-29 00:10:20 com_github_MitjaNemec_ReplicateLayout.replicate_layout 991:Dst text UUid:dc22b303-5370-4cde-8583-7e4b6d1fdd41
08-29 00:10:20 com_github_MitjaNemec_ReplicateLayout.replicate_layout 990:Src text UUid:c0a551a3-e5e8-4aa2-bad0-1dd864d71ba4
08-29 00:10:20 com_github_MitjaNemec_ReplicateLayout.replicate_layout 991:Dst text UUid:e6dd3e88-bfbd-419c-afd4-786c125ea830
08-29 00:10:20 com_github_MitjaNemec_ReplicateLayout.replicate_layout 888:Replicating footprint: 'R1'
08-29 00:10:20 com_github_MitjaNemec_ReplicateLayout.replicate_layout 835:Src fp.id: 'E3A00D99-EE45-46E5-9182-7CB5902749B3'
08-29 00:10:20 com_github_MitjaNemec_ReplicateLayout.replicate_layout 839:Dst fp.id: 'E3A00D99-EE45-46E5-9182-7CB5902749B3'
08-29 00:10:20 com_github_MitjaNemec_ReplicateLayout.replicate_layout 895:found match in dst footprint: 'R11'
08-29 00:10:20 com_github_MitjaNemec_ReplicateLayout.replicate_layout 990:Src text UUid:ba093b77-2243-40ba-81f8-483bbf0185db
08-29 00:10:20 com_github_MitjaNemec_ReplicateLayout.replicate_layout 991:Dst text UUid:fac17f91-afd1-4259-a9fd-388bdab205fa
08-29 00:10:20 com_github_MitjaNemec_ReplicateLayout.replicate_layout 990:Src text UUid:46ba2679-716b-4cb2-98d0-cdb6119821d1
08-29 00:10:20 com_github_MitjaNemec_ReplicateLayout.replicate_layout 991:Dst text UUid:e22d2d28-eb15-4e73-8776-f13050c09d81
08-29 00:10:20 com_github_MitjaNemec_ReplicateLayout.replicate_layout 990:Src text UUid:a5803c3c-186e-40da-9549-6a79b6d8bf98
08-29 00:10:20 com_github_MitjaNemec_ReplicateLayout.replicate_layout 991:Dst text UUid:0af6fd4e-f1bb-48c6-9e0f-afac9d95314b
08-29 00:10:20 com_github_MitjaNemec_ReplicateLayout.replicate_layout 888:Replicating footprint: 'TP93'
08-29 00:10:20 com_github_MitjaNemec_ReplicateLayout.replicate_layout 835:Src fp.id: '15175B47-07CC-4462-B3C9-5D963B871DFB'
08-29 00:10:20 com_github_MitjaNemec_ReplicateLayout.replicate_layout 839:Dst fp.id: '15175B47-07CC-4462-B3C9-5D963B871DFB'
08-29 00:10:20 com_github_MitjaNemec_ReplicateLayout.replicate_layout 895:found match in dst footprint: 'TP4'
08-29 00:10:20 com_github_MitjaNemec_ReplicateLayout.replicate_layout 990:Src text UUid:a29c5f2c-5368-470c-bf7d-3eb524a9f5a4
08-29 00:10:20 com_github_MitjaNemec_ReplicateLayout.replicate_layout 991:Dst text UUid:1d71861f-282b-4d43-87ea-409708c03498
08-29 00:10:20 com_github_MitjaNemec_ReplicateLayout.replicate_layout 990:Src text UUid:b73aa0a7-756d-4772-a66b-825a940b4bb8
08-29 00:10:20 com_github_MitjaNemec_ReplicateLayout.replicate_layout 991:Dst text UUid:ab41b4c2-5962-45ec-9d7f-2b52d0e3d000
08-29 00:10:20 com_github_MitjaNemec_ReplicateLayout.replicate_layout 990:Src text UUid:b2d41304-451a-4f90-ae28-d1d150d70de9
08-29 00:10:20 com_github_MitjaNemec_ReplicateLayout.replicate_layout 991:Dst text UUid:fc9bd187-307c-4c2c-904b-ca869bb06a8d
08-29 00:10:20 com_github_MitjaNemec_ReplicateLayout.replicate_layout 888:Replicating footprint: 'Q1'
08-29 00:10:20 com_github_MitjaNemec_ReplicateLayout.replicate_layout 835:Src fp.id: '8D847CB5-E00B-428D-BD6B-968281E3857C'
08-29 00:10:20 com_github_MitjaNemec_ReplicateLayout.replicate_layout 839:Dst fp.id: '8D847CB5-E00B-428D-BD6B-968281E3857C'
08-29 00:10:20 com_github_MitjaNemec_ReplicateLayout.replicate_layout 895:found match in dst footprint: 'Q22'
08-29 00:10:20 com_github_MitjaNemec_ReplicateLayout.replicate_layout 990:Src text UUid:b1604cc1-d053-4d3e-980d-232d8676de39
08-29 00:10:20 com_github_MitjaNemec_ReplicateLayout.replicate_layout 991:Dst text UUid:9f7df63b-eec1-4703-9fc9-ed8e2685949b
08-29 00:10:20 com_github_MitjaNemec_ReplicateLayout.replicate_layout 990:Src text UUid:c0bb85bc-d328-41e7-bd97-31bf508a662b
08-29 00:10:20 com_github_MitjaNemec_ReplicateLayout.replicate_layout 991:Dst text UUid:8b4a8e7e-4b7a-4210-b72a-8e4cf58f54c2
08-29 00:10:20 com_github_MitjaNemec_ReplicateLayout.replicate_layout 990:Src text UUid:5e6fa8e6-c520-4ff8-ad92-32b11758bae4
08-29 00:10:20 com_github_MitjaNemec_ReplicateLayout.replicate_layout 991:Dst text UUid:a29137a1-e447-46d4-a4aa-a18108f5e33a
08-29 00:10:20 root 345:updating GUI with: 3
08-29 00:10:20 com_github_MitjaNemec_ReplicateLayout.replicate_layout 870:Replicating footprints on sheet ['/SensorModule11/']
08-29 00:10:20 com_github_MitjaNemec_ReplicateLayout.replicate_layout 835:Src fp.id: '48CE2A11-6FA1-4816-8BEE-2E82038543FF'
08-29 00:10:20 com_github_MitjaNemec_ReplicateLayout.replicate_layout 839:Dst fp.id: '48CE2A11-6FA1-4816-8BEE-2E82038543FF'
08-29 00:10:20 com_github_MitjaNemec_ReplicateLayout.replicate_layout 888:Replicating footprint: 'Q2'
08-29 00:10:20 com_github_MitjaNemec_ReplicateLayout.replicate_layout 835:Src fp.id: 'D3B029CA-A78A-4AD0-B065-5E40F898A58E'
08-29 00:10:20 com_github_MitjaNemec_ReplicateLayout.replicate_layout 839:Dst fp.id: 'D3B029CA-A78A-4AD0-B065-5E40F898A58E'
08-29 00:10:20 com_github_MitjaNemec_ReplicateLayout.replicate_layout 895:found match in dst footprint: 'Q23'
08-29 00:10:20 com_github_MitjaNemec_ReplicateLayout.replicate_layout 990:Src text UUid:8132af40-9520-49cc-b94e-a768fdfb8d6a
08-29 00:10:20 com_github_MitjaNemec_ReplicateLayout.replicate_layout 991:Dst text UUid:de1b7cfb-a17e-404a-af22-49f97d0588e3
08-29 00:10:20 com_github_MitjaNemec_ReplicateLayout.replicate_layout 990:Src text UUid:bf1c4316-bb3a-49d4-9c30-09e2a468388a
08-29 00:10:20 com_github_MitjaNemec_ReplicateLayout.replicate_layout 991:Dst text UUid:c171712d-bc14-42d0-94d8-4186d3430edb
08-29 00:10:20 com_github_MitjaNemec_ReplicateLayout.replicate_layout 990:Src text UUid:78cf5bb7-f5b3-4597-8f69-50bf1c3f6479
08-29 00:10:20 com_github_MitjaNemec_ReplicateLayout.replicate_layout 991:Dst text UUid:ca41a170-9678-4005-bc92-3b99b29ed07d
08-29 00:10:20 com_github_MitjaNemec_ReplicateLayout.replicate_layout 888:Replicating footprint: 'C1'
08-29 00:10:20 com_github_MitjaNemec_ReplicateLayout.replicate_layout 835:Src fp.id: '48CE2A11-6FA1-4816-8BEE-2E82038543FF'
08-29 00:10:20 com_github_MitjaNemec_ReplicateLayout.replicate_layout 839:Dst fp.id: '48CE2A11-6FA1-4816-8BEE-2E82038543FF'
08-29 00:10:20 com_github_MitjaNemec_ReplicateLayout.replicate_layout 895:found match in dst footprint: 'C12'
08-29 00:10:20 com_github_MitjaNemec_ReplicateLayout.replicate_layout 990:Src text UUid:7ebf057b-ddf7-4527-92e9-d4d379b3431d
08-29 00:10:20 com_github_MitjaNemec_ReplicateLayout.replicate_layout 991:Dst text UUid:3e01ecd7-afb0-4193-9949-40707671ebd4
08-29 00:10:20 com_github_MitjaNemec_ReplicateLayout.replicate_layout 990:Src text UUid:e68fef10-595d-4034-b6ab-00179d33cd62
08-29 00:10:20 com_github_MitjaNemec_ReplicateLayout.replicate_layout 991:Dst text UUid:70727909-995f-48e7-af69-ff72e0fe9f3d
08-29 00:10:20 com_github_MitjaNemec_ReplicateLayout.replicate_layout 990:Src text UUid:c0a551a3-e5e8-4aa2-bad0-1dd864d71ba4
08-29 00:10:20 com_github_MitjaNemec_ReplicateLayout.replicate_layout 991:Dst text UUid:34b32e7c-5c99-461d-89f8-e61e23ff86e1
08-29 00:10:20 com_github_MitjaNemec_ReplicateLayout.replicate_layout 888:Replicating footprint: 'R1'
08-29 00:10:20 com_github_MitjaNemec_ReplicateLayout.replicate_layout 835:Src fp.id: 'E3A00D99-EE45-46E5-9182-7CB5902749B3'
08-29 00:10:20 com_github_MitjaNemec_ReplicateLayout.replicate_layout 839:Dst fp.id: 'E3A00D99-EE45-46E5-9182-7CB5902749B3'
08-29 00:10:20 com_github_MitjaNemec_ReplicateLayout.replicate_layout 895:found match in dst footprint: 'R12'
08-29 00:10:20 com_github_MitjaNemec_ReplicateLayout.replicate_layout 990:Src text UUid:ba093b77-2243-40ba-81f8-483bbf0185db
08-29 00:10:20 com_github_MitjaNemec_ReplicateLayout.replicate_layout 991:Dst text UUid:232b4d9b-2d05-4b4a-89ce-2cd2936a3b32
08-29 00:10:20 com_github_MitjaNemec_ReplicateLayout.replicate_layout 990:Src text UUid:46ba2679-716b-4cb2-98d0-cdb6119821d1
08-29 00:10:20 com_github_MitjaNemec_ReplicateLayout.replicate_layout 991:Dst text UUid:128be7ea-8c77-4d7a-97f3-7e839dcb9106
08-29 00:10:20 com_github_MitjaNemec_ReplicateLayout.replicate_layout 990:Src text UUid:a5803c3c-186e-40da-9549-6a79b6d8bf98
08-29 00:10:20 com_github_MitjaNemec_ReplicateLayout.replicate_layout 991:Dst text UUid:e2ffd5e4-ac78-454a-ada6-6c533af64531
08-29 00:10:20 com_github_MitjaNemec_ReplicateLayout.replicate_layout 888:Replicating footprint: 'TP93'
08-29 00:10:20 com_github_MitjaNemec_ReplicateLayout.replicate_layout 835:Src fp.id: '15175B47-07CC-4462-B3C9-5D963B871DFB'
08-29 00:10:20 com_github_MitjaNemec_ReplicateLayout.replicate_layout 839:Dst fp.id: '15175B47-07CC-4462-B3C9-5D963B871DFB'
08-29 00:10:20 com_github_MitjaNemec_ReplicateLayout.replicate_layout 895:found match in dst footprint: 'TP6'
08-29 00:10:20 com_github_MitjaNemec_ReplicateLayout.replicate_layout 990:Src text UUid:a29c5f2c-5368-470c-bf7d-3eb524a9f5a4
08-29 00:10:20 com_github_MitjaNemec_ReplicateLayout.replicate_layout 991:Dst text UUid:4c1268a5-4988-49de-8656-a1ec8c472168
08-29 00:10:20 com_github_MitjaNemec_ReplicateLayout.replicate_layout 990:Src text UUid:b73aa0a7-756d-4772-a66b-825a940b4bb8
08-29 00:10:20 com_github_MitjaNemec_ReplicateLayout.replicate_layout 991:Dst text UUid:7956451f-67ad-453e-a7fa-262d1773dfc2
08-29 00:10:20 com_github_MitjaNemec_ReplicateLayout.replicate_layout 990:Src text UUid:b2d41304-451a-4f90-ae28-d1d150d70de9
08-29 00:10:20 com_github_MitjaNemec_ReplicateLayout.replicate_layout 991:Dst text UUid:9ffdb1cf-30cd-4ddf-8b6b-61e090af79e0
08-29 00:10:20 com_github_MitjaNemec_ReplicateLayout.replicate_layout 888:Replicating footprint: 'Q1'
08-29 00:10:20 com_github_MitjaNemec_ReplicateLayout.replicate_layout 835:Src fp.id: '8D847CB5-E00B-428D-BD6B-968281E3857C'
08-29 00:10:20 com_github_MitjaNemec_ReplicateLayout.replicate_layout 839:Dst fp.id: '8D847CB5-E00B-428D-BD6B-968281E3857C'
08-29 00:10:20 com_github_MitjaNemec_ReplicateLayout.replicate_layout 895:found match in dst footprint: 'Q24'
08-29 00:10:20 com_github_MitjaNemec_ReplicateLayout.replicate_layout 990:Src text UUid:b1604cc1-d053-4d3e-980d-232d8676de39
08-29 00:10:20 com_github_MitjaNemec_ReplicateLayout.replicate_layout 991:Dst text UUid:640e9af1-8cfd-45dd-8018-be71773b04c0
08-29 00:10:20 com_github_MitjaNemec_ReplicateLayout.replicate_layout 990:Src text UUid:c0bb85bc-d328-41e7-bd97-31bf508a662b
08-29 00:10:20 com_github_MitjaNemec_ReplicateLayout.replicate_layout 991:Dst text UUid:f50974a1-c437-4cde-aa8d-3bbdedc73910
08-29 00:10:20 com_github_MitjaNemec_ReplicateLayout.replicate_layout 990:Src text UUid:5e6fa8e6-c520-4ff8-ad92-32b11758bae4
08-29 00:10:20 com_github_MitjaNemec_ReplicateLayout.replicate_layout 991:Dst text UUid:ba75de2c-b43c-4a7a-97fc-c771e023dc96
08-29 00:10:20 com_github_MitjaNemec_ReplicateLayout.replicate_layout 870:Replicating footprints on sheet ['/SensorModule12/']
08-29 00:10:20 com_github_MitjaNemec_ReplicateLayout.replicate_layout 835:Src fp.id: '48CE2A11-6FA1-4816-8BEE-2E82038543FF'
08-29 00:10:20 com_github_MitjaNemec_ReplicateLayout.replicate_layout 839:Dst fp.id: '48CE2A11-6FA1-4816-8BEE-2E82038543FF'
08-29 00:10:20 com_github_MitjaNemec_ReplicateLayout.replicate_layout 888:Replicating footprint: 'Q2'
08-29 00:10:20 com_github_MitjaNemec_ReplicateLayout.replicate_layout 835:Src fp.id: 'D3B029CA-A78A-4AD0-B065-5E40F898A58E'
08-29 00:10:20 com_github_MitjaNemec_ReplicateLayout.replicate_layout 839:Dst fp.id: 'D3B029CA-A78A-4AD0-B065-5E40F898A58E'
08-29 00:10:20 com_github_MitjaNemec_ReplicateLayout.replicate_layout 895:found match in dst footprint: 'Q25'
08-29 00:10:20 com_github_MitjaNemec_ReplicateLayout.replicate_layout 990:Src text UUid:8132af40-9520-49cc-b94e-a768fdfb8d6a
08-29 00:10:20 com_github_MitjaNemec_ReplicateLayout.replicate_layout 991:Dst text UUid:e1f8ba79-4ae0-4ba1-94bb-e75461142541
08-29 00:10:20 com_github_MitjaNemec_ReplicateLayout.replicate_layout 990:Src text UUid:bf1c4316-bb3a-49d4-9c30-09e2a468388a
08-29 00:10:20 com_github_MitjaNemec_ReplicateLayout.replicate_layout 991:Dst text UUid:5b19f23a-c9c6-4de4-8501-0c12a1a93c54
08-29 00:10:20 com_github_MitjaNemec_ReplicateLayout.replicate_layout 990:Src text UUid:78cf5bb7-f5b3-4597-8f69-50bf1c3f6479
08-29 00:10:20 com_github_MitjaNemec_ReplicateLayout.replicate_layout 991:Dst text UUid:b5059c4f-363e-4420-ae95-9dc2884b078a
08-29 00:10:20 com_github_MitjaNemec_ReplicateLayout.replicate_layout 888:Replicating footprint: 'C1'
08-29 00:10:20 com_github_MitjaNemec_ReplicateLayout.replicate_layout 835:Src fp.id: '48CE2A11-6FA1-4816-8BEE-2E82038543FF'
08-29 00:10:20 com_github_MitjaNemec_ReplicateLayout.replicate_layout 839:Dst fp.id: '48CE2A11-6FA1-4816-8BEE-2E82038543FF'
08-29 00:10:20 com_github_MitjaNemec_ReplicateLayout.replicate_layout 895:found match in dst footprint: 'C13'
08-29 00:10:20 com_github_MitjaNemec_ReplicateLayout.replicate_layout 990:Src text UUid:7ebf057b-ddf7-4527-92e9-d4d379b3431d
08-29 00:10:20 com_github_MitjaNemec_ReplicateLayout.replicate_layout 991:Dst text UUid:417e7f46-c809-4610-b7a1-c5b07a956962
08-29 00:10:20 com_github_MitjaNemec_ReplicateLayout.replicate_layout 990:Src text UUid:e68fef10-595d-4034-b6ab-00179d33cd62
08-29 00:10:20 com_github_MitjaNemec_ReplicateLayout.replicate_layout 991:Dst text UUid:bb42a970-e9fa-48b5-88d3-93a8c8e8e1ff
08-29 00:10:20 com_github_MitjaNemec_ReplicateLayout.replicate_layout 990:Src text UUid:c0a551a3-e5e8-4aa2-bad0-1dd864d71ba4
08-29 00:10:20 com_github_MitjaNemec_ReplicateLayout.replicate_layout 991:Dst text UUid:2fd12b4f-c71b-4fc0-a4c6-ceb1116e4861
08-29 00:10:20 com_github_MitjaNemec_ReplicateLayout.replicate_layout 888:Replicating footprint: 'R1'
08-29 00:10:20 com_github_MitjaNemec_ReplicateLayout.replicate_layout 835:Src fp.id: 'E3A00D99-EE45-46E5-9182-7CB5902749B3'
08-29 00:10:20 com_github_MitjaNemec_ReplicateLayout.replicate_layout 839:Dst fp.id: 'E3A00D99-EE45-46E5-9182-7CB5902749B3'
08-29 00:10:20 com_github_MitjaNemec_ReplicateLayout.replicate_layout 895:found match in dst footprint: 'R13'
08-29 00:10:20 com_github_MitjaNemec_ReplicateLayout.replicate_layout 990:Src text UUid:ba093b77-2243-40ba-81f8-483bbf0185db
08-29 00:10:20 com_github_MitjaNemec_ReplicateLayout.replicate_layout 991:Dst text UUid:2dcef988-feba-41d7-a749-96ee93e203e9
08-29 00:10:20 com_github_MitjaNemec_ReplicateLayout.replicate_layout 990:Src text UUid:46ba2679-716b-4cb2-98d0-cdb6119821d1
08-29 00:10:20 com_github_MitjaNemec_ReplicateLayout.replicate_layout 991:Dst text UUid:e06a5703-8e9f-40fd-b7cb-50f0bbef07ff
08-29 00:10:20 com_github_MitjaNemec_ReplicateLayout.replicate_layout 990:Src text UUid:a5803c3c-186e-40da-9549-6a79b6d8bf98
08-29 00:10:20 com_github_MitjaNemec_ReplicateLayout.replicate_layout 991:Dst text UUid:75d13778-830c-4a70-87de-c799398624f2
08-29 00:10:20 com_github_MitjaNemec_ReplicateLayout.replicate_layout 888:Replicating footprint: 'TP93'
08-29 00:10:20 com_github_MitjaNemec_ReplicateLayout.replicate_layout 835:Src fp.id: '15175B47-07CC-4462-B3C9-5D963B871DFB'
08-29 00:10:20 com_github_MitjaNemec_ReplicateLayout.replicate_layout 839:Dst fp.id: '15175B47-07CC-4462-B3C9-5D963B871DFB'
08-29 00:10:20 com_github_MitjaNemec_ReplicateLayout.replicate_layout 895:found match in dst footprint: 'TP8'
08-29 00:10:20 com_github_MitjaNemec_ReplicateLayout.replicate_layout 990:Src text UUid:a29c5f2c-5368-470c-bf7d-3eb524a9f5a4
08-29 00:10:20 com_github_MitjaNemec_ReplicateLayout.replicate_layout 991:Dst text UUid:e0a1e5b6-b672-4e9e-b397-d68612a3f3bc
08-29 00:10:20 com_github_MitjaNemec_ReplicateLayout.replicate_layout 990:Src text UUid:b73aa0a7-756d-4772-a66b-825a940b4bb8
08-29 00:10:20 com_github_MitjaNemec_ReplicateLayout.replicate_layout 991:Dst text UUid:1022c997-972d-48c8-bc7e-f226b1cb858d
08-29 00:10:20 com_github_MitjaNemec_ReplicateLayout.replicate_layout 990:Src text UUid:b2d41304-451a-4f90-ae28-d1d150d70de9
08-29 00:10:20 com_github_MitjaNemec_ReplicateLayout.replicate_layout 991:Dst text UUid:794a5b58-ebe7-4056-907f-a5c5fe052c00
08-29 00:10:20 com_github_MitjaNemec_ReplicateLayout.replicate_layout 888:Replicating footprint: 'Q1'
08-29 00:10:20 com_github_MitjaNemec_ReplicateLayout.replicate_layout 835:Src fp.id: '8D847CB5-E00B-428D-BD6B-968281E3857C'
08-29 00:10:20 com_github_MitjaNemec_ReplicateLayout.replicate_layout 839:Dst fp.id: '8D847CB5-E00B-428D-BD6B-968281E3857C'
08-29 00:10:20 com_github_MitjaNemec_ReplicateLayout.replicate_layout 895:found match in dst footprint: 'Q26'
08-29 00:10:20 com_github_MitjaNemec_ReplicateLayout.replicate_layout 990:Src text UUid:b1604cc1-d053-4d3e-980d-232d8676de39
08-29 00:10:20 com_github_MitjaNemec_ReplicateLayout.replicate_layout 991:Dst text UUid:f011dcdd-9005-4c1c-8850-6702c1ec24a9
08-29 00:10:20 com_github_MitjaNemec_ReplicateLayout.replicate_layout 990:Src text UUid:c0bb85bc-d328-41e7-bd97-31bf508a662b
08-29 00:10:20 com_github_MitjaNemec_ReplicateLayout.replicate_layout 991:Dst text UUid:d081815d-5b33-447a-9fd2-97809fbd9848
08-29 00:10:20 com_github_MitjaNemec_ReplicateLayout.replicate_layout 990:Src text UUid:5e6fa8e6-c520-4ff8-ad92-32b11758bae4
08-29 00:10:20 com_github_MitjaNemec_ReplicateLayout.replicate_layout 991:Dst text UUid:24bd83da-e126-4d04-998b-91eb462534cb
08-29 00:10:20 root 345:updating GUI with: 6
08-29 00:10:20 com_github_MitjaNemec_ReplicateLayout.replicate_layout 870:Replicating footprints on sheet ['/SensorModule13/']
08-29 00:10:20 com_github_MitjaNemec_ReplicateLayout.replicate_layout 835:Src fp.id: '48CE2A11-6FA1-4816-8BEE-2E82038543FF'
08-29 00:10:20 com_github_MitjaNemec_ReplicateLayout.replicate_layout 839:Dst fp.id: '48CE2A11-6FA1-4816-8BEE-2E82038543FF'
08-29 00:10:20 com_github_MitjaNemec_ReplicateLayout.replicate_layout 888:Replicating footprint: 'Q2'
08-29 00:10:20 com_github_MitjaNemec_ReplicateLayout.replicate_layout 835:Src fp.id: 'D3B029CA-A78A-4AD0-B065-5E40F898A58E'
08-29 00:10:20 com_github_MitjaNemec_ReplicateLayout.replicate_layout 839:Dst fp.id: 'D3B029CA-A78A-4AD0-B065-5E40F898A58E'
08-29 00:10:20 com_github_MitjaNemec_ReplicateLayout.replicate_layout 895:found match in dst footprint: 'Q27'
08-29 00:10:20 com_github_MitjaNemec_ReplicateLayout.replicate_layout 990:Src text UUid:8132af40-9520-49cc-b94e-a768fdfb8d6a
08-29 00:10:20 com_github_MitjaNemec_ReplicateLayout.replicate_layout 991:Dst text UUid:810da432-85a9-4887-b31b-c8f1a5414608
08-29 00:10:20 com_github_MitjaNemec_ReplicateLayout.replicate_layout 990:Src text UUid:bf1c4316-bb3a-49d4-9c30-09e2a468388a
08-29 00:10:20 com_github_MitjaNemec_ReplicateLayout.replicate_layout 991:Dst text UUid:1d7987e3-ed55-4999-a618-fa00596872ae
08-29 00:10:20 com_github_MitjaNemec_ReplicateLayout.replicate_layout 990:Src text UUid:78cf5bb7-f5b3-4597-8f69-50bf1c3f6479
08-29 00:10:20 com_github_MitjaNemec_ReplicateLayout.replicate_layout 991:Dst text UUid:45a09d5f-fcff-476b-9803-b8b14ffdfed4
08-29 00:10:20 com_github_MitjaNemec_ReplicateLayout.replicate_layout 888:Replicating footprint: 'C1'
08-29 00:10:20 com_github_MitjaNemec_ReplicateLayout.replicate_layout 835:Src fp.id: '48CE2A11-6FA1-4816-8BEE-2E82038543FF'
08-29 00:10:20 com_github_MitjaNemec_ReplicateLayout.replicate_layout 839:Dst fp.id: '48CE2A11-6FA1-4816-8BEE-2E82038543FF'
08-29 00:10:20 com_github_MitjaNemec_ReplicateLayout.replicate_layout 895:found match in dst footprint: 'C14'
08-29 00:10:20 com_github_MitjaNemec_ReplicateLayout.replicate_layout 990:Src text UUid:7ebf057b-ddf7-4527-92e9-d4d379b3431d
08-29 00:10:20 com_github_MitjaNemec_ReplicateLayout.replicate_layout 991:Dst text UUid:bab0bb07-b8f8-4c66-b655-1c5a830e9959
08-29 00:10:20 com_github_MitjaNemec_ReplicateLayout.replicate_layout 990:Src text UUid:e68fef10-595d-4034-b6ab-00179d33cd62
08-29 00:10:20 com_github_MitjaNemec_ReplicateLayout.replicate_layout 991:Dst text UUid:cc2ef842-fa99-4789-82d2-de856b7dc7bd
08-29 00:10:20 com_github_MitjaNemec_ReplicateLayout.replicate_layout 990:Src text UUid:c0a551a3-e5e8-4aa2-bad0-1dd864d71ba4
08-29 00:10:20 com_github_MitjaNemec_ReplicateLayout.replicate_layout 991:Dst text UUid:75399a92-5fd4-4625-8b20-342caa026bf4
08-29 00:10:20 com_github_MitjaNemec_ReplicateLayout.replicate_layout 888:Replicating footprint: 'R1'
08-29 00:10:20 com_github_MitjaNemec_ReplicateLayout.replicate_layout 835:Src fp.id: 'E3A00D99-EE45-46E5-9182-7CB5902749B3'
08-29 00:10:20 com_github_MitjaNemec_ReplicateLayout.replicate_layout 839:Dst fp.id: 'E3A00D99-EE45-46E5-9182-7CB5902749B3'
08-29 00:10:20 com_github_MitjaNemec_ReplicateLayout.replicate_layout 895:found match in dst footprint: 'R14'
08-29 00:10:20 com_github_MitjaNemec_ReplicateLayout.replicate_layout 990:Src text UUid:ba093b77-2243-40ba-81f8-483bbf0185db
08-29 00:10:20 com_github_MitjaNemec_ReplicateLayout.replicate_layout 991:Dst text UUid:fa0bb869-514c-41b4-b543-1f9616fb71f7
08-29 00:10:20 com_github_MitjaNemec_ReplicateLayout.replicate_layout 990:Src text UUid:46ba2679-716b-4cb2-98d0-cdb6119821d1
08-29 00:10:20 com_github_MitjaNemec_ReplicateLayout.replicate_layout 991:Dst text UUid:6299ebc0-720a-4ec2-a8fc-398bd1c76766
08-29 00:10:20 com_github_MitjaNemec_ReplicateLayout.replicate_layout 990:Src text UUid:a5803c3c-186e-40da-9549-6a79b6d8bf98
08-29 00:10:20 com_github_MitjaNemec_ReplicateLayout.replicate_layout 991:Dst text UUid:38a91b9f-5ef6-4d7b-bec0-23706e8a95f3
08-29 00:10:20 com_github_MitjaNemec_ReplicateLayout.replicate_layout 888:Replicating footprint: 'TP93'
08-29 00:10:20 com_github_MitjaNemec_ReplicateLayout.replicate_layout 835:Src fp.id: '15175B47-07CC-4462-B3C9-5D963B871DFB'
08-29 00:10:20 com_github_MitjaNemec_ReplicateLayout.replicate_layout 839:Dst fp.id: '15175B47-07CC-4462-B3C9-5D963B871DFB'
08-29 00:10:20 com_github_MitjaNemec_ReplicateLayout.replicate_layout 895:found match in dst footprint: 'TP9'
08-29 00:10:20 com_github_MitjaNemec_ReplicateLayout.replicate_layout 990:Src text UUid:a29c5f2c-5368-470c-bf7d-3eb524a9f5a4
08-29 00:10:20 com_github_MitjaNemec_ReplicateLayout.replicate_layout 991:Dst text UUid:9f31d873-5d27-4c16-953c-af7beb17307c
08-29 00:10:20 com_github_MitjaNemec_ReplicateLayout.replicate_layout 990:Src text UUid:b73aa0a7-756d-4772-a66b-825a940b4bb8
08-29 00:10:20 com_github_MitjaNemec_ReplicateLayout.replicate_layout 991:Dst text UUid:a135793e-bbf5-49ea-8ba2-ed494ed60f96
08-29 00:10:20 com_github_MitjaNemec_ReplicateLayout.replicate_layout 990:Src text UUid:b2d41304-451a-4f90-ae28-d1d150d70de9
08-29 00:10:20 com_github_MitjaNemec_ReplicateLayout.replicate_layout 991:Dst text UUid:39bb2f26-ea62-439d-ba58-1422882794cc
08-29 00:10:20 com_github_MitjaNemec_ReplicateLayout.replicate_layout 888:Replicating footprint: 'Q1'
08-29 00:10:20 com_github_MitjaNemec_ReplicateLayout.replicate_layout 835:Src fp.id: '8D847CB5-E00B-428D-BD6B-968281E3857C'
08-29 00:10:20 com_github_MitjaNemec_ReplicateLayout.replicate_layout 839:Dst fp.id: '8D847CB5-E00B-428D-BD6B-968281E3857C'
08-29 00:10:20 com_github_MitjaNemec_ReplicateLayout.replicate_layout 895:found match in dst footprint: 'Q28'
08-29 00:10:20 com_github_MitjaNemec_ReplicateLayout.replicate_layout 990:Src text UUid:b1604cc1-d053-4d3e-980d-232d8676de39
08-29 00:10:20 com_github_MitjaNemec_ReplicateLayout.replicate_layout 991:Dst text UUid:31406e50-b9ab-41c1-9cb7-addb8b7fbedf
08-29 00:10:20 com_github_MitjaNemec_ReplicateLayout.replicate_layout 990:Src text UUid:c0bb85bc-d328-41e7-bd97-31bf508a662b
08-29 00:10:20 com_github_MitjaNemec_ReplicateLayout.replicate_layout 991:Dst text UUid:12de2e0f-cea1-46c3-887c-1abb664a67a6
08-29 00:10:20 com_github_MitjaNemec_ReplicateLayout.replicate_layout 990:Src text UUid:5e6fa8e6-c520-4ff8-ad92-32b11758bae4
08-29 00:10:20 com_github_MitjaNemec_ReplicateLayout.replicate_layout 991:Dst text UUid:0abdab35-eefb-49f2-a0d2-05173978f62a
08-29 00:10:20 com_github_MitjaNemec_ReplicateLayout.replicate_layout 870:Replicating footprints on sheet ['/SensorModule14/']
08-29 00:10:20 com_github_MitjaNemec_ReplicateLayout.replicate_layout 835:Src fp.id: '48CE2A11-6FA1-4816-8BEE-2E82038543FF'
08-29 00:10:20 com_github_MitjaNemec_ReplicateLayout.replicate_layout 839:Dst fp.id: '48CE2A11-6FA1-4816-8BEE-2E82038543FF'
08-29 00:10:20 com_github_MitjaNemec_ReplicateLayout.replicate_layout 888:Replicating footprint: 'Q2'
08-29 00:10:20 com_github_MitjaNemec_ReplicateLayout.replicate_layout 835:Src fp.id: 'D3B029CA-A78A-4AD0-B065-5E40F898A58E'
08-29 00:10:20 com_github_MitjaNemec_ReplicateLayout.replicate_layout 839:Dst fp.id: 'D3B029CA-A78A-4AD0-B065-5E40F898A58E'
08-29 00:10:20 com_github_MitjaNemec_ReplicateLayout.replicate_layout 895:found match in dst footprint: 'Q29'
08-29 00:10:20 com_github_MitjaNemec_ReplicateLayout.replicate_layout 990:Src text UUid:8132af40-9520-49cc-b94e-a768fdfb8d6a
08-29 00:10:20 com_github_MitjaNemec_ReplicateLayout.replicate_layout 991:Dst text UUid:550c94f8-1d82-4fcf-b807-ecf915adabaf
08-29 00:10:20 com_github_MitjaNemec_ReplicateLayout.replicate_layout 990:Src text UUid:bf1c4316-bb3a-49d4-9c30-09e2a468388a
08-29 00:10:20 com_github_MitjaNemec_ReplicateLayout.replicate_layout 991:Dst text UUid:a2bdc08c-3d29-45e0-a80e-432248b67f4d
08-29 00:10:20 com_github_MitjaNemec_ReplicateLayout.replicate_layout 990:Src text UUid:78cf5bb7-f5b3-4597-8f69-50bf1c3f6479
08-29 00:10:20 com_github_MitjaNemec_ReplicateLayout.replicate_layout 991:Dst text UUid:285ff124-8a89-4fa2-baa0-9d98454398d1
08-29 00:10:20 com_github_MitjaNemec_ReplicateLayout.replicate_layout 888:Replicating footprint: 'C1'
08-29 00:10:20 com_github_MitjaNemec_ReplicateLayout.replicate_layout 835:Src fp.id: '48CE2A11-6FA1-4816-8BEE-2E82038543FF'
08-29 00:10:20 com_github_MitjaNemec_ReplicateLayout.replicate_layout 839:Dst fp.id: '48CE2A11-6FA1-4816-8BEE-2E82038543FF'
08-29 00:10:20 com_github_MitjaNemec_ReplicateLayout.replicate_layout 895:found match in dst footprint: 'C15'
08-29 00:10:20 com_github_MitjaNemec_ReplicateLayout.replicate_layout 990:Src text UUid:7ebf057b-ddf7-4527-92e9-d4d379b3431d
08-29 00:10:20 com_github_MitjaNemec_ReplicateLayout.replicate_layout 991:Dst text UUid:ab09c7b1-01c6-401e-a007-4ebe6368ee82
08-29 00:10:20 com_github_MitjaNemec_ReplicateLayout.replicate_layout 990:Src text UUid:e68fef10-595d-4034-b6ab-00179d33cd62
08-29 00:10:20 com_github_MitjaNemec_ReplicateLayout.replicate_layout 991:Dst text UUid:b8e447d9-e86b-4361-9392-e2f6d54f518f
08-29 00:10:20 com_github_MitjaNemec_ReplicateLayout.replicate_layout 990:Src text UUid:c0a551a3-e5e8-4aa2-bad0-1dd864d71ba4
08-29 00:10:20 com_github_MitjaNemec_ReplicateLayout.replicate_layout 991:Dst text UUid:acec4b00-f30d-48c5-b61c-927429a8562f
08-29 00:10:20 com_github_MitjaNemec_ReplicateLayout.replicate_layout 888:Replicating footprint: 'R1'
08-29 00:10:20 com_github_MitjaNemec_ReplicateLayout.replicate_layout 835:Src fp.id: 'E3A00D99-EE45-46E5-9182-7CB5902749B3'
08-29 00:10:20 com_github_MitjaNemec_ReplicateLayout.replicate_layout 839:Dst fp.id: 'E3A00D99-EE45-46E5-9182-7CB5902749B3'
08-29 00:10:20 com_github_MitjaNemec_ReplicateLayout.replicate_layout 895:found match in dst footprint: 'R15'
08-29 00:10:20 com_github_MitjaNemec_ReplicateLayout.replicate_layout 990:Src text UUid:ba093b77-2243-40ba-81f8-483bbf0185db
08-29 00:10:20 com_github_MitjaNemec_ReplicateLayout.replicate_layout 991:Dst text UUid:a31575a1-ed93-4a3f-914f-beec522f59b6
08-29 00:10:20 com_github_MitjaNemec_ReplicateLayout.replicate_layout 990:Src text UUid:46ba2679-716b-4cb2-98d0-cdb6119821d1
08-29 00:10:20 com_github_MitjaNemec_ReplicateLayout.replicate_layout 991:Dst text UUid:a8446d6b-e568-40f5-bff3-25e0f5aa49b2
08-29 00:10:20 com_github_MitjaNemec_ReplicateLayout.replicate_layout 990:Src text UUid:a5803c3c-186e-40da-9549-6a79b6d8bf98
08-29 00:10:20 com_github_MitjaNemec_ReplicateLayout.replicate_layout 991:Dst text UUid:022f8051-5aec-43a1-8a66-7487366b2d8c
08-29 00:10:20 com_github_MitjaNemec_ReplicateLayout.replicate_layout 888:Replicating footprint: 'TP93'
08-29 00:10:20 com_github_MitjaNemec_ReplicateLayout.replicate_layout 835:Src fp.id: '15175B47-07CC-4462-B3C9-5D963B871DFB'
08-29 00:10:20 com_github_MitjaNemec_ReplicateLayout.replicate_layout 839:Dst fp.id: '15175B47-07CC-4462-B3C9-5D963B871DFB'
08-29 00:10:20 com_github_MitjaNemec_ReplicateLayout.replicate_layout 895:found match in dst footprint: 'TP10'
08-29 00:10:20 com_github_MitjaNemec_ReplicateLayout.replicate_layout 990:Src text UUid:a29c5f2c-5368-470c-bf7d-3eb524a9f5a4
08-29 00:10:20 com_github_MitjaNemec_ReplicateLayout.replicate_layout 991:Dst text UUid:2995cc65-4a21-4fae-a24f-230ce265a871
08-29 00:10:20 com_github_MitjaNemec_ReplicateLayout.replicate_layout 990:Src text UUid:b73aa0a7-756d-4772-a66b-825a940b4bb8
08-29 00:10:20 com_github_MitjaNemec_ReplicateLayout.replicate_layout 991:Dst text UUid:82a1e5ea-fb99-4d0c-a902-a6b3f9523695
08-29 00:10:20 com_github_MitjaNemec_ReplicateLayout.replicate_layout 990:Src text UUid:b2d41304-451a-4f90-ae28-d1d150d70de9
08-29 00:10:20 com_github_MitjaNemec_ReplicateLayout.replicate_layout 991:Dst text UUid:529211fc-4bf9-4dbc-9a8c-50efe1c92477
08-29 00:10:20 com_github_MitjaNemec_ReplicateLayout.replicate_layout 888:Replicating footprint: 'Q1'
08-29 00:10:20 com_github_MitjaNemec_ReplicateLayout.replicate_layout 835:Src fp.id: '8D847CB5-E00B-428D-BD6B-968281E3857C'
08-29 00:10:20 com_github_MitjaNemec_ReplicateLayout.replicate_layout 839:Dst fp.id: '8D847CB5-E00B-428D-BD6B-968281E3857C'
08-29 00:10:20 com_github_MitjaNemec_ReplicateLayout.replicate_layout 895:found match in dst footprint: 'Q30'
08-29 00:10:20 com_github_MitjaNemec_ReplicateLayout.replicate_layout 990:Src text UUid:b1604cc1-d053-4d3e-980d-232d8676de39
08-29 00:10:20 com_github_MitjaNemec_ReplicateLayout.replicate_layout 991:Dst text UUid:a45afca5-156f-4749-9134-5500ed946dfc
08-29 00:10:20 com_github_MitjaNemec_ReplicateLayout.replicate_layout 990:Src text UUid:c0bb85bc-d328-41e7-bd97-31bf508a662b
08-29 00:10:20 com_github_MitjaNemec_ReplicateLayout.replicate_layout 991:Dst text UUid:55ef022e-0c90-4e7b-bb00-2c30042c6ce2
08-29 00:10:20 com_github_MitjaNemec_ReplicateLayout.replicate_layout 990:Src text UUid:5e6fa8e6-c520-4ff8-ad92-32b11758bae4
08-29 00:10:20 com_github_MitjaNemec_ReplicateLayout.replicate_layout 991:Dst text UUid:d64e211a-842e-4143-aeab-fc40c1451574
08-29 00:10:20 com_github_MitjaNemec_ReplicateLayout.replicate_layout 870:Replicating footprints on sheet ['/SensorModule15/']
08-29 00:10:20 com_github_MitjaNemec_ReplicateLayout.replicate_layout 835:Src fp.id: '48CE2A11-6FA1-4816-8BEE-2E82038543FF'
08-29 00:10:20 com_github_MitjaNemec_ReplicateLayout.replicate_layout 839:Dst fp.id: '48CE2A11-6FA1-4816-8BEE-2E82038543FF'
08-29 00:10:20 com_github_MitjaNemec_ReplicateLayout.replicate_layout 888:Replicating footprint: 'Q2'
08-29 00:10:20 com_github_MitjaNemec_ReplicateLayout.replicate_layout 835:Src fp.id: 'D3B029CA-A78A-4AD0-B065-5E40F898A58E'
08-29 00:10:20 com_github_MitjaNemec_ReplicateLayout.replicate_layout 839:Dst fp.id: 'D3B029CA-A78A-4AD0-B065-5E40F898A58E'
08-29 00:10:20 com_github_MitjaNemec_ReplicateLayout.replicate_layout 895:found match in dst footprint: 'Q31'
08-29 00:10:20 com_github_MitjaNemec_ReplicateLayout.replicate_layout 990:Src text UUid:8132af40-9520-49cc-b94e-a768fdfb8d6a
08-29 00:10:20 com_github_MitjaNemec_ReplicateLayout.replicate_layout 991:Dst text UUid:ae1ea82a-26d2-4eb3-94ff-b580fe60c926
08-29 00:10:20 com_github_MitjaNemec_ReplicateLayout.replicate_layout 990:Src text UUid:bf1c4316-bb3a-49d4-9c30-09e2a468388a
08-29 00:10:20 com_github_MitjaNemec_ReplicateLayout.replicate_layout 991:Dst text UUid:4f79c543-2782-4fcf-955b-59a61d1307d0
08-29 00:10:20 com_github_MitjaNemec_ReplicateLayout.replicate_layout 990:Src text UUid:78cf5bb7-f5b3-4597-8f69-50bf1c3f6479
08-29 00:10:20 com_github_MitjaNemec_ReplicateLayout.replicate_layout 991:Dst text UUid:8bd7dc1b-2ef6-43e5-a8b8-accd542a2ed3
08-29 00:10:20 com_github_MitjaNemec_ReplicateLayout.replicate_layout 888:Replicating footprint: 'C1'
08-29 00:10:20 root 345:updating GUI with: 10
08-29 00:10:20 com_github_MitjaNemec_ReplicateLayout.replicate_layout 835:Src fp.id: '48CE2A11-6FA1-4816-8BEE-2E82038543FF'
08-29 00:10:20 com_github_MitjaNemec_ReplicateLayout.replicate_layout 839:Dst fp.id: '48CE2A11-6FA1-4816-8BEE-2E82038543FF'
08-29 00:10:20 com_github_MitjaNemec_ReplicateLayout.replicate_layout 895:found match in dst footprint: 'C16'
08-29 00:10:20 com_github_MitjaNemec_ReplicateLayout.replicate_layout 990:Src text UUid:7ebf057b-ddf7-4527-92e9-d4d379b3431d
08-29 00:10:20 com_github_MitjaNemec_ReplicateLayout.replicate_layout 991:Dst text UUid:74f0cd9d-9981-46a4-bbee-13e317b3b9f4
08-29 00:10:20 com_github_MitjaNemec_ReplicateLayout.replicate_layout 990:Src text UUid:e68fef10-595d-4034-b6ab-00179d33cd62
08-29 00:10:20 com_github_MitjaNemec_ReplicateLayout.replicate_layout 991:Dst text UUid:5459f839-e66b-400c-85c1-d8bbdd63603d
08-29 00:10:20 com_github_MitjaNemec_ReplicateLayout.replicate_layout 990:Src text UUid:c0a551a3-e5e8-4aa2-bad0-1dd864d71ba4
08-29 00:10:20 com_github_MitjaNemec_ReplicateLayout.replicate_layout 991:Dst text UUid:58acbadb-f4db-4ab0-9657-fc9ab928373f
08-29 00:10:20 com_github_MitjaNemec_ReplicateLayout.replicate_layout 888:Replicating footprint: 'R1'
08-29 00:10:20 com_github_MitjaNemec_ReplicateLayout.replicate_layout 835:Src fp.id: 'E3A00D99-EE45-46E5-9182-7CB5902749B3'
08-29 00:10:20 com_github_MitjaNemec_ReplicateLayout.replicate_layout 839:Dst fp.id: 'E3A00D99-EE45-46E5-9182-7CB5902749B3'
08-29 00:10:20 com_github_MitjaNemec_ReplicateLayout.replicate_layout 895:found match in dst footprint: 'R16'
08-29 00:10:20 com_github_MitjaNemec_ReplicateLayout.replicate_layout 990:Src text UUid:ba093b77-2243-40ba-81f8-483bbf0185db
08-29 00:10:20 com_github_MitjaNemec_ReplicateLayout.replicate_layout 991:Dst text UUid:6ab64efa-3e85-4eee-89d0-0ee8df4cec51
08-29 00:10:20 com_github_MitjaNemec_ReplicateLayout.replicate_layout 990:Src text UUid:46ba2679-716b-4cb2-98d0-cdb6119821d1
08-29 00:10:20 com_github_MitjaNemec_ReplicateLayout.replicate_layout 991:Dst text UUid:1a7e174c-db4e-4f73-94c0-ff5c297f015d
08-29 00:10:20 com_github_MitjaNemec_ReplicateLayout.replicate_layout 990:Src text UUid:a5803c3c-186e-40da-9549-6a79b6d8bf98
08-29 00:10:20 com_github_MitjaNemec_ReplicateLayout.replicate_layout 991:Dst text UUid:abba3882-4478-44f4-b2cf-08faee56c8a5
08-29 00:10:20 com_github_MitjaNemec_ReplicateLayout.replicate_layout 888:Replicating footprint: 'TP93'
08-29 00:10:20 com_github_MitjaNemec_ReplicateLayout.replicate_layout 835:Src fp.id: '15175B47-07CC-4462-B3C9-5D963B871DFB'
08-29 00:10:20 com_github_MitjaNemec_ReplicateLayout.replicate_layout 839:Dst fp.id: '15175B47-07CC-4462-B3C9-5D963B871DFB'
08-29 00:10:20 com_github_MitjaNemec_ReplicateLayout.replicate_layout 895:found match in dst footprint: 'TP11'
08-29 00:10:20 com_github_MitjaNemec_ReplicateLayout.replicate_layout 990:Src text UUid:a29c5f2c-5368-470c-bf7d-3eb524a9f5a4
08-29 00:10:20 com_github_MitjaNemec_ReplicateLayout.replicate_layout 991:Dst text UUid:bda5637f-a160-455a-9027-4d4000fd7b6a
08-29 00:10:20 com_github_MitjaNemec_ReplicateLayout.replicate_layout 990:Src text UUid:b73aa0a7-756d-4772-a66b-825a940b4bb8
08-29 00:10:20 com_github_MitjaNemec_ReplicateLayout.replicate_layout 991:Dst text UUid:1c49f1c5-d561-415a-92af-4b34a19213a4
08-29 00:10:20 com_github_MitjaNemec_ReplicateLayout.replicate_layout 990:Src text UUid:b2d41304-451a-4f90-ae28-d1d150d70de9
08-29 00:10:20 com_github_MitjaNemec_ReplicateLayout.replicate_layout 991:Dst text UUid:5a78d645-5d66-4f45-9413-15ad5ab7a90f
08-29 00:10:20 com_github_MitjaNemec_ReplicateLayout.replicate_layout 888:Replicating footprint: 'Q1'
08-29 00:10:20 com_github_MitjaNemec_ReplicateLayout.replicate_layout 835:Src fp.id: '8D847CB5-E00B-428D-BD6B-968281E3857C'
08-29 00:10:20 com_github_MitjaNemec_ReplicateLayout.replicate_layout 839:Dst fp.id: '8D847CB5-E00B-428D-BD6B-968281E3857C'
08-29 00:10:20 com_github_MitjaNemec_ReplicateLayout.replicate_layout 895:found match in dst footprint: 'Q32'
08-29 00:10:20 com_github_MitjaNemec_ReplicateLayout.replicate_layout 990:Src text UUid:b1604cc1-d053-4d3e-980d-232d8676de39
08-29 00:10:20 com_github_MitjaNemec_ReplicateLayout.replicate_layout 991:Dst text UUid:d50c6086-a21b-44d7-bffc-7acc1aa68363
08-29 00:10:20 com_github_MitjaNemec_ReplicateLayout.replicate_layout 990:Src text UUid:c0bb85bc-d328-41e7-bd97-31bf508a662b
08-29 00:10:20 com_github_MitjaNemec_ReplicateLayout.replicate_layout 991:Dst text UUid:30c0ba19-5b52-490f-ba57-5258b79daece
08-29 00:10:20 com_github_MitjaNemec_ReplicateLayout.replicate_layout 990:Src text UUid:5e6fa8e6-c520-4ff8-ad92-32b11758bae4
08-29 00:10:20 com_github_MitjaNemec_ReplicateLayout.replicate_layout 991:Dst text UUid:8400e428-a59d-4551-900c-1936fb90f430
08-29 00:10:20 com_github_MitjaNemec_ReplicateLayout.replicate_layout 870:Replicating footprints on sheet ['/SensorModule16/']
08-29 00:10:20 com_github_MitjaNemec_ReplicateLayout.replicate_layout 835:Src fp.id: '48CE2A11-6FA1-4816-8BEE-2E82038543FF'
08-29 00:10:20 com_github_MitjaNemec_ReplicateLayout.replicate_layout 839:Dst fp.id: '48CE2A11-6FA1-4816-8BEE-2E82038543FF'
08-29 00:10:20 com_github_MitjaNemec_ReplicateLayout.replicate_layout 888:Replicating footprint: 'Q2'
08-29 00:10:20 com_github_MitjaNemec_ReplicateLayout.replicate_layout 835:Src fp.id: 'D3B029CA-A78A-4AD0-B065-5E40F898A58E'
08-29 00:10:20 com_github_MitjaNemec_ReplicateLayout.replicate_layout 839:Dst fp.id: 'D3B029CA-A78A-4AD0-B065-5E40F898A58E'
08-29 00:10:20 com_github_MitjaNemec_ReplicateLayout.replicate_layout 895:found match in dst footprint: 'Q33'
08-29 00:10:20 com_github_MitjaNemec_ReplicateLayout.replicate_layout 990:Src text UUid:8132af40-9520-49cc-b94e-a768fdfb8d6a
08-29 00:10:20 com_github_MitjaNemec_ReplicateLayout.replicate_layout 991:Dst text UUid:91c4fcaa-57bb-4b61-a6a2-871adda787eb
08-29 00:10:20 com_github_MitjaNemec_ReplicateLayout.replicate_layout 990:Src text UUid:bf1c4316-bb3a-49d4-9c30-09e2a468388a
08-29 00:10:20 com_github_MitjaNemec_ReplicateLayout.replicate_layout 991:Dst text UUid:36e55a7b-4eb7-4241-9350-eca4f3fec1bc
08-29 00:10:20 com_github_MitjaNemec_ReplicateLayout.replicate_layout 990:Src text UUid:78cf5bb7-f5b3-4597-8f69-50bf1c3f6479
08-29 00:10:20 com_github_MitjaNemec_ReplicateLayout.replicate_layout 991:Dst text UUid:ce975e5a-9445-4508-88e1-064b041900d8
08-29 00:10:20 com_github_MitjaNemec_ReplicateLayout.replicate_layout 888:Replicating footprint: 'C1'
08-29 00:10:20 com_github_MitjaNemec_ReplicateLayout.replicate_layout 835:Src fp.id: '48CE2A11-6FA1-4816-8BEE-2E82038543FF'
08-29 00:10:20 com_github_MitjaNemec_ReplicateLayout.replicate_layout 839:Dst fp.id: '48CE2A11-6FA1-4816-8BEE-2E82038543FF'
08-29 00:10:20 com_github_MitjaNemec_ReplicateLayout.replicate_layout 895:found match in dst footprint: 'C17'
08-29 00:10:20 com_github_MitjaNemec_ReplicateLayout.replicate_layout 990:Src text UUid:7ebf057b-ddf7-4527-92e9-d4d379b3431d
08-29 00:10:20 com_github_MitjaNemec_ReplicateLayout.replicate_layout 991:Dst text UUid:746c2a02-a994-4a0a-97bd-30451f150168
08-29 00:10:20 com_github_MitjaNemec_ReplicateLayout.replicate_layout 990:Src text UUid:e68fef10-595d-4034-b6ab-00179d33cd62
08-29 00:10:20 com_github_MitjaNemec_ReplicateLayout.replicate_layout 991:Dst text UUid:51aab6cd-4755-48b3-baf0-6fcf042311cb
08-29 00:10:20 com_github_MitjaNemec_ReplicateLayout.replicate_layout 990:Src text UUid:c0a551a3-e5e8-4aa2-bad0-1dd864d71ba4
08-29 00:10:20 com_github_MitjaNemec_ReplicateLayout.replicate_layout 991:Dst text UUid:419fc238-38af-4d89-8a19-5499dc1e8db0
08-29 00:10:20 com_github_MitjaNemec_ReplicateLayout.replicate_layout 888:Replicating footprint: 'R1'
08-29 00:10:20 com_github_MitjaNemec_ReplicateLayout.replicate_layout 835:Src fp.id: 'E3A00D99-EE45-46E5-9182-7CB5902749B3'
08-29 00:10:20 com_github_MitjaNemec_ReplicateLayout.replicate_layout 839:Dst fp.id: 'E3A00D99-EE45-46E5-9182-7CB5902749B3'
08-29 00:10:20 com_github_MitjaNemec_ReplicateLayout.replicate_layout 895:found match in dst footprint: 'R17'
08-29 00:10:20 com_github_MitjaNemec_ReplicateLayout.replicate_layout 990:Src text UUid:ba093b77-2243-40ba-81f8-483bbf0185db
08-29 00:10:20 com_github_MitjaNemec_ReplicateLayout.replicate_layout 991:Dst text UUid:47137cc1-e1fd-4ebc-bd23-9abb69b74da0
08-29 00:10:20 com_github_MitjaNemec_ReplicateLayout.replicate_layout 990:Src text UUid:46ba2679-716b-4cb2-98d0-cdb6119821d1
08-29 00:10:20 com_github_MitjaNemec_ReplicateLayout.replicate_layout 991:Dst text UUid:ef27b04d-036e-45ec-9b74-03951455eb47
08-29 00:10:20 com_github_MitjaNemec_ReplicateLayout.replicate_layout 990:Src text UUid:a5803c3c-186e-40da-9549-6a79b6d8bf98
08-29 00:10:20 com_github_MitjaNemec_ReplicateLayout.replicate_layout 991:Dst text UUid:1e0e680b-79ea-4bc9-9978-5df2494620d6
08-29 00:10:20 com_github_MitjaNemec_ReplicateLayout.replicate_layout 888:Replicating footprint: 'TP93'
08-29 00:10:20 com_github_MitjaNemec_ReplicateLayout.replicate_layout 835:Src fp.id: '15175B47-07CC-4462-B3C9-5D963B871DFB'
08-29 00:10:20 com_github_MitjaNemec_ReplicateLayout.replicate_layout 839:Dst fp.id: '15175B47-07CC-4462-B3C9-5D963B871DFB'
08-29 00:10:20 com_github_MitjaNemec_ReplicateLayout.replicate_layout 895:found match in dst footprint: 'TP12'
08-29 00:10:20 com_github_MitjaNemec_ReplicateLayout.replicate_layout 990:Src text UUid:a29c5f2c-5368-470c-bf7d-3eb524a9f5a4
08-29 00:10:20 com_github_MitjaNemec_ReplicateLayout.replicate_layout 991:Dst text UUid:8874f99a-23c7-40c1-b069-23e897a14145
08-29 00:10:20 com_github_MitjaNemec_ReplicateLayout.replicate_layout 990:Src text UUid:b73aa0a7-756d-4772-a66b-825a940b4bb8
08-29 00:10:20 com_github_MitjaNemec_ReplicateLayout.replicate_layout 991:Dst text UUid:a2748d8e-40f1-4dd8-904a-0a04ad88771d
08-29 00:10:20 com_github_MitjaNemec_ReplicateLayout.replicate_layout 990:Src text UUid:b2d41304-451a-4f90-ae28-d1d150d70de9
08-29 00:10:20 com_github_MitjaNemec_ReplicateLayout.replicate_layout 991:Dst text UUid:087b5679-6556-41f0-949c-228143241841
08-29 00:10:20 com_github_MitjaNemec_ReplicateLayout.replicate_layout 888:Replicating footprint: 'Q1'
08-29 00:10:20 com_github_MitjaNemec_ReplicateLayout.replicate_layout 835:Src fp.id: '8D847CB5-E00B-428D-BD6B-968281E3857C'
08-29 00:10:20 com_github_MitjaNemec_ReplicateLayout.replicate_layout 839:Dst fp.id: '8D847CB5-E00B-428D-BD6B-968281E3857C'
08-29 00:10:20 com_github_MitjaNemec_ReplicateLayout.replicate_layout 895:found match in dst footprint: 'Q34'
08-29 00:10:20 com_github_MitjaNemec_ReplicateLayout.replicate_layout 990:Src text UUid:b1604cc1-d053-4d3e-980d-232d8676de39
08-29 00:10:20 com_github_MitjaNemec_ReplicateLayout.replicate_layout 991:Dst text UUid:0803a080-1dd6-48ac-b73c-09423c3b18f7
08-29 00:10:20 com_github_MitjaNemec_ReplicateLayout.replicate_layout 990:Src text UUid:c0bb85bc-d328-41e7-bd97-31bf508a662b
08-29 00:10:20 com_github_MitjaNemec_ReplicateLayout.replicate_layout 991:Dst text UUid:2095de8a-2090-4838-a780-de513f14a023
08-29 00:10:20 com_github_MitjaNemec_ReplicateLayout.replicate_layout 990:Src text UUid:5e6fa8e6-c520-4ff8-ad92-32b11758bae4
08-29 00:10:20 com_github_MitjaNemec_ReplicateLayout.replicate_layout 991:Dst text UUid:c0a9f9fb-07c4-4b98-a7c0-96427c1fb7e4
08-29 00:10:20 com_github_MitjaNemec_ReplicateLayout.replicate_layout 870:Replicating footprints on sheet ['/SensorModule17/']
08-29 00:10:20 com_github_MitjaNemec_ReplicateLayout.replicate_layout 835:Src fp.id: '48CE2A11-6FA1-4816-8BEE-2E82038543FF'
08-29 00:10:20 com_github_MitjaNemec_ReplicateLayout.replicate_layout 839:Dst fp.id: '48CE2A11-6FA1-4816-8BEE-2E82038543FF'
08-29 00:10:20 com_github_MitjaNemec_ReplicateLayout.replicate_layout 888:Replicating footprint: 'Q2'
08-29 00:10:20 com_github_MitjaNemec_ReplicateLayout.replicate_layout 835:Src fp.id: 'D3B029CA-A78A-4AD0-B065-5E40F898A58E'
08-29 00:10:20 com_github_MitjaNemec_ReplicateLayout.replicate_layout 839:Dst fp.id: 'D3B029CA-A78A-4AD0-B065-5E40F898A58E'
08-29 00:10:20 com_github_MitjaNemec_ReplicateLayout.replicate_layout 895:found match in dst footprint: 'Q35'
08-29 00:10:20 com_github_MitjaNemec_ReplicateLayout.replicate_layout 990:Src text UUid:8132af40-9520-49cc-b94e-a768fdfb8d6a
08-29 00:10:20 com_github_MitjaNemec_ReplicateLayout.replicate_layout 991:Dst text UUid:5681b003-996d-436e-95b9-00bf9689c08f
08-29 00:10:20 com_github_MitjaNemec_ReplicateLayout.replicate_layout 990:Src text UUid:bf1c4316-bb3a-49d4-9c30-09e2a468388a
08-29 00:10:20 com_github_MitjaNemec_ReplicateLayout.replicate_layout 991:Dst text UUid:576a71f1-ea3e-4603-b8b4-76f7b488792f
08-29 00:10:20 com_github_MitjaNemec_ReplicateLayout.replicate_layout 990:Src text UUid:78cf5bb7-f5b3-4597-8f69-50bf1c3f6479
08-29 00:10:20 com_github_MitjaNemec_ReplicateLayout.replicate_layout 991:Dst text UUid:c2b13831-1df5-4dbc-a647-d5177241947e
08-29 00:10:20 com_github_MitjaNemec_ReplicateLayout.replicate_layout 888:Replicating footprint: 'C1'
08-29 00:10:20 com_github_MitjaNemec_ReplicateLayout.replicate_layout 835:Src fp.id: '48CE2A11-6FA1-4816-8BEE-2E82038543FF'
08-29 00:10:20 com_github_MitjaNemec_ReplicateLayout.replicate_layout 839:Dst fp.id: '48CE2A11-6FA1-4816-8BEE-2E82038543FF'
08-29 00:10:20 com_github_MitjaNemec_ReplicateLayout.replicate_layout 895:found match in dst footprint: 'C18'
08-29 00:10:20 com_github_MitjaNemec_ReplicateLayout.replicate_layout 990:Src text UUid:7ebf057b-ddf7-4527-92e9-d4d379b3431d
08-29 00:10:20 com_github_MitjaNemec_ReplicateLayout.replicate_layout 991:Dst text UUid:4640d8f0-b90f-4715-8e2c-bebd23c12121
08-29 00:10:20 com_github_MitjaNemec_ReplicateLayout.replicate_layout 990:Src text UUid:e68fef10-595d-4034-b6ab-00179d33cd62
08-29 00:10:20 com_github_MitjaNemec_ReplicateLayout.replicate_layout 991:Dst text UUid:fdbb4c77-7aa1-4f43-9b53-a1d9358d6ef1
08-29 00:10:20 com_github_MitjaNemec_ReplicateLayout.replicate_layout 990:Src text UUid:c0a551a3-e5e8-4aa2-bad0-1dd864d71ba4
08-29 00:10:20 com_github_MitjaNemec_ReplicateLayout.replicate_layout 991:Dst text UUid:6ed11ec6-3093-42f8-b6d1-a0ecbd285be4
08-29 00:10:20 com_github_MitjaNemec_ReplicateLayout.replicate_layout 888:Replicating footprint: 'R1'
08-29 00:10:20 com_github_MitjaNemec_ReplicateLayout.replicate_layout 835:Src fp.id: 'E3A00D99-EE45-46E5-9182-7CB5902749B3'
08-29 00:10:20 com_github_MitjaNemec_ReplicateLayout.replicate_layout 839:Dst fp.id: 'E3A00D99-EE45-46E5-9182-7CB5902749B3'
08-29 00:10:20 com_github_MitjaNemec_ReplicateLayout.replicate_layout 895:found match in dst footprint: 'R18'
08-29 00:10:20 com_github_MitjaNemec_ReplicateLayout.replicate_layout 990:Src text UUid:ba093b77-2243-40ba-81f8-483bbf0185db
08-29 00:10:20 com_github_MitjaNemec_ReplicateLayout.replicate_layout 991:Dst text UUid:1fa06b14-5d41-4c45-8915-de01829cdf55
08-29 00:10:20 com_github_MitjaNemec_ReplicateLayout.replicate_layout 990:Src text UUid:46ba2679-716b-4cb2-98d0-cdb6119821d1
08-29 00:10:20 com_github_MitjaNemec_ReplicateLayout.replicate_layout 991:Dst text UUid:82067398-a61f-4ce6-8033-280999a32798
08-29 00:10:20 com_github_MitjaNemec_ReplicateLayout.replicate_layout 990:Src text UUid:a5803c3c-186e-40da-9549-6a79b6d8bf98
08-29 00:10:20 com_github_MitjaNemec_ReplicateLayout.replicate_layout 991:Dst text UUid:63c34ac7-6f9d-47fc-9ab5-2d6ef1e5ce54
08-29 00:10:20 com_github_MitjaNemec_ReplicateLayout.replicate_layout 888:Replicating footprint: 'TP93'
08-29 00:10:20 root 345:updating GUI with: 13
08-29 00:10:20 com_github_MitjaNemec_ReplicateLayout.replicate_layout 835:Src fp.id: '15175B47-07CC-4462-B3C9-5D963B871DFB'
08-29 00:10:20 com_github_MitjaNemec_ReplicateLayout.replicate_layout 839:Dst fp.id: '15175B47-07CC-4462-B3C9-5D963B871DFB'
08-29 00:10:20 com_github_MitjaNemec_ReplicateLayout.replicate_layout 895:found match in dst footprint: 'TP13'
08-29 00:10:20 com_github_MitjaNemec_ReplicateLayout.replicate_layout 990:Src text UUid:a29c5f2c-5368-470c-bf7d-3eb524a9f5a4
08-29 00:10:20 com_github_MitjaNemec_ReplicateLayout.replicate_layout 991:Dst text UUid:2e250889-0ce7-409e-87dd-e559136e13e0
08-29 00:10:20 com_github_MitjaNemec_ReplicateLayout.replicate_layout 990:Src text UUid:b73aa0a7-756d-4772-a66b-825a940b4bb8
08-29 00:10:20 com_github_MitjaNemec_ReplicateLayout.replicate_layout 991:Dst text UUid:dd092985-2c34-4f93-b19e-2a699d49785e
08-29 00:10:20 com_github_MitjaNemec_ReplicateLayout.replicate_layout 990:Src text UUid:b2d41304-451a-4f90-ae28-d1d150d70de9
08-29 00:10:20 com_github_MitjaNemec_ReplicateLayout.replicate_layout 991:Dst text UUid:abc06d43-3e85-42d7-b978-41c04e2241a0
08-29 00:10:20 com_github_MitjaNemec_ReplicateLayout.replicate_layout 888:Replicating footprint: 'Q1'
08-29 00:10:20 com_github_MitjaNemec_ReplicateLayout.replicate_layout 835:Src fp.id: '8D847CB5-E00B-428D-BD6B-968281E3857C'
08-29 00:10:20 com_github_MitjaNemec_ReplicateLayout.replicate_layout 839:Dst fp.id: '8D847CB5-E00B-428D-BD6B-968281E3857C'
08-29 00:10:20 com_github_MitjaNemec_ReplicateLayout.replicate_layout 895:found match in dst footprint: 'Q36'
08-29 00:10:20 com_github_MitjaNemec_ReplicateLayout.replicate_layout 990:Src text UUid:b1604cc1-d053-4d3e-980d-232d8676de39
08-29 00:10:20 com_github_MitjaNemec_ReplicateLayout.replicate_layout 991:Dst text UUid:a630a8f9-083d-4720-9156-1200bde85049
08-29 00:10:20 com_github_MitjaNemec_ReplicateLayout.replicate_layout 990:Src text UUid:c0bb85bc-d328-41e7-bd97-31bf508a662b
08-29 00:10:20 com_github_MitjaNemec_ReplicateLayout.replicate_layout 991:Dst text UUid:7c2e1e68-ef7e-401e-a4bb-0d19c00b03e2
08-29 00:10:20 com_github_MitjaNemec_ReplicateLayout.replicate_layout 990:Src text UUid:5e6fa8e6-c520-4ff8-ad92-32b11758bae4
08-29 00:10:20 com_github_MitjaNemec_ReplicateLayout.replicate_layout 991:Dst text UUid:f4cf23c2-7286-4566-8279-a44bc7a356a5
08-29 00:10:20 com_github_MitjaNemec_ReplicateLayout.replicate_layout 870:Replicating footprints on sheet ['/SensorModule18/']
08-29 00:10:20 com_github_MitjaNemec_ReplicateLayout.replicate_layout 835:Src fp.id: '48CE2A11-6FA1-4816-8BEE-2E82038543FF'
08-29 00:10:20 com_github_MitjaNemec_ReplicateLayout.replicate_layout 839:Dst fp.id: '48CE2A11-6FA1-4816-8BEE-2E82038543FF'
08-29 00:10:20 com_github_MitjaNemec_ReplicateLayout.replicate_layout 888:Replicating footprint: 'Q2'
08-29 00:10:20 com_github_MitjaNemec_ReplicateLayout.replicate_layout 835:Src fp.id: 'D3B029CA-A78A-4AD0-B065-5E40F898A58E'
08-29 00:10:20 com_github_MitjaNemec_ReplicateLayout.replicate_layout 839:Dst fp.id: 'D3B029CA-A78A-4AD0-B065-5E40F898A58E'
08-29 00:10:20 com_github_MitjaNemec_ReplicateLayout.replicate_layout 895:found match in dst footprint: 'Q37'
08-29 00:10:20 com_github_MitjaNemec_ReplicateLayout.replicate_layout 990:Src text UUid:8132af40-9520-49cc-b94e-a768fdfb8d6a
08-29 00:10:20 com_github_MitjaNemec_ReplicateLayout.replicate_layout 991:Dst text UUid:48701fe0-5a49-49a8-ae37-b43bf3d81432
08-29 00:10:20 com_github_MitjaNemec_ReplicateLayout.replicate_layout 990:Src text UUid:bf1c4316-bb3a-49d4-9c30-09e2a468388a
08-29 00:10:20 com_github_MitjaNemec_ReplicateLayout.replicate_layout 991:Dst text UUid:db0c8cc0-4f0f-46e1-892b-80879f8c5adb
08-29 00:10:20 com_github_MitjaNemec_ReplicateLayout.replicate_layout 990:Src text UUid:78cf5bb7-f5b3-4597-8f69-50bf1c3f6479
08-29 00:10:20 com_github_MitjaNemec_ReplicateLayout.replicate_layout 991:Dst text UUid:c5e52a2c-8cf2-4578-940c-f502589154af
08-29 00:10:20 com_github_MitjaNemec_ReplicateLayout.replicate_layout 888:Replicating footprint: 'C1'
08-29 00:10:20 com_github_MitjaNemec_ReplicateLayout.replicate_layout 835:Src fp.id: '48CE2A11-6FA1-4816-8BEE-2E82038543FF'
08-29 00:10:20 com_github_MitjaNemec_ReplicateLayout.replicate_layout 839:Dst fp.id: '48CE2A11-6FA1-4816-8BEE-2E82038543FF'
08-29 00:10:20 com_github_MitjaNemec_ReplicateLayout.replicate_layout 895:found match in dst footprint: 'C19'
08-29 00:10:20 com_github_MitjaNemec_ReplicateLayout.replicate_layout 990:Src text UUid:7ebf057b-ddf7-4527-92e9-d4d379b3431d
08-29 00:10:20 com_github_MitjaNemec_ReplicateLayout.replicate_layout 991:Dst text UUid:c2f6429f-91c5-4743-95c5-7099cb412687
08-29 00:10:20 com_github_MitjaNemec_ReplicateLayout.replicate_layout 990:Src text UUid:e68fef10-595d-4034-b6ab-00179d33cd62
08-29 00:10:20 com_github_MitjaNemec_ReplicateLayout.replicate_layout 991:Dst text UUid:fff650dd-1767-4d80-83d9-7a24387d67ae
08-29 00:10:20 com_github_MitjaNemec_ReplicateLayout.replicate_layout 990:Src text UUid:c0a551a3-e5e8-4aa2-bad0-1dd864d71ba4
08-29 00:10:20 com_github_MitjaNemec_ReplicateLayout.replicate_layout 991:Dst text UUid:34289866-88cf-47ba-94be-995d71582289
08-29 00:10:20 com_github_MitjaNemec_ReplicateLayout.replicate_layout 888:Replicating footprint: 'R1'
08-29 00:10:20 com_github_MitjaNemec_ReplicateLayout.replicate_layout 835:Src fp.id: 'E3A00D99-EE45-46E5-9182-7CB5902749B3'
08-29 00:10:20 com_github_MitjaNemec_ReplicateLayout.replicate_layout 839:Dst fp.id: 'E3A00D99-EE45-46E5-9182-7CB5902749B3'
08-29 00:10:20 com_github_MitjaNemec_ReplicateLayout.replicate_layout 895:found match in dst footprint: 'R19'
08-29 00:10:20 com_github_MitjaNemec_ReplicateLayout.replicate_layout 990:Src text UUid:ba093b77-2243-40ba-81f8-483bbf0185db
08-29 00:10:20 com_github_MitjaNemec_ReplicateLayout.replicate_layout 991:Dst text UUid:16344621-1132-4ecb-af36-91e4972cc18b
08-29 00:10:20 com_github_MitjaNemec_ReplicateLayout.replicate_layout 990:Src text UUid:46ba2679-716b-4cb2-98d0-cdb6119821d1
08-29 00:10:20 com_github_MitjaNemec_ReplicateLayout.replicate_layout 991:Dst text UUid:fca9affb-e493-4f31-b37a-4a3ceb3ff614
08-29 00:10:20 com_github_MitjaNemec_ReplicateLayout.replicate_layout 990:Src text UUid:a5803c3c-186e-40da-9549-6a79b6d8bf98
08-29 00:10:20 com_github_MitjaNemec_ReplicateLayout.replicate_layout 991:Dst text UUid:665c4829-e24a-4527-826e-7c92d4ab67a8
08-29 00:10:20 com_github_MitjaNemec_ReplicateLayout.replicate_layout 888:Replicating footprint: 'TP93'
08-29 00:10:20 com_github_MitjaNemec_ReplicateLayout.replicate_layout 835:Src fp.id: '15175B47-07CC-4462-B3C9-5D963B871DFB'
08-29 00:10:20 com_github_MitjaNemec_ReplicateLayout.replicate_layout 839:Dst fp.id: '15175B47-07CC-4462-B3C9-5D963B871DFB'
08-29 00:10:20 com_github_MitjaNemec_ReplicateLayout.replicate_layout 895:found match in dst footprint: 'TP14'
08-29 00:10:20 com_github_MitjaNemec_ReplicateLayout.replicate_layout 990:Src text UUid:a29c5f2c-5368-470c-bf7d-3eb524a9f5a4
08-29 00:10:20 com_github_MitjaNemec_ReplicateLayout.replicate_layout 991:Dst text UUid:72dbe762-a692-4e26-b475-b792d3a36e21
08-29 00:10:20 com_github_MitjaNemec_ReplicateLayout.replicate_layout 990:Src text UUid:b73aa0a7-756d-4772-a66b-825a940b4bb8
08-29 00:10:20 com_github_MitjaNemec_ReplicateLayout.replicate_layout 991:Dst text UUid:9e90cce5-0411-4d3f-920e-14b1e7ba4750
08-29 00:10:20 com_github_MitjaNemec_ReplicateLayout.replicate_layout 990:Src text UUid:b2d41304-451a-4f90-ae28-d1d150d70de9
08-29 00:10:20 com_github_MitjaNemec_ReplicateLayout.replicate_layout 991:Dst text UUid:08c6b235-af06-4e29-ad54-2b82c727f616
08-29 00:10:20 com_github_MitjaNemec_ReplicateLayout.replicate_layout 888:Replicating footprint: 'Q1'
08-29 00:10:20 com_github_MitjaNemec_ReplicateLayout.replicate_layout 835:Src fp.id: '8D847CB5-E00B-428D-BD6B-968281E3857C'
08-29 00:10:20 com_github_MitjaNemec_ReplicateLayout.replicate_layout 839:Dst fp.id: '8D847CB5-E00B-428D-BD6B-968281E3857C'
08-29 00:10:20 com_github_MitjaNemec_ReplicateLayout.replicate_layout 895:found match in dst footprint: 'Q38'
08-29 00:10:20 com_github_MitjaNemec_ReplicateLayout.replicate_layout 990:Src text UUid:b1604cc1-d053-4d3e-980d-232d8676de39
08-29 00:10:20 com_github_MitjaNemec_ReplicateLayout.replicate_layout 991:Dst text UUid:9162ed78-20ac-4087-9aa1-a6cc12d2a39b
08-29 00:10:20 com_github_MitjaNemec_ReplicateLayout.replicate_layout 990:Src text UUid:c0bb85bc-d328-41e7-bd97-31bf508a662b
08-29 00:10:20 com_github_MitjaNemec_ReplicateLayout.replicate_layout 991:Dst text UUid:12675075-f4d8-439a-88d8-987edb1e7cee
08-29 00:10:20 com_github_MitjaNemec_ReplicateLayout.replicate_layout 990:Src text UUid:5e6fa8e6-c520-4ff8-ad92-32b11758bae4
08-29 00:10:20 com_github_MitjaNemec_ReplicateLayout.replicate_layout 991:Dst text UUid:cceeb9d5-f65e-4c84-a4c7-61e6a19bafee
08-29 00:10:20 com_github_MitjaNemec_ReplicateLayout.replicate_layout 870:Replicating footprints on sheet ['/SensorModule19/']
08-29 00:10:20 com_github_MitjaNemec_ReplicateLayout.replicate_layout 835:Src fp.id: '48CE2A11-6FA1-4816-8BEE-2E82038543FF'
08-29 00:10:20 com_github_MitjaNemec_ReplicateLayout.replicate_layout 839:Dst fp.id: '48CE2A11-6FA1-4816-8BEE-2E82038543FF'
08-29 00:10:20 com_github_MitjaNemec_ReplicateLayout.replicate_layout 888:Replicating footprint: 'Q2'
08-29 00:10:20 com_github_MitjaNemec_ReplicateLayout.replicate_layout 835:Src fp.id: 'D3B029CA-A78A-4AD0-B065-5E40F898A58E'
08-29 00:10:20 com_github_MitjaNemec_ReplicateLayout.replicate_layout 839:Dst fp.id: 'D3B029CA-A78A-4AD0-B065-5E40F898A58E'
08-29 00:10:20 com_github_MitjaNemec_ReplicateLayout.replicate_layout 895:found match in dst footprint: 'Q39'
08-29 00:10:20 com_github_MitjaNemec_ReplicateLayout.replicate_layout 990:Src text UUid:8132af40-9520-49cc-b94e-a768fdfb8d6a
08-29 00:10:20 com_github_MitjaNemec_ReplicateLayout.replicate_layout 991:Dst text UUid:f42d6874-b137-4d19-8492-5f5685a25308
08-29 00:10:20 com_github_MitjaNemec_ReplicateLayout.replicate_layout 990:Src text UUid:bf1c4316-bb3a-49d4-9c30-09e2a468388a
08-29 00:10:20 com_github_MitjaNemec_ReplicateLayout.replicate_layout 991:Dst text UUid:40c7318a-d844-4bde-8ffc-339f89dd825e
08-29 00:10:20 com_github_MitjaNemec_ReplicateLayout.replicate_layout 990:Src text UUid:78cf5bb7-f5b3-4597-8f69-50bf1c3f6479
08-29 00:10:20 com_github_MitjaNemec_ReplicateLayout.replicate_layout 991:Dst text UUid:48d3a77e-845b-4df0-9d24-8e50570d4897
08-29 00:10:20 com_github_MitjaNemec_ReplicateLayout.replicate_layout 888:Replicating footprint: 'C1'
08-29 00:10:20 com_github_MitjaNemec_ReplicateLayout.replicate_layout 835:Src fp.id: '48CE2A11-6FA1-4816-8BEE-2E82038543FF'
08-29 00:10:20 com_github_MitjaNemec_ReplicateLayout.replicate_layout 839:Dst fp.id: '48CE2A11-6FA1-4816-8BEE-2E82038543FF'
08-29 00:10:20 com_github_MitjaNemec_ReplicateLayout.replicate_layout 895:found match in dst footprint: 'C20'
08-29 00:10:20 com_github_MitjaNemec_ReplicateLayout.replicate_layout 990:Src text UUid:7ebf057b-ddf7-4527-92e9-d4d379b3431d
08-29 00:10:20 com_github_MitjaNemec_ReplicateLayout.replicate_layout 991:Dst text UUid:b0b9a1ef-f25c-48f9-b706-d259e8ee4372
08-29 00:10:20 com_github_MitjaNemec_ReplicateLayout.replicate_layout 990:Src text UUid:e68fef10-595d-4034-b6ab-00179d33cd62
08-29 00:10:20 com_github_MitjaNemec_ReplicateLayout.replicate_layout 991:Dst text UUid:eb8ba94c-90ce-42c1-8d0d-c4834c377524
08-29 00:10:20 com_github_MitjaNemec_ReplicateLayout.replicate_layout 990:Src text UUid:c0a551a3-e5e8-4aa2-bad0-1dd864d71ba4
08-29 00:10:20 com_github_MitjaNemec_ReplicateLayout.replicate_layout 991:Dst text UUid:dba7799c-d018-4f07-93b1-d9ae3c1c165b
08-29 00:10:20 com_github_MitjaNemec_ReplicateLayout.replicate_layout 888:Replicating footprint: 'R1'
08-29 00:10:20 com_github_MitjaNemec_ReplicateLayout.replicate_layout 835:Src fp.id: 'E3A00D99-EE45-46E5-9182-7CB5902749B3'
08-29 00:10:20 com_github_MitjaNemec_ReplicateLayout.replicate_layout 839:Dst fp.id: 'E3A00D99-EE45-46E5-9182-7CB5902749B3'
08-29 00:10:20 com_github_MitjaNemec_ReplicateLayout.replicate_layout 895:found match in dst footprint: 'R20'
08-29 00:10:20 com_github_MitjaNemec_ReplicateLayout.replicate_layout 990:Src text UUid:ba093b77-2243-40ba-81f8-483bbf0185db
08-29 00:10:20 com_github_MitjaNemec_ReplicateLayout.replicate_layout 991:Dst text UUid:c4ca42c0-073b-4d82-aa0c-91b2c84df251
08-29 00:10:20 com_github_MitjaNemec_ReplicateLayout.replicate_layout 990:Src text UUid:46ba2679-716b-4cb2-98d0-cdb6119821d1
08-29 00:10:20 com_github_MitjaNemec_ReplicateLayout.replicate_layout 991:Dst text UUid:bfaa4f7f-340b-4d6d-b12c-f1130c6df8b6
08-29 00:10:20 com_github_MitjaNemec_ReplicateLayout.replicate_layout 990:Src text UUid:a5803c3c-186e-40da-9549-6a79b6d8bf98
08-29 00:10:20 com_github_MitjaNemec_ReplicateLayout.replicate_layout 991:Dst text UUid:90a71a86-7e6f-4d21-b988-262d6b810f1d
08-29 00:10:20 com_github_MitjaNemec_ReplicateLayout.replicate_layout 888:Replicating footprint: 'TP93'
08-29 00:10:20 com_github_MitjaNemec_ReplicateLayout.replicate_layout 835:Src fp.id: '15175B47-07CC-4462-B3C9-5D963B871DFB'
08-29 00:10:20 com_github_MitjaNemec_ReplicateLayout.replicate_layout 839:Dst fp.id: '15175B47-07CC-4462-B3C9-5D963B871DFB'
08-29 00:10:20 com_github_MitjaNemec_ReplicateLayout.replicate_layout 895:found match in dst footprint: 'TP15'
08-29 00:10:20 com_github_MitjaNemec_ReplicateLayout.replicate_layout 990:Src text UUid:a29c5f2c-5368-470c-bf7d-3eb524a9f5a4
08-29 00:10:20 com_github_MitjaNemec_ReplicateLayout.replicate_layout 991:Dst text UUid:8793e5cc-6d4e-4b75-b5fd-11068fb24726
08-29 00:10:20 com_github_MitjaNemec_ReplicateLayout.replicate_layout 990:Src text UUid:b73aa0a7-756d-4772-a66b-825a940b4bb8
08-29 00:10:20 com_github_MitjaNemec_ReplicateLayout.replicate_layout 991:Dst text UUid:da7e55d6-f104-47d6-b547-6909df3f1d63
08-29 00:10:20 com_github_MitjaNemec_ReplicateLayout.replicate_layout 990:Src text UUid:b2d41304-451a-4f90-ae28-d1d150d70de9
08-29 00:10:20 com_github_MitjaNemec_ReplicateLayout.replicate_layout 991:Dst text UUid:8d6ee3cf-4266-4cac-a97c-f64cf908220b
08-29 00:10:20 com_github_MitjaNemec_ReplicateLayout.replicate_layout 888:Replicating footprint: 'Q1'
08-29 00:10:20 com_github_MitjaNemec_ReplicateLayout.replicate_layout 835:Src fp.id: '8D847CB5-E00B-428D-BD6B-968281E3857C'
08-29 00:10:20 com_github_MitjaNemec_ReplicateLayout.replicate_layout 839:Dst fp.id: '8D847CB5-E00B-428D-BD6B-968281E3857C'
08-29 00:10:20 com_github_MitjaNemec_ReplicateLayout.replicate_layout 895:found match in dst footprint: 'Q40'
08-29 00:10:20 com_github_MitjaNemec_ReplicateLayout.replicate_layout 990:Src text UUid:b1604cc1-d053-4d3e-980d-232d8676de39
08-29 00:10:20 com_github_MitjaNemec_ReplicateLayout.replicate_layout 991:Dst text UUid:076d790d-a1de-4656-bc73-c881fea5308d
08-29 00:10:20 com_github_MitjaNemec_ReplicateLayout.replicate_layout 990:Src text UUid:c0bb85bc-d328-41e7-bd97-31bf508a662b
08-29 00:10:20 com_github_MitjaNemec_ReplicateLayout.replicate_layout 991:Dst text UUid:2441f3f1-c8e4-430f-b597-f70c17895582
08-29 00:10:20 com_github_MitjaNemec_ReplicateLayout.replicate_layout 990:Src text UUid:5e6fa8e6-c520-4ff8-ad92-32b11758bae4
08-29 00:10:20 com_github_MitjaNemec_ReplicateLayout.replicate_layout 991:Dst text UUid:38c0f9a0-763f-4914-97f6-1b1301594425
08-29 00:10:20 com_github_MitjaNemec_ReplicateLayout.replicate_layout 870:Replicating footprints on sheet ['/SensorModule2/']
08-29 00:10:20 com_github_MitjaNemec_ReplicateLayout.replicate_layout 835:Src fp.id: '48CE2A11-6FA1-4816-8BEE-2E82038543FF'
08-29 00:10:20 com_github_MitjaNemec_ReplicateLayout.replicate_layout 839:Dst fp.id: '48CE2A11-6FA1-4816-8BEE-2E82038543FF'
08-29 00:10:20 com_github_MitjaNemec_ReplicateLayout.replicate_layout 888:Replicating footprint: 'Q2'
08-29 00:10:20 com_github_MitjaNemec_ReplicateLayout.replicate_layout 835:Src fp.id: 'D3B029CA-A78A-4AD0-B065-5E40F898A58E'
08-29 00:10:20 com_github_MitjaNemec_ReplicateLayout.replicate_layout 839:Dst fp.id: 'D3B029CA-A78A-4AD0-B065-5E40F898A58E'
08-29 00:10:20 com_github_MitjaNemec_ReplicateLayout.replicate_layout 895:found match in dst footprint: 'Q5'
08-29 00:10:20 com_github_MitjaNemec_ReplicateLayout.replicate_layout 990:Src text UUid:8132af40-9520-49cc-b94e-a768fdfb8d6a
08-29 00:10:20 com_github_MitjaNemec_ReplicateLayout.replicate_layout 991:Dst text UUid:b7e4f19a-3132-49cc-b20c-a63240debf90
08-29 00:10:20 com_github_MitjaNemec_ReplicateLayout.replicate_layout 990:Src text UUid:bf1c4316-bb3a-49d4-9c30-09e2a468388a
08-29 00:10:20 com_github_MitjaNemec_ReplicateLayout.replicate_layout 991:Dst text UUid:48debcb2-2912-4536-b052-0d85ca611cdc
08-29 00:10:20 com_github_MitjaNemec_ReplicateLayout.replicate_layout 990:Src text UUid:78cf5bb7-f5b3-4597-8f69-50bf1c3f6479
08-29 00:10:20 com_github_MitjaNemec_ReplicateLayout.replicate_layout 991:Dst text UUid:b76717d7-63ee-4d78-a892-eca6bdfaa2db
08-29 00:10:20 com_github_MitjaNemec_ReplicateLayout.replicate_layout 888:Replicating footprint: 'C1'
08-29 00:10:20 root 345:updating GUI with: 18
08-29 00:10:20 com_github_MitjaNemec_ReplicateLayout.replicate_layout 835:Src fp.id: '48CE2A11-6FA1-4816-8BEE-2E82038543FF'
08-29 00:10:20 com_github_MitjaNemec_ReplicateLayout.replicate_layout 839:Dst fp.id: '48CE2A11-6FA1-4816-8BEE-2E82038543FF'
08-29 00:10:20 com_github_MitjaNemec_ReplicateLayout.replicate_layout 895:found match in dst footprint: 'C3'
08-29 00:10:20 com_github_MitjaNemec_ReplicateLayout.replicate_layout 990:Src text UUid:7ebf057b-ddf7-4527-92e9-d4d379b3431d
08-29 00:10:20 com_github_MitjaNemec_ReplicateLayout.replicate_layout 991:Dst text UUid:784ea69b-cc3a-4e87-bc56-5cd5011ee69c
08-29 00:10:20 com_github_MitjaNemec_ReplicateLayout.replicate_layout 990:Src text UUid:e68fef10-595d-4034-b6ab-00179d33cd62
08-29 00:10:20 com_github_MitjaNemec_ReplicateLayout.replicate_layout 991:Dst text UUid:d3915164-4687-4b37-b9ec-416e9e66b755
08-29 00:10:20 com_github_MitjaNemec_ReplicateLayout.replicate_layout 990:Src text UUid:c0a551a3-e5e8-4aa2-bad0-1dd864d71ba4
08-29 00:10:20 com_github_MitjaNemec_ReplicateLayout.replicate_layout 991:Dst text UUid:89e2fe85-bb96-41cd-9557-6615471fb32c
08-29 00:10:20 com_github_MitjaNemec_ReplicateLayout.replicate_layout 888:Replicating footprint: 'R1'
08-29 00:10:20 com_github_MitjaNemec_ReplicateLayout.replicate_layout 835:Src fp.id: 'E3A00D99-EE45-46E5-9182-7CB5902749B3'
08-29 00:10:20 com_github_MitjaNemec_ReplicateLayout.replicate_layout 839:Dst fp.id: 'E3A00D99-EE45-46E5-9182-7CB5902749B3'
08-29 00:10:20 com_github_MitjaNemec_ReplicateLayout.replicate_layout 895:found match in dst footprint: 'R3'
08-29 00:10:20 com_github_MitjaNemec_ReplicateLayout.replicate_layout 990:Src text UUid:ba093b77-2243-40ba-81f8-483bbf0185db
08-29 00:10:20 com_github_MitjaNemec_ReplicateLayout.replicate_layout 991:Dst text UUid:4407917d-44ab-4c49-ba5a-ec7e1dc62285
08-29 00:10:20 com_github_MitjaNemec_ReplicateLayout.replicate_layout 990:Src text UUid:46ba2679-716b-4cb2-98d0-cdb6119821d1
08-29 00:10:20 com_github_MitjaNemec_ReplicateLayout.replicate_layout 991:Dst text UUid:fa873b22-e32d-469d-a726-853e5be2a24e
08-29 00:10:20 com_github_MitjaNemec_ReplicateLayout.replicate_layout 990:Src text UUid:a5803c3c-186e-40da-9549-6a79b6d8bf98
08-29 00:10:20 com_github_MitjaNemec_ReplicateLayout.replicate_layout 991:Dst text UUid:09c56200-4740-4698-b4c5-c98e6ac41a72
08-29 00:10:20 com_github_MitjaNemec_ReplicateLayout.replicate_layout 888:Replicating footprint: 'TP93'
08-29 00:10:20 com_github_MitjaNemec_ReplicateLayout.replicate_layout 835:Src fp.id: '15175B47-07CC-4462-B3C9-5D963B871DFB'
08-29 00:10:20 com_github_MitjaNemec_ReplicateLayout.replicate_layout 839:Dst fp.id: '15175B47-07CC-4462-B3C9-5D963B871DFB'
08-29 00:10:20 com_github_MitjaNemec_ReplicateLayout.replicate_layout 895:found match in dst footprint: 'TP95'
08-29 00:10:20 com_github_MitjaNemec_ReplicateLayout.replicate_layout 990:Src text UUid:a29c5f2c-5368-470c-bf7d-3eb524a9f5a4
08-29 00:10:20 com_github_MitjaNemec_ReplicateLayout.replicate_layout 991:Dst text UUid:018ce3a5-96ad-4e60-910e-f7e029adb44f
08-29 00:10:20 com_github_MitjaNemec_ReplicateLayout.replicate_layout 990:Src text UUid:b73aa0a7-756d-4772-a66b-825a940b4bb8
08-29 00:10:20 com_github_MitjaNemec_ReplicateLayout.replicate_layout 991:Dst text UUid:9781c002-4b52-445e-bfee-49d6e3fb6e18
08-29 00:10:20 com_github_MitjaNemec_ReplicateLayout.replicate_layout 990:Src text UUid:b2d41304-451a-4f90-ae28-d1d150d70de9
08-29 00:10:20 com_github_MitjaNemec_ReplicateLayout.replicate_layout 991:Dst text UUid:f129a78a-3b03-47d3-9133-b6aad06bb082
08-29 00:10:20 com_github_MitjaNemec_ReplicateLayout.replicate_layout 888:Replicating footprint: 'Q1'
08-29 00:10:20 com_github_MitjaNemec_ReplicateLayout.replicate_layout 835:Src fp.id: '8D847CB5-E00B-428D-BD6B-968281E3857C'
08-29 00:10:20 com_github_MitjaNemec_ReplicateLayout.replicate_layout 839:Dst fp.id: '8D847CB5-E00B-428D-BD6B-968281E3857C'
08-29 00:10:20 com_github_MitjaNemec_ReplicateLayout.replicate_layout 895:found match in dst footprint: 'Q6'
08-29 00:10:20 com_github_MitjaNemec_ReplicateLayout.replicate_layout 990:Src text UUid:b1604cc1-d053-4d3e-980d-232d8676de39
08-29 00:10:20 com_github_MitjaNemec_ReplicateLayout.replicate_layout 991:Dst text UUid:1a61e351-9d88-4765-baed-aa34b9a64ce1
08-29 00:10:20 com_github_MitjaNemec_ReplicateLayout.replicate_layout 990:Src text UUid:c0bb85bc-d328-41e7-bd97-31bf508a662b
08-29 00:10:20 com_github_MitjaNemec_ReplicateLayout.replicate_layout 991:Dst text UUid:ca1deeec-565b-44f5-ba76-6767fb50c702
08-29 00:10:20 com_github_MitjaNemec_ReplicateLayout.replicate_layout 990:Src text UUid:5e6fa8e6-c520-4ff8-ad92-32b11758bae4
08-29 00:10:20 com_github_MitjaNemec_ReplicateLayout.replicate_layout 991:Dst text UUid:ca6f1da6-79d0-4143-bfba-2b8ef0ce3be4
08-29 00:10:20 com_github_MitjaNemec_ReplicateLayout.replicate_layout 870:Replicating footprints on sheet ['/SensorModule20/']
08-29 00:10:20 com_github_MitjaNemec_ReplicateLayout.replicate_layout 835:Src fp.id: '48CE2A11-6FA1-4816-8BEE-2E82038543FF'
08-29 00:10:20 com_github_MitjaNemec_ReplicateLayout.replicate_layout 839:Dst fp.id: '48CE2A11-6FA1-4816-8BEE-2E82038543FF'
08-29 00:10:20 com_github_MitjaNemec_ReplicateLayout.replicate_layout 888:Replicating footprint: 'Q2'
08-29 00:10:20 com_github_MitjaNemec_ReplicateLayout.replicate_layout 835:Src fp.id: 'D3B029CA-A78A-4AD0-B065-5E40F898A58E'
08-29 00:10:20 com_github_MitjaNemec_ReplicateLayout.replicate_layout 839:Dst fp.id: 'D3B029CA-A78A-4AD0-B065-5E40F898A58E'
08-29 00:10:20 com_github_MitjaNemec_ReplicateLayout.replicate_layout 895:found match in dst footprint: 'Q41'
08-29 00:10:20 com_github_MitjaNemec_ReplicateLayout.replicate_layout 990:Src text UUid:8132af40-9520-49cc-b94e-a768fdfb8d6a
08-29 00:10:20 com_github_MitjaNemec_ReplicateLayout.replicate_layout 991:Dst text UUid:af551e58-e485-41ff-a620-21e1049493a0
08-29 00:10:20 com_github_MitjaNemec_ReplicateLayout.replicate_layout 990:Src text UUid:bf1c4316-bb3a-49d4-9c30-09e2a468388a
08-29 00:10:20 com_github_MitjaNemec_ReplicateLayout.replicate_layout 991:Dst text UUid:6e6785ce-1675-40fd-bb7c-67511e636609
08-29 00:10:20 com_github_MitjaNemec_ReplicateLayout.replicate_layout 990:Src text UUid:78cf5bb7-f5b3-4597-8f69-50bf1c3f6479
08-29 00:10:20 com_github_MitjaNemec_ReplicateLayout.replicate_layout 991:Dst text UUid:a4ada459-677c-4331-aa38-42b6e3d7367d
08-29 00:10:20 com_github_MitjaNemec_ReplicateLayout.replicate_layout 888:Replicating footprint: 'C1'
08-29 00:10:20 com_github_MitjaNemec_ReplicateLayout.replicate_layout 835:Src fp.id: '48CE2A11-6FA1-4816-8BEE-2E82038543FF'
08-29 00:10:20 com_github_MitjaNemec_ReplicateLayout.replicate_layout 839:Dst fp.id: '48CE2A11-6FA1-4816-8BEE-2E82038543FF'
08-29 00:10:20 com_github_MitjaNemec_ReplicateLayout.replicate_layout 895:found match in dst footprint: 'C21'
08-29 00:10:20 com_github_MitjaNemec_ReplicateLayout.replicate_layout 990:Src text UUid:7ebf057b-ddf7-4527-92e9-d4d379b3431d
08-29 00:10:20 com_github_MitjaNemec_ReplicateLayout.replicate_layout 991:Dst text UUid:5d60151a-e7ed-4ff9-85af-36759bd62eb6
08-29 00:10:20 com_github_MitjaNemec_ReplicateLayout.replicate_layout 990:Src text UUid:e68fef10-595d-4034-b6ab-00179d33cd62
08-29 00:10:20 com_github_MitjaNemec_ReplicateLayout.replicate_layout 991:Dst text UUid:c1fb47d0-e566-46a5-aaba-d5c894c82b98
08-29 00:10:20 com_github_MitjaNemec_ReplicateLayout.replicate_layout 990:Src text UUid:c0a551a3-e5e8-4aa2-bad0-1dd864d71ba4
08-29 00:10:20 com_github_MitjaNemec_ReplicateLayout.replicate_layout 991:Dst text UUid:094f904b-af31-489e-9161-420fdc4f4b56
08-29 00:10:20 com_github_MitjaNemec_ReplicateLayout.replicate_layout 888:Replicating footprint: 'R1'
08-29 00:10:20 com_github_MitjaNemec_ReplicateLayout.replicate_layout 835:Src fp.id: 'E3A00D99-EE45-46E5-9182-7CB5902749B3'
08-29 00:10:20 com_github_MitjaNemec_ReplicateLayout.replicate_layout 839:Dst fp.id: 'E3A00D99-EE45-46E5-9182-7CB5902749B3'
08-29 00:10:20 com_github_MitjaNemec_ReplicateLayout.replicate_layout 895:found match in dst footprint: 'R21'
08-29 00:10:20 com_github_MitjaNemec_ReplicateLayout.replicate_layout 990:Src text UUid:ba093b77-2243-40ba-81f8-483bbf0185db
08-29 00:10:20 com_github_MitjaNemec_ReplicateLayout.replicate_layout 991:Dst text UUid:d71041b5-6d85-4027-91b5-7f0345918803
08-29 00:10:20 com_github_MitjaNemec_ReplicateLayout.replicate_layout 990:Src text UUid:46ba2679-716b-4cb2-98d0-cdb6119821d1
08-29 00:10:20 com_github_MitjaNemec_ReplicateLayout.replicate_layout 991:Dst text UUid:d58cef93-eec2-46b2-91e2-848a2378402a
08-29 00:10:20 com_github_MitjaNemec_ReplicateLayout.replicate_layout 990:Src text UUid:a5803c3c-186e-40da-9549-6a79b6d8bf98
08-29 00:10:20 com_github_MitjaNemec_ReplicateLayout.replicate_layout 991:Dst text UUid:6fd81191-266b-476d-8aad-37a5592808b5
08-29 00:10:20 com_github_MitjaNemec_ReplicateLayout.replicate_layout 888:Replicating footprint: 'TP93'
08-29 00:10:20 com_github_MitjaNemec_ReplicateLayout.replicate_layout 835:Src fp.id: '15175B47-07CC-4462-B3C9-5D963B871DFB'
08-29 00:10:20 com_github_MitjaNemec_ReplicateLayout.replicate_layout 839:Dst fp.id: '15175B47-07CC-4462-B3C9-5D963B871DFB'
08-29 00:10:20 com_github_MitjaNemec_ReplicateLayout.replicate_layout 895:found match in dst footprint: 'TP16'
08-29 00:10:20 com_github_MitjaNemec_ReplicateLayout.replicate_layout 990:Src text UUid:a29c5f2c-5368-470c-bf7d-3eb524a9f5a4
08-29 00:10:20 com_github_MitjaNemec_ReplicateLayout.replicate_layout 991:Dst text UUid:a8ec30f2-b38f-4c2f-a2c2-ebbb1ece8768
08-29 00:10:20 com_github_MitjaNemec_ReplicateLayout.replicate_layout 990:Src text UUid:b73aa0a7-756d-4772-a66b-825a940b4bb8
08-29 00:10:20 com_github_MitjaNemec_ReplicateLayout.replicate_layout 991:Dst text UUid:5a17a040-3a9c-4c7b-b6da-c396374e6d93
08-29 00:10:20 com_github_MitjaNemec_ReplicateLayout.replicate_layout 990:Src text UUid:b2d41304-451a-4f90-ae28-d1d150d70de9
08-29 00:10:20 com_github_MitjaNemec_ReplicateLayout.replicate_layout 991:Dst text UUid:e806a6b8-54be-4d49-8321-8b29fba358fc
08-29 00:10:20 com_github_MitjaNemec_ReplicateLayout.replicate_layout 888:Replicating footprint: 'Q1'
08-29 00:10:20 com_github_MitjaNemec_ReplicateLayout.replicate_layout 835:Src fp.id: '8D847CB5-E00B-428D-BD6B-968281E3857C'
08-29 00:10:20 com_github_MitjaNemec_ReplicateLayout.replicate_layout 839:Dst fp.id: '8D847CB5-E00B-428D-BD6B-968281E3857C'
08-29 00:10:20 com_github_MitjaNemec_ReplicateLayout.replicate_layout 895:found match in dst footprint: 'Q42'
08-29 00:10:20 com_github_MitjaNemec_ReplicateLayout.replicate_layout 990:Src text UUid:b1604cc1-d053-4d3e-980d-232d8676de39
08-29 00:10:20 com_github_MitjaNemec_ReplicateLayout.replicate_layout 991:Dst text UUid:662f3048-7d24-4500-bfb6-4d4a1b0ecc8b
08-29 00:10:20 com_github_MitjaNemec_ReplicateLayout.replicate_layout 990:Src text UUid:c0bb85bc-d328-41e7-bd97-31bf508a662b
08-29 00:10:20 com_github_MitjaNemec_ReplicateLayout.replicate_layout 991:Dst text UUid:b82a265f-8f6f-40b8-8526-75ea2dee15b8
08-29 00:10:20 com_github_MitjaNemec_ReplicateLayout.replicate_layout 990:Src text UUid:5e6fa8e6-c520-4ff8-ad92-32b11758bae4
08-29 00:10:20 com_github_MitjaNemec_ReplicateLayout.replicate_layout 991:Dst text UUid:353706c6-e189-4d5d-bcf2-8f6b8e46b6c9
08-29 00:10:20 com_github_MitjaNemec_ReplicateLayout.replicate_layout 870:Replicating footprints on sheet ['/SensorModule21/']
08-29 00:10:20 com_github_MitjaNemec_ReplicateLayout.replicate_layout 835:Src fp.id: '48CE2A11-6FA1-4816-8BEE-2E82038543FF'
08-29 00:10:20 com_github_MitjaNemec_ReplicateLayout.replicate_layout 839:Dst fp.id: '48CE2A11-6FA1-4816-8BEE-2E82038543FF'
08-29 00:10:20 com_github_MitjaNemec_ReplicateLayout.replicate_layout 888:Replicating footprint: 'Q2'
08-29 00:10:20 com_github_MitjaNemec_ReplicateLayout.replicate_layout 835:Src fp.id: 'D3B029CA-A78A-4AD0-B065-5E40F898A58E'
08-29 00:10:20 com_github_MitjaNemec_ReplicateLayout.replicate_layout 839:Dst fp.id: 'D3B029CA-A78A-4AD0-B065-5E40F898A58E'
08-29 00:10:20 com_github_MitjaNemec_ReplicateLayout.replicate_layout 895:found match in dst footprint: 'Q43'
08-29 00:10:20 com_github_MitjaNemec_ReplicateLayout.replicate_layout 990:Src text UUid:8132af40-9520-49cc-b94e-a768fdfb8d6a
08-29 00:10:20 com_github_MitjaNemec_ReplicateLayout.replicate_layout 991:Dst text UUid:b2a6b3cf-05fa-4b50-909f-c8b4d7c825d8
08-29 00:10:20 com_github_MitjaNemec_ReplicateLayout.replicate_layout 990:Src text UUid:bf1c4316-bb3a-49d4-9c30-09e2a468388a
08-29 00:10:20 com_github_MitjaNemec_ReplicateLayout.replicate_layout 991:Dst text UUid:50013943-41e4-4670-a495-3f76a26e972e
08-29 00:10:20 com_github_MitjaNemec_ReplicateLayout.replicate_layout 990:Src text UUid:78cf5bb7-f5b3-4597-8f69-50bf1c3f6479
08-29 00:10:20 com_github_MitjaNemec_ReplicateLayout.replicate_layout 991:Dst text UUid:27ff938e-742e-4c12-b9fa-cbd36f2aba5c
08-29 00:10:20 com_github_MitjaNemec_ReplicateLayout.replicate_layout 888:Replicating footprint: 'C1'
08-29 00:10:20 com_github_MitjaNemec_ReplicateLayout.replicate_layout 835:Src fp.id: '48CE2A11-6FA1-4816-8BEE-2E82038543FF'
08-29 00:10:20 com_github_MitjaNemec_ReplicateLayout.replicate_layout 839:Dst fp.id: '48CE2A11-6FA1-4816-8BEE-2E82038543FF'
08-29 00:10:20 com_github_MitjaNemec_ReplicateLayout.replicate_layout 895:found match in dst footprint: 'C22'
08-29 00:10:20 com_github_MitjaNemec_ReplicateLayout.replicate_layout 990:Src text UUid:7ebf057b-ddf7-4527-92e9-d4d379b3431d
08-29 00:10:20 com_github_MitjaNemec_ReplicateLayout.replicate_layout 991:Dst text UUid:2a43205d-761d-4923-a638-00a0159c1912
08-29 00:10:20 com_github_MitjaNemec_ReplicateLayout.replicate_layout 990:Src text UUid:e68fef10-595d-4034-b6ab-00179d33cd62
08-29 00:10:20 com_github_MitjaNemec_ReplicateLayout.replicate_layout 991:Dst text UUid:d2a0a945-6018-4e87-bd15-2be637bfdb71
08-29 00:10:20 com_github_MitjaNemec_ReplicateLayout.replicate_layout 990:Src text UUid:c0a551a3-e5e8-4aa2-bad0-1dd864d71ba4
08-29 00:10:20 com_github_MitjaNemec_ReplicateLayout.replicate_layout 991:Dst text UUid:0228d8c4-6060-4d75-bdc6-176cdb42d1a5
08-29 00:10:20 com_github_MitjaNemec_ReplicateLayout.replicate_layout 888:Replicating footprint: 'R1'
08-29 00:10:20 com_github_MitjaNemec_ReplicateLayout.replicate_layout 835:Src fp.id: 'E3A00D99-EE45-46E5-9182-7CB5902749B3'
08-29 00:10:20 com_github_MitjaNemec_ReplicateLayout.replicate_layout 839:Dst fp.id: 'E3A00D99-EE45-46E5-9182-7CB5902749B3'
08-29 00:10:20 com_github_MitjaNemec_ReplicateLayout.replicate_layout 895:found match in dst footprint: 'R22'
08-29 00:10:20 com_github_MitjaNemec_ReplicateLayout.replicate_layout 990:Src text UUid:ba093b77-2243-40ba-81f8-483bbf0185db
08-29 00:10:20 com_github_MitjaNemec_ReplicateLayout.replicate_layout 991:Dst text UUid:8fb5416a-fc28-40ec-bedf-33925716dca3
08-29 00:10:20 com_github_MitjaNemec_ReplicateLayout.replicate_layout 990:Src text UUid:46ba2679-716b-4cb2-98d0-cdb6119821d1
08-29 00:10:20 com_github_MitjaNemec_ReplicateLayout.replicate_layout 991:Dst text UUid:69ffd612-03bd-45d5-94e6-ae62c9ed82a9
08-29 00:10:20 com_github_MitjaNemec_ReplicateLayout.replicate_layout 990:Src text UUid:a5803c3c-186e-40da-9549-6a79b6d8bf98
08-29 00:10:20 com_github_MitjaNemec_ReplicateLayout.replicate_layout 991:Dst text UUid:346c314f-e614-4084-85aa-efd0d3ef373f
08-29 00:10:20 com_github_MitjaNemec_ReplicateLayout.replicate_layout 888:Replicating footprint: 'TP93'
08-29 00:10:20 root 345:updating GUI with: 21
08-29 00:10:20 com_github_MitjaNemec_ReplicateLayout.replicate_layout 835:Src fp.id: '15175B47-07CC-4462-B3C9-5D963B871DFB'
08-29 00:10:20 com_github_MitjaNemec_ReplicateLayout.replicate_layout 839:Dst fp.id: '15175B47-07CC-4462-B3C9-5D963B871DFB'
08-29 00:10:20 com_github_MitjaNemec_ReplicateLayout.replicate_layout 895:found match in dst footprint: 'TP17'
08-29 00:10:20 com_github_MitjaNemec_ReplicateLayout.replicate_layout 990:Src text UUid:a29c5f2c-5368-470c-bf7d-3eb524a9f5a4
08-29 00:10:20 com_github_MitjaNemec_ReplicateLayout.replicate_layout 991:Dst text UUid:d71a80ad-0fb0-438b-addd-238ba4f71442
08-29 00:10:20 com_github_MitjaNemec_ReplicateLayout.replicate_layout 990:Src text UUid:b73aa0a7-756d-4772-a66b-825a940b4bb8
08-29 00:10:20 com_github_MitjaNemec_ReplicateLayout.replicate_layout 991:Dst text UUid:b2059e7c-569f-44bc-9c53-36a3e036666c
08-29 00:10:20 com_github_MitjaNemec_ReplicateLayout.replicate_layout 990:Src text UUid:b2d41304-451a-4f90-ae28-d1d150d70de9
08-29 00:10:20 com_github_MitjaNemec_ReplicateLayout.replicate_layout 991:Dst text UUid:a058bf7f-961f-4bd1-a7e2-3c7da57576cc
08-29 00:10:20 com_github_MitjaNemec_ReplicateLayout.replicate_layout 888:Replicating footprint: 'Q1'
08-29 00:10:20 com_github_MitjaNemec_ReplicateLayout.replicate_layout 835:Src fp.id: '8D847CB5-E00B-428D-BD6B-968281E3857C'
08-29 00:10:20 com_github_MitjaNemec_ReplicateLayout.replicate_layout 839:Dst fp.id: '8D847CB5-E00B-428D-BD6B-968281E3857C'
08-29 00:10:20 com_github_MitjaNemec_ReplicateLayout.replicate_layout 895:found match in dst footprint: 'Q44'
08-29 00:10:20 com_github_MitjaNemec_ReplicateLayout.replicate_layout 990:Src text UUid:b1604cc1-d053-4d3e-980d-232d8676de39
08-29 00:10:20 com_github_MitjaNemec_ReplicateLayout.replicate_layout 991:Dst text UUid:1ce681dd-64b5-456b-a37a-060a02fc0da6
08-29 00:10:20 com_github_MitjaNemec_ReplicateLayout.replicate_layout 990:Src text UUid:c0bb85bc-d328-41e7-bd97-31bf508a662b
08-29 00:10:20 com_github_MitjaNemec_ReplicateLayout.replicate_layout 991:Dst text UUid:4c02d59f-6f28-436b-85e6-05feed5233e1
08-29 00:10:20 com_github_MitjaNemec_ReplicateLayout.replicate_layout 990:Src text UUid:5e6fa8e6-c520-4ff8-ad92-32b11758bae4
08-29 00:10:20 com_github_MitjaNemec_ReplicateLayout.replicate_layout 991:Dst text UUid:204de4cd-75a8-463f-b4f9-0025cf02d89e
08-29 00:10:20 com_github_MitjaNemec_ReplicateLayout.replicate_layout 870:Replicating footprints on sheet ['/SensorModule22/']
08-29 00:10:20 com_github_MitjaNemec_ReplicateLayout.replicate_layout 835:Src fp.id: '48CE2A11-6FA1-4816-8BEE-2E82038543FF'
08-29 00:10:20 com_github_MitjaNemec_ReplicateLayout.replicate_layout 839:Dst fp.id: '48CE2A11-6FA1-4816-8BEE-2E82038543FF'
08-29 00:10:20 com_github_MitjaNemec_ReplicateLayout.replicate_layout 888:Replicating footprint: 'Q2'
08-29 00:10:20 com_github_MitjaNemec_ReplicateLayout.replicate_layout 835:Src fp.id: 'D3B029CA-A78A-4AD0-B065-5E40F898A58E'
08-29 00:10:20 com_github_MitjaNemec_ReplicateLayout.replicate_layout 839:Dst fp.id: 'D3B029CA-A78A-4AD0-B065-5E40F898A58E'
08-29 00:10:20 com_github_MitjaNemec_ReplicateLayout.replicate_layout 895:found match in dst footprint: 'Q45'
08-29 00:10:20 com_github_MitjaNemec_ReplicateLayout.replicate_layout 990:Src text UUid:8132af40-9520-49cc-b94e-a768fdfb8d6a
08-29 00:10:20 com_github_MitjaNemec_ReplicateLayout.replicate_layout 991:Dst text UUid:7606c43a-864b-4a1f-bd9d-d0c7a1bc6167
08-29 00:10:20 com_github_MitjaNemec_ReplicateLayout.replicate_layout 990:Src text UUid:bf1c4316-bb3a-49d4-9c30-09e2a468388a
08-29 00:10:20 com_github_MitjaNemec_ReplicateLayout.replicate_layout 991:Dst text UUid:ffa3db2b-dc1b-4e94-b14d-b3486ed0bc61
08-29 00:10:20 com_github_MitjaNemec_ReplicateLayout.replicate_layout 990:Src text UUid:78cf5bb7-f5b3-4597-8f69-50bf1c3f6479
08-29 00:10:20 com_github_MitjaNemec_ReplicateLayout.replicate_layout 991:Dst text UUid:22cc9ca5-31ad-4d20-8422-de0a54d21994
08-29 00:10:20 com_github_MitjaNemec_ReplicateLayout.replicate_layout 888:Replicating footprint: 'C1'
08-29 00:10:20 com_github_MitjaNemec_ReplicateLayout.replicate_layout 835:Src fp.id: '48CE2A11-6FA1-4816-8BEE-2E82038543FF'
08-29 00:10:20 com_github_MitjaNemec_ReplicateLayout.replicate_layout 839:Dst fp.id: '48CE2A11-6FA1-4816-8BEE-2E82038543FF'
08-29 00:10:20 com_github_MitjaNemec_ReplicateLayout.replicate_layout 895:found match in dst footprint: 'C23'
08-29 00:10:20 com_github_MitjaNemec_ReplicateLayout.replicate_layout 990:Src text UUid:7ebf057b-ddf7-4527-92e9-d4d379b3431d
08-29 00:10:20 com_github_MitjaNemec_ReplicateLayout.replicate_layout 991:Dst text UUid:32daa5bf-3d4b-405f-b85c-7c6f62b2de22
08-29 00:10:20 com_github_MitjaNemec_ReplicateLayout.replicate_layout 990:Src text UUid:e68fef10-595d-4034-b6ab-00179d33cd62
08-29 00:10:20 com_github_MitjaNemec_ReplicateLayout.replicate_layout 991:Dst text UUid:936f8b4d-b92c-4454-a952-f1ba9ba869c7
08-29 00:10:20 com_github_MitjaNemec_ReplicateLayout.replicate_layout 990:Src text UUid:c0a551a3-e5e8-4aa2-bad0-1dd864d71ba4
08-29 00:10:20 com_github_MitjaNemec_ReplicateLayout.replicate_layout 991:Dst text UUid:abc49963-c74f-4ccb-96d6-3527aa8ec167
08-29 00:10:20 com_github_MitjaNemec_ReplicateLayout.replicate_layout 888:Replicating footprint: 'R1'
08-29 00:10:20 com_github_MitjaNemec_ReplicateLayout.replicate_layout 835:Src fp.id: 'E3A00D99-EE45-46E5-9182-7CB5902749B3'
08-29 00:10:20 com_github_MitjaNemec_ReplicateLayout.replicate_layout 839:Dst fp.id: 'E3A00D99-EE45-46E5-9182-7CB5902749B3'
08-29 00:10:20 com_github_MitjaNemec_ReplicateLayout.replicate_layout 895:found match in dst footprint: 'R23'
08-29 00:10:20 com_github_MitjaNemec_ReplicateLayout.replicate_layout 990:Src text UUid:ba093b77-2243-40ba-81f8-483bbf0185db
08-29 00:10:20 com_github_MitjaNemec_ReplicateLayout.replicate_layout 991:Dst text UUid:2f68ed9d-3d93-4561-ab67-bd206ac40ca7
08-29 00:10:20 com_github_MitjaNemec_ReplicateLayout.replicate_layout 990:Src text UUid:46ba2679-716b-4cb2-98d0-cdb6119821d1
08-29 00:10:20 com_github_MitjaNemec_ReplicateLayout.replicate_layout 991:Dst text UUid:1c6a7366-6005-4d42-97a9-93441cfa04bc
08-29 00:10:20 com_github_MitjaNemec_ReplicateLayout.replicate_layout 990:Src text UUid:a5803c3c-186e-40da-9549-6a79b6d8bf98
08-29 00:10:20 com_github_MitjaNemec_ReplicateLayout.replicate_layout 991:Dst text UUid:49260492-e699-4c54-905d-bc2bd13b93b3
08-29 00:10:20 com_github_MitjaNemec_ReplicateLayout.replicate_layout 888:Replicating footprint: 'TP93'
08-29 00:10:20 com_github_MitjaNemec_ReplicateLayout.replicate_layout 835:Src fp.id: '15175B47-07CC-4462-B3C9-5D963B871DFB'
08-29 00:10:20 com_github_MitjaNemec_ReplicateLayout.replicate_layout 839:Dst fp.id: '15175B47-07CC-4462-B3C9-5D963B871DFB'
08-29 00:10:20 com_github_MitjaNemec_ReplicateLayout.replicate_layout 895:found match in dst footprint: 'TP18'
08-29 00:10:20 com_github_MitjaNemec_ReplicateLayout.replicate_layout 990:Src text UUid:a29c5f2c-5368-470c-bf7d-3eb524a9f5a4
08-29 00:10:20 com_github_MitjaNemec_ReplicateLayout.replicate_layout 991:Dst text UUid:c5407d45-bffc-484b-a60f-cb6c1661bed4
08-29 00:10:20 com_github_MitjaNemec_ReplicateLayout.replicate_layout 990:Src text UUid:b73aa0a7-756d-4772-a66b-825a940b4bb8
08-29 00:10:20 com_github_MitjaNemec_ReplicateLayout.replicate_layout 991:Dst text UUid:b32ace64-2ecf-4f9a-b11b-2751e4529b5b
08-29 00:10:20 com_github_MitjaNemec_ReplicateLayout.replicate_layout 990:Src text UUid:b2d41304-451a-4f90-ae28-d1d150d70de9
08-29 00:10:20 com_github_MitjaNemec_ReplicateLayout.replicate_layout 991:Dst text UUid:65455522-e98a-4736-9132-73fa6668130f
08-29 00:10:20 com_github_MitjaNemec_ReplicateLayout.replicate_layout 888:Replicating footprint: 'Q1'
08-29 00:10:20 com_github_MitjaNemec_ReplicateLayout.replicate_layout 835:Src fp.id: '8D847CB5-E00B-428D-BD6B-968281E3857C'
08-29 00:10:20 com_github_MitjaNemec_ReplicateLayout.replicate_layout 839:Dst fp.id: '8D847CB5-E00B-428D-BD6B-968281E3857C'
08-29 00:10:20 com_github_MitjaNemec_ReplicateLayout.replicate_layout 895:found match in dst footprint: 'Q46'
08-29 00:10:20 com_github_MitjaNemec_ReplicateLayout.replicate_layout 990:Src text UUid:b1604cc1-d053-4d3e-980d-232d8676de39
08-29 00:10:20 com_github_MitjaNemec_ReplicateLayout.replicate_layout 991:Dst text UUid:15b9abb0-badd-4207-89d3-29eb1dab2571
08-29 00:10:20 com_github_MitjaNemec_ReplicateLayout.replicate_layout 990:Src text UUid:c0bb85bc-d328-41e7-bd97-31bf508a662b
08-29 00:10:20 com_github_MitjaNemec_ReplicateLayout.replicate_layout 991:Dst text UUid:267f9ba9-0deb-4c9b-bb2e-577d862999cb
08-29 00:10:20 com_github_MitjaNemec_ReplicateLayout.replicate_layout 990:Src text UUid:5e6fa8e6-c520-4ff8-ad92-32b11758bae4
08-29 00:10:20 com_github_MitjaNemec_ReplicateLayout.replicate_layout 991:Dst text UUid:557d55de-d8a6-45e3-9024-a39f8589007f
08-29 00:10:20 com_github_MitjaNemec_ReplicateLayout.replicate_layout 870:Replicating footprints on sheet ['/SensorModule23/']
08-29 00:10:20 com_github_MitjaNemec_ReplicateLayout.replicate_layout 835:Src fp.id: '48CE2A11-6FA1-4816-8BEE-2E82038543FF'
08-29 00:10:20 com_github_MitjaNemec_ReplicateLayout.replicate_layout 839:Dst fp.id: '48CE2A11-6FA1-4816-8BEE-2E82038543FF'
08-29 00:10:20 com_github_MitjaNemec_ReplicateLayout.replicate_layout 888:Replicating footprint: 'Q2'
08-29 00:10:20 com_github_MitjaNemec_ReplicateLayout.replicate_layout 835:Src fp.id: 'D3B029CA-A78A-4AD0-B065-5E40F898A58E'
08-29 00:10:20 com_github_MitjaNemec_ReplicateLayout.replicate_layout 839:Dst fp.id: 'D3B029CA-A78A-4AD0-B065-5E40F898A58E'
08-29 00:10:20 com_github_MitjaNemec_ReplicateLayout.replicate_layout 895:found match in dst footprint: 'Q47'
08-29 00:10:20 com_github_MitjaNemec_ReplicateLayout.replicate_layout 990:Src text UUid:8132af40-9520-49cc-b94e-a768fdfb8d6a
08-29 00:10:20 com_github_MitjaNemec_ReplicateLayout.replicate_layout 991:Dst text UUid:aa0473f7-51f3-4ab3-964d-5a1798664c37
08-29 00:10:20 com_github_MitjaNemec_ReplicateLayout.replicate_layout 990:Src text UUid:bf1c4316-bb3a-49d4-9c30-09e2a468388a
08-29 00:10:20 com_github_MitjaNemec_ReplicateLayout.replicate_layout 991:Dst text UUid:538bd629-ba68-4160-a19f-abb2b9f31fc6
08-29 00:10:20 com_github_MitjaNemec_ReplicateLayout.replicate_layout 990:Src text UUid:78cf5bb7-f5b3-4597-8f69-50bf1c3f6479
08-29 00:10:20 com_github_MitjaNemec_ReplicateLayout.replicate_layout 991:Dst text UUid:911c57b6-60a9-421e-99f7-22b4d594defa
08-29 00:10:20 com_github_MitjaNemec_ReplicateLayout.replicate_layout 888:Replicating footprint: 'C1'
08-29 00:10:20 com_github_MitjaNemec_ReplicateLayout.replicate_layout 835:Src fp.id: '48CE2A11-6FA1-4816-8BEE-2E82038543FF'
08-29 00:10:20 com_github_MitjaNemec_ReplicateLayout.replicate_layout 839:Dst fp.id: '48CE2A11-6FA1-4816-8BEE-2E82038543FF'
08-29 00:10:20 com_github_MitjaNemec_ReplicateLayout.replicate_layout 895:found match in dst footprint: 'C24'
08-29 00:10:20 com_github_MitjaNemec_ReplicateLayout.replicate_layout 990:Src text UUid:7ebf057b-ddf7-4527-92e9-d4d379b3431d
08-29 00:10:20 com_github_MitjaNemec_ReplicateLayout.replicate_layout 991:Dst text UUid:ab807491-5a32-451b-af95-970a42f4fb82
08-29 00:10:20 com_github_MitjaNemec_ReplicateLayout.replicate_layout 990:Src text UUid:e68fef10-595d-4034-b6ab-00179d33cd62
08-29 00:10:20 com_github_MitjaNemec_ReplicateLayout.replicate_layout 991:Dst text UUid:37139bce-8bb4-4d54-b6b3-0430eaa0de7e
08-29 00:10:20 com_github_MitjaNemec_ReplicateLayout.replicate_layout 990:Src text UUid:c0a551a3-e5e8-4aa2-bad0-1dd864d71ba4
08-29 00:10:20 com_github_MitjaNemec_ReplicateLayout.replicate_layout 991:Dst text UUid:2913c606-5cdb-4324-b633-33365e81e74c
08-29 00:10:20 com_github_MitjaNemec_ReplicateLayout.replicate_layout 888:Replicating footprint: 'R1'
08-29 00:10:20 com_github_MitjaNemec_ReplicateLayout.replicate_layout 835:Src fp.id: 'E3A00D99-EE45-46E5-9182-7CB5902749B3'
08-29 00:10:20 com_github_MitjaNemec_ReplicateLayout.replicate_layout 839:Dst fp.id: 'E3A00D99-EE45-46E5-9182-7CB5902749B3'
08-29 00:10:20 com_github_MitjaNemec_ReplicateLayout.replicate_layout 895:found match in dst footprint: 'R24'
08-29 00:10:20 com_github_MitjaNemec_ReplicateLayout.replicate_layout 990:Src text UUid:ba093b77-2243-40ba-81f8-483bbf0185db
08-29 00:10:20 com_github_MitjaNemec_ReplicateLayout.replicate_layout 991:Dst text UUid:9d055cc9-02cc-49c1-a512-d2f007f7fa3b
08-29 00:10:20 com_github_MitjaNemec_ReplicateLayout.replicate_layout 990:Src text UUid:46ba2679-716b-4cb2-98d0-cdb6119821d1
08-29 00:10:20 com_github_MitjaNemec_ReplicateLayout.replicate_layout 991:Dst text UUid:84ae32d3-ddb1-4535-95b7-43933708b6f6
08-29 00:10:20 com_github_MitjaNemec_ReplicateLayout.replicate_layout 990:Src text UUid:a5803c3c-186e-40da-9549-6a79b6d8bf98
08-29 00:10:20 com_github_MitjaNemec_ReplicateLayout.replicate_layout 991:Dst text UUid:fb5a6c46-e26d-448b-b87d-ae35a5c6e13f
08-29 00:10:20 com_github_MitjaNemec_ReplicateLayout.replicate_layout 888:Replicating footprint: 'TP93'
08-29 00:10:20 com_github_MitjaNemec_ReplicateLayout.replicate_layout 835:Src fp.id: '15175B47-07CC-4462-B3C9-5D963B871DFB'
08-29 00:10:20 com_github_MitjaNemec_ReplicateLayout.replicate_layout 839:Dst fp.id: '15175B47-07CC-4462-B3C9-5D963B871DFB'
08-29 00:10:20 com_github_MitjaNemec_ReplicateLayout.replicate_layout 895:found match in dst footprint: 'TP19'
08-29 00:10:20 com_github_MitjaNemec_ReplicateLayout.replicate_layout 990:Src text UUid:a29c5f2c-5368-470c-bf7d-3eb524a9f5a4
08-29 00:10:20 com_github_MitjaNemec_ReplicateLayout.replicate_layout 991:Dst text UUid:3d6bc821-645f-4170-9ee0-16e11c772a61
08-29 00:10:20 com_github_MitjaNemec_ReplicateLayout.replicate_layout 990:Src text UUid:b73aa0a7-756d-4772-a66b-825a940b4bb8
08-29 00:10:20 com_github_MitjaNemec_ReplicateLayout.replicate_layout 991:Dst text UUid:39d31940-bd54-43b3-9149-1dffccbc4c19
08-29 00:10:20 com_github_MitjaNemec_ReplicateLayout.replicate_layout 990:Src text UUid:b2d41304-451a-4f90-ae28-d1d150d70de9
08-29 00:10:20 com_github_MitjaNemec_ReplicateLayout.replicate_layout 991:Dst text UUid:910b13e3-0f3c-46d0-9fe5-e3a354ab6fef
08-29 00:10:20 com_github_MitjaNemec_ReplicateLayout.replicate_layout 888:Replicating footprint: 'Q1'
08-29 00:10:20 root 345:updating GUI with: 25
08-29 00:10:20 com_github_MitjaNemec_ReplicateLayout.replicate_layout 835:Src fp.id: '8D847CB5-E00B-428D-BD6B-968281E3857C'
08-29 00:10:20 com_github_MitjaNemec_ReplicateLayout.replicate_layout 839:Dst fp.id: '8D847CB5-E00B-428D-BD6B-968281E3857C'
08-29 00:10:20 com_github_MitjaNemec_ReplicateLayout.replicate_layout 895:found match in dst footprint: 'Q48'
08-29 00:10:20 com_github_MitjaNemec_ReplicateLayout.replicate_layout 990:Src text UUid:b1604cc1-d053-4d3e-980d-232d8676de39
08-29 00:10:20 com_github_MitjaNemec_ReplicateLayout.replicate_layout 991:Dst text UUid:8d01fddd-34ac-4685-85c2-0708eda8e636
08-29 00:10:20 com_github_MitjaNemec_ReplicateLayout.replicate_layout 990:Src text UUid:c0bb85bc-d328-41e7-bd97-31bf508a662b
08-29 00:10:20 com_github_MitjaNemec_ReplicateLayout.replicate_layout 991:Dst text UUid:70a6c217-15c1-4890-85c0-b642a89cc33a
08-29 00:10:20 com_github_MitjaNemec_ReplicateLayout.replicate_layout 990:Src text UUid:5e6fa8e6-c520-4ff8-ad92-32b11758bae4
08-29 00:10:20 com_github_MitjaNemec_ReplicateLayout.replicate_layout 991:Dst text UUid:070185d5-a740-4e86-9e10-a7013e98fe69
08-29 00:10:20 com_github_MitjaNemec_ReplicateLayout.replicate_layout 870:Replicating footprints on sheet ['/SensorModule24/']
08-29 00:10:20 com_github_MitjaNemec_ReplicateLayout.replicate_layout 835:Src fp.id: '48CE2A11-6FA1-4816-8BEE-2E82038543FF'
08-29 00:10:20 com_github_MitjaNemec_ReplicateLayout.replicate_layout 839:Dst fp.id: '48CE2A11-6FA1-4816-8BEE-2E82038543FF'
08-29 00:10:20 com_github_MitjaNemec_ReplicateLayout.replicate_layout 888:Replicating footprint: 'Q2'
08-29 00:10:20 com_github_MitjaNemec_ReplicateLayout.replicate_layout 835:Src fp.id: 'D3B029CA-A78A-4AD0-B065-5E40F898A58E'
08-29 00:10:20 com_github_MitjaNemec_ReplicateLayout.replicate_layout 839:Dst fp.id: 'D3B029CA-A78A-4AD0-B065-5E40F898A58E'
08-29 00:10:20 com_github_MitjaNemec_ReplicateLayout.replicate_layout 895:found match in dst footprint: 'Q49'
08-29 00:10:20 com_github_MitjaNemec_ReplicateLayout.replicate_layout 990:Src text UUid:8132af40-9520-49cc-b94e-a768fdfb8d6a
08-29 00:10:20 com_github_MitjaNemec_ReplicateLayout.replicate_layout 991:Dst text UUid:65f775cc-78cc-4b40-a39d-a520f6cf642f
08-29 00:10:20 com_github_MitjaNemec_ReplicateLayout.replicate_layout 990:Src text UUid:bf1c4316-bb3a-49d4-9c30-09e2a468388a
08-29 00:10:20 com_github_MitjaNemec_ReplicateLayout.replicate_layout 991:Dst text UUid:af168341-0609-4032-bbe2-9891f5f7e4b2
08-29 00:10:20 com_github_MitjaNemec_ReplicateLayout.replicate_layout 990:Src text UUid:78cf5bb7-f5b3-4597-8f69-50bf1c3f6479
08-29 00:10:20 com_github_MitjaNemec_ReplicateLayout.replicate_layout 991:Dst text UUid:7e2ada8a-08ad-4381-a991-555866602d3d
08-29 00:10:20 com_github_MitjaNemec_ReplicateLayout.replicate_layout 888:Replicating footprint: 'C1'
08-29 00:10:20 com_github_MitjaNemec_ReplicateLayout.replicate_layout 835:Src fp.id: '48CE2A11-6FA1-4816-8BEE-2E82038543FF'
08-29 00:10:20 com_github_MitjaNemec_ReplicateLayout.replicate_layout 839:Dst fp.id: '48CE2A11-6FA1-4816-8BEE-2E82038543FF'
08-29 00:10:20 com_github_MitjaNemec_ReplicateLayout.replicate_layout 895:found match in dst footprint: 'C25'
08-29 00:10:20 com_github_MitjaNemec_ReplicateLayout.replicate_layout 990:Src text UUid:7ebf057b-ddf7-4527-92e9-d4d379b3431d
08-29 00:10:20 com_github_MitjaNemec_ReplicateLayout.replicate_layout 991:Dst text UUid:d118484e-a577-48ce-85e9-5cfe3e2879a6
08-29 00:10:20 com_github_MitjaNemec_ReplicateLayout.replicate_layout 990:Src text UUid:e68fef10-595d-4034-b6ab-00179d33cd62
08-29 00:10:20 com_github_MitjaNemec_ReplicateLayout.replicate_layout 991:Dst text UUid:5db2c054-15b8-4ac5-b176-b645097968a2
08-29 00:10:20 com_github_MitjaNemec_ReplicateLayout.replicate_layout 990:Src text UUid:c0a551a3-e5e8-4aa2-bad0-1dd864d71ba4
08-29 00:10:20 com_github_MitjaNemec_ReplicateLayout.replicate_layout 991:Dst text UUid:9d88eb02-7f1c-47b6-a2f0-73fccb98e39f
08-29 00:10:20 com_github_MitjaNemec_ReplicateLayout.replicate_layout 888:Replicating footprint: 'R1'
08-29 00:10:20 com_github_MitjaNemec_ReplicateLayout.replicate_layout 835:Src fp.id: 'E3A00D99-EE45-46E5-9182-7CB5902749B3'
08-29 00:10:20 com_github_MitjaNemec_ReplicateLayout.replicate_layout 839:Dst fp.id: 'E3A00D99-EE45-46E5-9182-7CB5902749B3'
08-29 00:10:20 com_github_MitjaNemec_ReplicateLayout.replicate_layout 895:found match in dst footprint: 'R25'
08-29 00:10:20 com_github_MitjaNemec_ReplicateLayout.replicate_layout 990:Src text UUid:ba093b77-2243-40ba-81f8-483bbf0185db
08-29 00:10:20 com_github_MitjaNemec_ReplicateLayout.replicate_layout 991:Dst text UUid:ddca261e-8412-4ff9-aa0b-4019f587192a
08-29 00:10:20 com_github_MitjaNemec_ReplicateLayout.replicate_layout 990:Src text UUid:46ba2679-716b-4cb2-98d0-cdb6119821d1
08-29 00:10:20 com_github_MitjaNemec_ReplicateLayout.replicate_layout 991:Dst text UUid:ebdd4df9-d1a4-44f5-bb5b-db32c5208846
08-29 00:10:20 com_github_MitjaNemec_ReplicateLayout.replicate_layout 990:Src text UUid:a5803c3c-186e-40da-9549-6a79b6d8bf98
08-29 00:10:20 com_github_MitjaNemec_ReplicateLayout.replicate_layout 991:Dst text UUid:38fd8c8e-1a5a-4654-b5e7-25016ded5c8c
08-29 00:10:20 com_github_MitjaNemec_ReplicateLayout.replicate_layout 888:Replicating footprint: 'TP93'
08-29 00:10:20 com_github_MitjaNemec_ReplicateLayout.replicate_layout 835:Src fp.id: '15175B47-07CC-4462-B3C9-5D963B871DFB'
08-29 00:10:20 com_github_MitjaNemec_ReplicateLayout.replicate_layout 839:Dst fp.id: '15175B47-07CC-4462-B3C9-5D963B871DFB'
08-29 00:10:20 com_github_MitjaNemec_ReplicateLayout.replicate_layout 895:found match in dst footprint: 'TP20'
08-29 00:10:20 com_github_MitjaNemec_ReplicateLayout.replicate_layout 990:Src text UUid:a29c5f2c-5368-470c-bf7d-3eb524a9f5a4
08-29 00:10:20 com_github_MitjaNemec_ReplicateLayout.replicate_layout 991:Dst text UUid:57112e3e-d526-4567-82f3-7b62afac0e52
08-29 00:10:20 com_github_MitjaNemec_ReplicateLayout.replicate_layout 990:Src text UUid:b73aa0a7-756d-4772-a66b-825a940b4bb8
08-29 00:10:20 com_github_MitjaNemec_ReplicateLayout.replicate_layout 991:Dst text UUid:832b4551-9b53-4320-bbbd-29b85b12166d
08-29 00:10:20 com_github_MitjaNemec_ReplicateLayout.replicate_layout 990:Src text UUid:b2d41304-451a-4f90-ae28-d1d150d70de9
08-29 00:10:20 com_github_MitjaNemec_ReplicateLayout.replicate_layout 991:Dst text UUid:f8ceb98b-8245-476d-b292-a0eaa4c3b21f
08-29 00:10:20 com_github_MitjaNemec_ReplicateLayout.replicate_layout 888:Replicating footprint: 'Q1'
08-29 00:10:20 com_github_MitjaNemec_ReplicateLayout.replicate_layout 835:Src fp.id: '8D847CB5-E00B-428D-BD6B-968281E3857C'
08-29 00:10:20 com_github_MitjaNemec_ReplicateLayout.replicate_layout 839:Dst fp.id: '8D847CB5-E00B-428D-BD6B-968281E3857C'
08-29 00:10:20 com_github_MitjaNemec_ReplicateLayout.replicate_layout 895:found match in dst footprint: 'Q50'
08-29 00:10:20 com_github_MitjaNemec_ReplicateLayout.replicate_layout 990:Src text UUid:b1604cc1-d053-4d3e-980d-232d8676de39
08-29 00:10:20 com_github_MitjaNemec_ReplicateLayout.replicate_layout 991:Dst text UUid:83c0fced-a2bb-4a6b-9bf8-a76a033ebbae
08-29 00:10:20 com_github_MitjaNemec_ReplicateLayout.replicate_layout 990:Src text UUid:c0bb85bc-d328-41e7-bd97-31bf508a662b
08-29 00:10:20 com_github_MitjaNemec_ReplicateLayout.replicate_layout 991:Dst text UUid:52a4f96c-199d-4099-a312-72173be17831
08-29 00:10:20 com_github_MitjaNemec_ReplicateLayout.replicate_layout 990:Src text UUid:5e6fa8e6-c520-4ff8-ad92-32b11758bae4
08-29 00:10:20 com_github_MitjaNemec_ReplicateLayout.replicate_layout 991:Dst text UUid:69a95436-9046-46aa-ad9e-381a952481b4
08-29 00:10:20 com_github_MitjaNemec_ReplicateLayout.replicate_layout 870:Replicating footprints on sheet ['/SensorModule25/']
08-29 00:10:20 com_github_MitjaNemec_ReplicateLayout.replicate_layout 835:Src fp.id: '48CE2A11-6FA1-4816-8BEE-2E82038543FF'
08-29 00:10:20 com_github_MitjaNemec_ReplicateLayout.replicate_layout 839:Dst fp.id: '48CE2A11-6FA1-4816-8BEE-2E82038543FF'
08-29 00:10:20 com_github_MitjaNemec_ReplicateLayout.replicate_layout 888:Replicating footprint: 'Q2'
08-29 00:10:20 com_github_MitjaNemec_ReplicateLayout.replicate_layout 835:Src fp.id: 'D3B029CA-A78A-4AD0-B065-5E40F898A58E'
08-29 00:10:20 com_github_MitjaNemec_ReplicateLayout.replicate_layout 839:Dst fp.id: 'D3B029CA-A78A-4AD0-B065-5E40F898A58E'
08-29 00:10:20 com_github_MitjaNemec_ReplicateLayout.replicate_layout 895:found match in dst footprint: 'Q51'
08-29 00:10:20 com_github_MitjaNemec_ReplicateLayout.replicate_layout 990:Src text UUid:8132af40-9520-49cc-b94e-a768fdfb8d6a
08-29 00:10:20 com_github_MitjaNemec_ReplicateLayout.replicate_layout 991:Dst text UUid:1a8412c5-4183-4787-93eb-81f31c89de39
08-29 00:10:20 com_github_MitjaNemec_ReplicateLayout.replicate_layout 990:Src text UUid:bf1c4316-bb3a-49d4-9c30-09e2a468388a
08-29 00:10:20 com_github_MitjaNemec_ReplicateLayout.replicate_layout 991:Dst text UUid:234a918c-32d6-4b30-86c0-f6533769953f
08-29 00:10:20 com_github_MitjaNemec_ReplicateLayout.replicate_layout 990:Src text UUid:78cf5bb7-f5b3-4597-8f69-50bf1c3f6479
08-29 00:10:20 com_github_MitjaNemec_ReplicateLayout.replicate_layout 991:Dst text UUid:9d499135-1686-482c-b80b-e03a73914541
08-29 00:10:20 com_github_MitjaNemec_ReplicateLayout.replicate_layout 888:Replicating footprint: 'C1'
08-29 00:10:20 com_github_MitjaNemec_ReplicateLayout.replicate_layout 835:Src fp.id: '48CE2A11-6FA1-4816-8BEE-2E82038543FF'
08-29 00:10:20 com_github_MitjaNemec_ReplicateLayout.replicate_layout 839:Dst fp.id: '48CE2A11-6FA1-4816-8BEE-2E82038543FF'
08-29 00:10:20 com_github_MitjaNemec_ReplicateLayout.replicate_layout 895:found match in dst footprint: 'C26'
08-29 00:10:20 com_github_MitjaNemec_ReplicateLayout.replicate_layout 990:Src text UUid:7ebf057b-ddf7-4527-92e9-d4d379b3431d
08-29 00:10:20 com_github_MitjaNemec_ReplicateLayout.replicate_layout 991:Dst text UUid:64dfc78f-8cfb-4a6a-b449-5b1de0ad922c
08-29 00:10:20 com_github_MitjaNemec_ReplicateLayout.replicate_layout 990:Src text UUid:e68fef10-595d-4034-b6ab-00179d33cd62
08-29 00:10:20 com_github_MitjaNemec_ReplicateLayout.replicate_layout 991:Dst text UUid:28123abd-fa90-43d5-88aa-c0e58c269f15
08-29 00:10:20 com_github_MitjaNemec_ReplicateLayout.replicate_layout 990:Src text UUid:c0a551a3-e5e8-4aa2-bad0-1dd864d71ba4
08-29 00:10:20 com_github_MitjaNemec_ReplicateLayout.replicate_layout 991:Dst text UUid:c1449eda-8d99-4f45-bdd3-aa9d7903c83c
08-29 00:10:20 com_github_MitjaNemec_ReplicateLayout.replicate_layout 888:Replicating footprint: 'R1'
08-29 00:10:20 com_github_MitjaNemec_ReplicateLayout.replicate_layout 835:Src fp.id: 'E3A00D99-EE45-46E5-9182-7CB5902749B3'
08-29 00:10:20 com_github_MitjaNemec_ReplicateLayout.replicate_layout 839:Dst fp.id: 'E3A00D99-EE45-46E5-9182-7CB5902749B3'
08-29 00:10:20 com_github_MitjaNemec_ReplicateLayout.replicate_layout 895:found match in dst footprint: 'R26'
08-29 00:10:20 com_github_MitjaNemec_ReplicateLayout.replicate_layout 990:Src text UUid:ba093b77-2243-40ba-81f8-483bbf0185db
08-29 00:10:20 com_github_MitjaNemec_ReplicateLayout.replicate_layout 991:Dst text UUid:43eeb98d-bfb4-4fff-9d0d-576529b90d34
08-29 00:10:20 com_github_MitjaNemec_ReplicateLayout.replicate_layout 990:Src text UUid:46ba2679-716b-4cb2-98d0-cdb6119821d1
08-29 00:10:20 com_github_MitjaNemec_ReplicateLayout.replicate_layout 991:Dst text UUid:b88cece6-1f70-4937-b024-e80e93e42237
08-29 00:10:20 com_github_MitjaNemec_ReplicateLayout.replicate_layout 990:Src text UUid:a5803c3c-186e-40da-9549-6a79b6d8bf98
08-29 00:10:20 com_github_MitjaNemec_ReplicateLayout.replicate_layout 991:Dst text UUid:df64ff40-e03a-487b-9007-9d34c6a85979
08-29 00:10:20 com_github_MitjaNemec_ReplicateLayout.replicate_layout 888:Replicating footprint: 'TP93'
08-29 00:10:20 com_github_MitjaNemec_ReplicateLayout.replicate_layout 835:Src fp.id: '15175B47-07CC-4462-B3C9-5D963B871DFB'
08-29 00:10:20 com_github_MitjaNemec_ReplicateLayout.replicate_layout 839:Dst fp.id: '15175B47-07CC-4462-B3C9-5D963B871DFB'
08-29 00:10:20 com_github_MitjaNemec_ReplicateLayout.replicate_layout 895:found match in dst footprint: 'TP5'
08-29 00:10:20 com_github_MitjaNemec_ReplicateLayout.replicate_layout 990:Src text UUid:a29c5f2c-5368-470c-bf7d-3eb524a9f5a4
08-29 00:10:20 com_github_MitjaNemec_ReplicateLayout.replicate_layout 991:Dst text UUid:c4f9559d-b2d1-439b-9a5b-95643dbe97c2
08-29 00:10:20 com_github_MitjaNemec_ReplicateLayout.replicate_layout 990:Src text UUid:b73aa0a7-756d-4772-a66b-825a940b4bb8
08-29 00:10:20 com_github_MitjaNemec_ReplicateLayout.replicate_layout 991:Dst text UUid:6b255881-10ae-4ccb-b16e-319bbe792285
08-29 00:10:20 com_github_MitjaNemec_ReplicateLayout.replicate_layout 990:Src text UUid:b2d41304-451a-4f90-ae28-d1d150d70de9
08-29 00:10:20 com_github_MitjaNemec_ReplicateLayout.replicate_layout 991:Dst text UUid:464106b0-931a-4f06-a268-284f5224727b
08-29 00:10:20 com_github_MitjaNemec_ReplicateLayout.replicate_layout 888:Replicating footprint: 'Q1'
08-29 00:10:20 com_github_MitjaNemec_ReplicateLayout.replicate_layout 835:Src fp.id: '8D847CB5-E00B-428D-BD6B-968281E3857C'
08-29 00:10:20 com_github_MitjaNemec_ReplicateLayout.replicate_layout 839:Dst fp.id: '8D847CB5-E00B-428D-BD6B-968281E3857C'
08-29 00:10:20 com_github_MitjaNemec_ReplicateLayout.replicate_layout 895:found match in dst footprint: 'Q52'
08-29 00:10:20 com_github_MitjaNemec_ReplicateLayout.replicate_layout 990:Src text UUid:b1604cc1-d053-4d3e-980d-232d8676de39
08-29 00:10:20 com_github_MitjaNemec_ReplicateLayout.replicate_layout 991:Dst text UUid:51bf4d32-7e40-4e39-81fe-e814f36ce66b
08-29 00:10:20 com_github_MitjaNemec_ReplicateLayout.replicate_layout 990:Src text UUid:c0bb85bc-d328-41e7-bd97-31bf508a662b
08-29 00:10:20 com_github_MitjaNemec_ReplicateLayout.replicate_layout 991:Dst text UUid:5fbc6ea7-9622-4d50-9c10-bc2269b92b60
08-29 00:10:20 com_github_MitjaNemec_ReplicateLayout.replicate_layout 990:Src text UUid:5e6fa8e6-c520-4ff8-ad92-32b11758bae4
08-29 00:10:20 com_github_MitjaNemec_ReplicateLayout.replicate_layout 991:Dst text UUid:05f54130-3e71-4b88-9c4e-b4bf1d81397a
08-29 00:10:20 com_github_MitjaNemec_ReplicateLayout.replicate_layout 870:Replicating footprints on sheet ['/SensorModule26/']
08-29 00:10:20 com_github_MitjaNemec_ReplicateLayout.replicate_layout 835:Src fp.id: '48CE2A11-6FA1-4816-8BEE-2E82038543FF'
08-29 00:10:20 com_github_MitjaNemec_ReplicateLayout.replicate_layout 839:Dst fp.id: '48CE2A11-6FA1-4816-8BEE-2E82038543FF'
08-29 00:10:20 com_github_MitjaNemec_ReplicateLayout.replicate_layout 888:Replicating footprint: 'Q2'
08-29 00:10:20 com_github_MitjaNemec_ReplicateLayout.replicate_layout 835:Src fp.id: 'D3B029CA-A78A-4AD0-B065-5E40F898A58E'
08-29 00:10:20 com_github_MitjaNemec_ReplicateLayout.replicate_layout 839:Dst fp.id: 'D3B029CA-A78A-4AD0-B065-5E40F898A58E'
08-29 00:10:20 com_github_MitjaNemec_ReplicateLayout.replicate_layout 895:found match in dst footprint: 'Q53'
08-29 00:10:20 com_github_MitjaNemec_ReplicateLayout.replicate_layout 990:Src text UUid:8132af40-9520-49cc-b94e-a768fdfb8d6a
08-29 00:10:20 com_github_MitjaNemec_ReplicateLayout.replicate_layout 991:Dst text UUid:19947885-72b9-44ed-a5db-b9c9bedcb25b
08-29 00:10:20 com_github_MitjaNemec_ReplicateLayout.replicate_layout 990:Src text UUid:bf1c4316-bb3a-49d4-9c30-09e2a468388a
08-29 00:10:20 com_github_MitjaNemec_ReplicateLayout.replicate_layout 991:Dst text UUid:9e3945a5-902f-497f-b110-dfa2d3c192e5
08-29 00:10:20 com_github_MitjaNemec_ReplicateLayout.replicate_layout 990:Src text UUid:78cf5bb7-f5b3-4597-8f69-50bf1c3f6479
08-29 00:10:20 com_github_MitjaNemec_ReplicateLayout.replicate_layout 991:Dst text UUid:c78235f3-3f69-4198-8622-08960f64e8fa
08-29 00:10:20 com_github_MitjaNemec_ReplicateLayout.replicate_layout 888:Replicating footprint: 'C1'
08-29 00:10:20 root 345:updating GUI with: 29
08-29 00:10:20 com_github_MitjaNemec_ReplicateLayout.replicate_layout 835:Src fp.id: '48CE2A11-6FA1-4816-8BEE-2E82038543FF'
08-29 00:10:20 com_github_MitjaNemec_ReplicateLayout.replicate_layout 839:Dst fp.id: '48CE2A11-6FA1-4816-8BEE-2E82038543FF'
08-29 00:10:20 com_github_MitjaNemec_ReplicateLayout.replicate_layout 895:found match in dst footprint: 'C27'
08-29 00:10:20 com_github_MitjaNemec_ReplicateLayout.replicate_layout 990:Src text UUid:7ebf057b-ddf7-4527-92e9-d4d379b3431d
08-29 00:10:20 com_github_MitjaNemec_ReplicateLayout.replicate_layout 991:Dst text UUid:f9666108-8626-4ed3-8ce7-4cba4de9b71b
08-29 00:10:20 com_github_MitjaNemec_ReplicateLayout.replicate_layout 990:Src text UUid:e68fef10-595d-4034-b6ab-00179d33cd62
08-29 00:10:20 com_github_MitjaNemec_ReplicateLayout.replicate_layout 991:Dst text UUid:ab5c2b8e-6544-427d-8e9c-1f0c1bc15ee3
08-29 00:10:20 com_github_MitjaNemec_ReplicateLayout.replicate_layout 990:Src text UUid:c0a551a3-e5e8-4aa2-bad0-1dd864d71ba4
08-29 00:10:20 com_github_MitjaNemec_ReplicateLayout.replicate_layout 991:Dst text UUid:68e4d092-3ed3-44d6-b0bf-66ed63e87fe4
08-29 00:10:20 com_github_MitjaNemec_ReplicateLayout.replicate_layout 888:Replicating footprint: 'R1'
08-29 00:10:20 com_github_MitjaNemec_ReplicateLayout.replicate_layout 835:Src fp.id: 'E3A00D99-EE45-46E5-9182-7CB5902749B3'
08-29 00:10:20 com_github_MitjaNemec_ReplicateLayout.replicate_layout 839:Dst fp.id: 'E3A00D99-EE45-46E5-9182-7CB5902749B3'
08-29 00:10:20 com_github_MitjaNemec_ReplicateLayout.replicate_layout 895:found match in dst footprint: 'R27'
08-29 00:10:20 com_github_MitjaNemec_ReplicateLayout.replicate_layout 990:Src text UUid:ba093b77-2243-40ba-81f8-483bbf0185db
08-29 00:10:20 com_github_MitjaNemec_ReplicateLayout.replicate_layout 991:Dst text UUid:28e8853b-6ba1-4e8f-af08-960d48308a84
08-29 00:10:20 com_github_MitjaNemec_ReplicateLayout.replicate_layout 990:Src text UUid:46ba2679-716b-4cb2-98d0-cdb6119821d1
08-29 00:10:20 com_github_MitjaNemec_ReplicateLayout.replicate_layout 991:Dst text UUid:eafcdc88-2551-4a9c-8146-994c12f4e819
08-29 00:10:20 com_github_MitjaNemec_ReplicateLayout.replicate_layout 990:Src text UUid:a5803c3c-186e-40da-9549-6a79b6d8bf98
08-29 00:10:20 com_github_MitjaNemec_ReplicateLayout.replicate_layout 991:Dst text UUid:766ce1b6-0755-4244-ada8-b39207d76e5e
08-29 00:10:20 com_github_MitjaNemec_ReplicateLayout.replicate_layout 888:Replicating footprint: 'TP93'
08-29 00:10:20 com_github_MitjaNemec_ReplicateLayout.replicate_layout 835:Src fp.id: '15175B47-07CC-4462-B3C9-5D963B871DFB'
08-29 00:10:20 com_github_MitjaNemec_ReplicateLayout.replicate_layout 839:Dst fp.id: '15175B47-07CC-4462-B3C9-5D963B871DFB'
08-29 00:10:20 com_github_MitjaNemec_ReplicateLayout.replicate_layout 895:found match in dst footprint: 'TP21'
08-29 00:10:20 com_github_MitjaNemec_ReplicateLayout.replicate_layout 990:Src text UUid:a29c5f2c-5368-470c-bf7d-3eb524a9f5a4
08-29 00:10:20 com_github_MitjaNemec_ReplicateLayout.replicate_layout 991:Dst text UUid:75a6fbff-0f43-4559-8b4d-6b125f94327d
08-29 00:10:20 com_github_MitjaNemec_ReplicateLayout.replicate_layout 990:Src text UUid:b73aa0a7-756d-4772-a66b-825a940b4bb8
08-29 00:10:20 com_github_MitjaNemec_ReplicateLayout.replicate_layout 991:Dst text UUid:a653a5f1-03f6-4b40-8645-fbe975711458
08-29 00:10:20 com_github_MitjaNemec_ReplicateLayout.replicate_layout 990:Src text UUid:b2d41304-451a-4f90-ae28-d1d150d70de9
08-29 00:10:20 com_github_MitjaNemec_ReplicateLayout.replicate_layout 991:Dst text UUid:a6a711b1-e44f-4872-b76e-0c84feee6214
08-29 00:10:20 com_github_MitjaNemec_ReplicateLayout.replicate_layout 888:Replicating footprint: 'Q1'
08-29 00:10:20 com_github_MitjaNemec_ReplicateLayout.replicate_layout 835:Src fp.id: '8D847CB5-E00B-428D-BD6B-968281E3857C'
08-29 00:10:20 com_github_MitjaNemec_ReplicateLayout.replicate_layout 839:Dst fp.id: '8D847CB5-E00B-428D-BD6B-968281E3857C'
08-29 00:10:20 com_github_MitjaNemec_ReplicateLayout.replicate_layout 895:found match in dst footprint: 'Q54'
08-29 00:10:20 com_github_MitjaNemec_ReplicateLayout.replicate_layout 990:Src text UUid:b1604cc1-d053-4d3e-980d-232d8676de39
08-29 00:10:20 com_github_MitjaNemec_ReplicateLayout.replicate_layout 991:Dst text UUid:f022a7b6-baaf-4f7e-a68a-46d90420fa85
08-29 00:10:20 com_github_MitjaNemec_ReplicateLayout.replicate_layout 990:Src text UUid:c0bb85bc-d328-41e7-bd97-31bf508a662b
08-29 00:10:20 com_github_MitjaNemec_ReplicateLayout.replicate_layout 991:Dst text UUid:f0fa62bf-0db2-4016-8726-483a3fe39eb3
08-29 00:10:20 com_github_MitjaNemec_ReplicateLayout.replicate_layout 990:Src text UUid:5e6fa8e6-c520-4ff8-ad92-32b11758bae4
08-29 00:10:20 com_github_MitjaNemec_ReplicateLayout.replicate_layout 991:Dst text UUid:26206aba-a0b8-46be-90fd-06a959dee471
08-29 00:10:20 com_github_MitjaNemec_ReplicateLayout.replicate_layout 870:Replicating footprints on sheet ['/SensorModule27/']
08-29 00:10:20 com_github_MitjaNemec_ReplicateLayout.replicate_layout 835:Src fp.id: '48CE2A11-6FA1-4816-8BEE-2E82038543FF'
08-29 00:10:20 com_github_MitjaNemec_ReplicateLayout.replicate_layout 839:Dst fp.id: '48CE2A11-6FA1-4816-8BEE-2E82038543FF'
08-29 00:10:20 com_github_MitjaNemec_ReplicateLayout.replicate_layout 888:Replicating footprint: 'Q2'
08-29 00:10:20 com_github_MitjaNemec_ReplicateLayout.replicate_layout 835:Src fp.id: 'D3B029CA-A78A-4AD0-B065-5E40F898A58E'
08-29 00:10:20 com_github_MitjaNemec_ReplicateLayout.replicate_layout 839:Dst fp.id: 'D3B029CA-A78A-4AD0-B065-5E40F898A58E'
08-29 00:10:20 com_github_MitjaNemec_ReplicateLayout.replicate_layout 895:found match in dst footprint: 'Q55'
08-29 00:10:20 com_github_MitjaNemec_ReplicateLayout.replicate_layout 990:Src text UUid:8132af40-9520-49cc-b94e-a768fdfb8d6a
08-29 00:10:20 com_github_MitjaNemec_ReplicateLayout.replicate_layout 991:Dst text UUid:d04b8f3a-f914-4bb1-bb6e-db955ddec25e
08-29 00:10:20 com_github_MitjaNemec_ReplicateLayout.replicate_layout 990:Src text UUid:bf1c4316-bb3a-49d4-9c30-09e2a468388a
08-29 00:10:20 com_github_MitjaNemec_ReplicateLayout.replicate_layout 991:Dst text UUid:79d59b50-882c-4137-8680-06903bf31cae
08-29 00:10:20 com_github_MitjaNemec_ReplicateLayout.replicate_layout 990:Src text UUid:78cf5bb7-f5b3-4597-8f69-50bf1c3f6479
08-29 00:10:20 com_github_MitjaNemec_ReplicateLayout.replicate_layout 991:Dst text UUid:177bbddc-f00b-43a3-9cd2-692d4d62df61
08-29 00:10:20 com_github_MitjaNemec_ReplicateLayout.replicate_layout 888:Replicating footprint: 'C1'
08-29 00:10:20 com_github_MitjaNemec_ReplicateLayout.replicate_layout 835:Src fp.id: '48CE2A11-6FA1-4816-8BEE-2E82038543FF'
08-29 00:10:20 com_github_MitjaNemec_ReplicateLayout.replicate_layout 839:Dst fp.id: '48CE2A11-6FA1-4816-8BEE-2E82038543FF'
08-29 00:10:20 com_github_MitjaNemec_ReplicateLayout.replicate_layout 895:found match in dst footprint: 'C28'
08-29 00:10:20 com_github_MitjaNemec_ReplicateLayout.replicate_layout 990:Src text UUid:7ebf057b-ddf7-4527-92e9-d4d379b3431d
08-29 00:10:20 com_github_MitjaNemec_ReplicateLayout.replicate_layout 991:Dst text UUid:4adc6442-8778-48bd-8267-9713a89cbe17
08-29 00:10:20 com_github_MitjaNemec_ReplicateLayout.replicate_layout 990:Src text UUid:e68fef10-595d-4034-b6ab-00179d33cd62
08-29 00:10:20 com_github_MitjaNemec_ReplicateLayout.replicate_layout 991:Dst text UUid:4d7e8694-8062-4e26-a8e7-0dc858ae277b
08-29 00:10:20 com_github_MitjaNemec_ReplicateLayout.replicate_layout 990:Src text UUid:c0a551a3-e5e8-4aa2-bad0-1dd864d71ba4
08-29 00:10:20 com_github_MitjaNemec_ReplicateLayout.replicate_layout 991:Dst text UUid:8834d1bc-b04d-4972-8290-81a99c0bc3d3
08-29 00:10:20 com_github_MitjaNemec_ReplicateLayout.replicate_layout 888:Replicating footprint: 'R1'
08-29 00:10:20 com_github_MitjaNemec_ReplicateLayout.replicate_layout 835:Src fp.id: 'E3A00D99-EE45-46E5-9182-7CB5902749B3'
08-29 00:10:20 com_github_MitjaNemec_ReplicateLayout.replicate_layout 839:Dst fp.id: 'E3A00D99-EE45-46E5-9182-7CB5902749B3'
08-29 00:10:20 com_github_MitjaNemec_ReplicateLayout.replicate_layout 895:found match in dst footprint: 'R28'
08-29 00:10:20 com_github_MitjaNemec_ReplicateLayout.replicate_layout 990:Src text UUid:ba093b77-2243-40ba-81f8-483bbf0185db
08-29 00:10:20 com_github_MitjaNemec_ReplicateLayout.replicate_layout 991:Dst text UUid:6f1ffc4b-73f6-4d8c-b40a-411ffad6d8f3
08-29 00:10:20 com_github_MitjaNemec_ReplicateLayout.replicate_layout 990:Src text UUid:46ba2679-716b-4cb2-98d0-cdb6119821d1
08-29 00:10:20 com_github_MitjaNemec_ReplicateLayout.replicate_layout 991:Dst text UUid:3aa2e7e8-330f-4a42-bb95-7bea0ef39acd
08-29 00:10:20 com_github_MitjaNemec_ReplicateLayout.replicate_layout 990:Src text UUid:a5803c3c-186e-40da-9549-6a79b6d8bf98
08-29 00:10:20 com_github_MitjaNemec_ReplicateLayout.replicate_layout 991:Dst text UUid:81278e80-e4ae-49a5-96d5-73ee7eff37da
08-29 00:10:20 com_github_MitjaNemec_ReplicateLayout.replicate_layout 888:Replicating footprint: 'TP93'
08-29 00:10:20 com_github_MitjaNemec_ReplicateLayout.replicate_layout 835:Src fp.id: '15175B47-07CC-4462-B3C9-5D963B871DFB'
08-29 00:10:20 com_github_MitjaNemec_ReplicateLayout.replicate_layout 839:Dst fp.id: '15175B47-07CC-4462-B3C9-5D963B871DFB'
08-29 00:10:20 com_github_MitjaNemec_ReplicateLayout.replicate_layout 895:found match in dst footprint: 'TP22'
08-29 00:10:20 com_github_MitjaNemec_ReplicateLayout.replicate_layout 990:Src text UUid:a29c5f2c-5368-470c-bf7d-3eb524a9f5a4
08-29 00:10:20 com_github_MitjaNemec_ReplicateLayout.replicate_layout 991:Dst text UUid:4c6f19e8-1d69-4c8a-8023-69116ca1c000
08-29 00:10:20 com_github_MitjaNemec_ReplicateLayout.replicate_layout 990:Src text UUid:b73aa0a7-756d-4772-a66b-825a940b4bb8
08-29 00:10:20 com_github_MitjaNemec_ReplicateLayout.replicate_layout 991:Dst text UUid:6fcb3e7c-b968-4ed4-bd2c-692cbb36a280
08-29 00:10:20 com_github_MitjaNemec_ReplicateLayout.replicate_layout 990:Src text UUid:b2d41304-451a-4f90-ae28-d1d150d70de9
08-29 00:10:20 com_github_MitjaNemec_ReplicateLayout.replicate_layout 991:Dst text UUid:93951437-b20e-4a86-bda4-ff915c575d62
08-29 00:10:20 com_github_MitjaNemec_ReplicateLayout.replicate_layout 888:Replicating footprint: 'Q1'
08-29 00:10:20 com_github_MitjaNemec_ReplicateLayout.replicate_layout 835:Src fp.id: '8D847CB5-E00B-428D-BD6B-968281E3857C'
08-29 00:10:20 com_github_MitjaNemec_ReplicateLayout.replicate_layout 839:Dst fp.id: '8D847CB5-E00B-428D-BD6B-968281E3857C'
08-29 00:10:20 com_github_MitjaNemec_ReplicateLayout.replicate_layout 895:found match in dst footprint: 'Q56'
08-29 00:10:20 com_github_MitjaNemec_ReplicateLayout.replicate_layout 990:Src text UUid:b1604cc1-d053-4d3e-980d-232d8676de39
08-29 00:10:20 com_github_MitjaNemec_ReplicateLayout.replicate_layout 991:Dst text UUid:c55ac303-a1cf-4c8d-a846-290fdf6b9acf
08-29 00:10:20 com_github_MitjaNemec_ReplicateLayout.replicate_layout 990:Src text UUid:c0bb85bc-d328-41e7-bd97-31bf508a662b
08-29 00:10:20 com_github_MitjaNemec_ReplicateLayout.replicate_layout 991:Dst text UUid:9b09429c-1109-4e8a-8ada-88398f3f1edc
08-29 00:10:20 com_github_MitjaNemec_ReplicateLayout.replicate_layout 990:Src text UUid:5e6fa8e6-c520-4ff8-ad92-32b11758bae4
08-29 00:10:20 com_github_MitjaNemec_ReplicateLayout.replicate_layout 991:Dst text UUid:5d1c393e-2a53-4f43-84e8-6107f2283cb2
08-29 00:10:20 com_github_MitjaNemec_ReplicateLayout.replicate_layout 870:Replicating footprints on sheet ['/SensorModule28/']
08-29 00:10:20 com_github_MitjaNemec_ReplicateLayout.replicate_layout 835:Src fp.id: '48CE2A11-6FA1-4816-8BEE-2E82038543FF'
08-29 00:10:20 com_github_MitjaNemec_ReplicateLayout.replicate_layout 839:Dst fp.id: '48CE2A11-6FA1-4816-8BEE-2E82038543FF'
08-29 00:10:20 com_github_MitjaNemec_ReplicateLayout.replicate_layout 888:Replicating footprint: 'Q2'
08-29 00:10:20 com_github_MitjaNemec_ReplicateLayout.replicate_layout 835:Src fp.id: 'D3B029CA-A78A-4AD0-B065-5E40F898A58E'
08-29 00:10:20 com_github_MitjaNemec_ReplicateLayout.replicate_layout 839:Dst fp.id: 'D3B029CA-A78A-4AD0-B065-5E40F898A58E'
08-29 00:10:20 com_github_MitjaNemec_ReplicateLayout.replicate_layout 895:found match in dst footprint: 'Q57'
08-29 00:10:20 com_github_MitjaNemec_ReplicateLayout.replicate_layout 990:Src text UUid:8132af40-9520-49cc-b94e-a768fdfb8d6a
08-29 00:10:20 com_github_MitjaNemec_ReplicateLayout.replicate_layout 991:Dst text UUid:ae7ce537-f846-464f-9ad6-08b7c06f1e67
08-29 00:10:20 com_github_MitjaNemec_ReplicateLayout.replicate_layout 990:Src text UUid:bf1c4316-bb3a-49d4-9c30-09e2a468388a
08-29 00:10:20 com_github_MitjaNemec_ReplicateLayout.replicate_layout 991:Dst text UUid:18a23947-e9e8-497b-b463-92e25d9b6a09
08-29 00:10:20 com_github_MitjaNemec_ReplicateLayout.replicate_layout 990:Src text UUid:78cf5bb7-f5b3-4597-8f69-50bf1c3f6479
08-29 00:10:20 com_github_MitjaNemec_ReplicateLayout.replicate_layout 991:Dst text UUid:47b92306-cdbf-4146-984d-84f1839f4575
08-29 00:10:20 com_github_MitjaNemec_ReplicateLayout.replicate_layout 888:Replicating footprint: 'C1'
08-29 00:10:20 com_github_MitjaNemec_ReplicateLayout.replicate_layout 835:Src fp.id: '48CE2A11-6FA1-4816-8BEE-2E82038543FF'
08-29 00:10:20 com_github_MitjaNemec_ReplicateLayout.replicate_layout 839:Dst fp.id: '48CE2A11-6FA1-4816-8BEE-2E82038543FF'
08-29 00:10:20 com_github_MitjaNemec_ReplicateLayout.replicate_layout 895:found match in dst footprint: 'C29'
08-29 00:10:20 com_github_MitjaNemec_ReplicateLayout.replicate_layout 990:Src text UUid:7ebf057b-ddf7-4527-92e9-d4d379b3431d
08-29 00:10:20 com_github_MitjaNemec_ReplicateLayout.replicate_layout 991:Dst text UUid:4596d94b-a4b3-4aee-aba5-ad9e324ae7be
08-29 00:10:20 com_github_MitjaNemec_ReplicateLayout.replicate_layout 990:Src text UUid:e68fef10-595d-4034-b6ab-00179d33cd62
08-29 00:10:20 com_github_MitjaNemec_ReplicateLayout.replicate_layout 991:Dst text UUid:08dd89e9-5f4f-4a88-9a35-41c5f2f0475c
08-29 00:10:20 com_github_MitjaNemec_ReplicateLayout.replicate_layout 990:Src text UUid:c0a551a3-e5e8-4aa2-bad0-1dd864d71ba4
08-29 00:10:20 com_github_MitjaNemec_ReplicateLayout.replicate_layout 991:Dst text UUid:b5f7252b-771c-41d9-adf6-1c2100b64474
08-29 00:10:20 com_github_MitjaNemec_ReplicateLayout.replicate_layout 888:Replicating footprint: 'R1'
08-29 00:10:20 com_github_MitjaNemec_ReplicateLayout.replicate_layout 835:Src fp.id: 'E3A00D99-EE45-46E5-9182-7CB5902749B3'
08-29 00:10:20 com_github_MitjaNemec_ReplicateLayout.replicate_layout 839:Dst fp.id: 'E3A00D99-EE45-46E5-9182-7CB5902749B3'
08-29 00:10:20 com_github_MitjaNemec_ReplicateLayout.replicate_layout 895:found match in dst footprint: 'R29'
08-29 00:10:20 com_github_MitjaNemec_ReplicateLayout.replicate_layout 990:Src text UUid:ba093b77-2243-40ba-81f8-483bbf0185db
08-29 00:10:20 com_github_MitjaNemec_ReplicateLayout.replicate_layout 991:Dst text UUid:3173b137-5310-4323-817b-750a04680bb1
08-29 00:10:20 com_github_MitjaNemec_ReplicateLayout.replicate_layout 990:Src text UUid:46ba2679-716b-4cb2-98d0-cdb6119821d1
08-29 00:10:20 com_github_MitjaNemec_ReplicateLayout.replicate_layout 991:Dst text UUid:015ec14b-031e-4584-bae9-11f428c4c110
08-29 00:10:20 com_github_MitjaNemec_ReplicateLayout.replicate_layout 990:Src text UUid:a5803c3c-186e-40da-9549-6a79b6d8bf98
08-29 00:10:20 com_github_MitjaNemec_ReplicateLayout.replicate_layout 991:Dst text UUid:3dbf7b0f-37c8-4451-9801-1162cb7acb38
08-29 00:10:20 com_github_MitjaNemec_ReplicateLayout.replicate_layout 888:Replicating footprint: 'TP93'
08-29 00:10:20 root 345:updating GUI with: 33
08-29 00:10:20 com_github_MitjaNemec_ReplicateLayout.replicate_layout 835:Src fp.id: '15175B47-07CC-4462-B3C9-5D963B871DFB'
08-29 00:10:20 com_github_MitjaNemec_ReplicateLayout.replicate_layout 839:Dst fp.id: '15175B47-07CC-4462-B3C9-5D963B871DFB'
08-29 00:10:20 com_github_MitjaNemec_ReplicateLayout.replicate_layout 895:found match in dst footprint: 'TP23'
08-29 00:10:20 com_github_MitjaNemec_ReplicateLayout.replicate_layout 990:Src text UUid:a29c5f2c-5368-470c-bf7d-3eb524a9f5a4
08-29 00:10:20 com_github_MitjaNemec_ReplicateLayout.replicate_layout 991:Dst text UUid:98472006-0ec5-4020-9c1b-475d3c7bffc7
08-29 00:10:20 com_github_MitjaNemec_ReplicateLayout.replicate_layout 990:Src text UUid:b73aa0a7-756d-4772-a66b-825a940b4bb8
08-29 00:10:20 com_github_MitjaNemec_ReplicateLayout.replicate_layout 991:Dst text UUid:dc6c33c8-9afa-445c-87d7-bd84272cb531
08-29 00:10:20 com_github_MitjaNemec_ReplicateLayout.replicate_layout 990:Src text UUid:b2d41304-451a-4f90-ae28-d1d150d70de9
08-29 00:10:20 com_github_MitjaNemec_ReplicateLayout.replicate_layout 991:Dst text UUid:2f51d1b1-f989-4bc6-bbb5-56b22db8e192
08-29 00:10:20 com_github_MitjaNemec_ReplicateLayout.replicate_layout 888:Replicating footprint: 'Q1'
08-29 00:10:20 com_github_MitjaNemec_ReplicateLayout.replicate_layout 835:Src fp.id: '8D847CB5-E00B-428D-BD6B-968281E3857C'
08-29 00:10:20 com_github_MitjaNemec_ReplicateLayout.replicate_layout 839:Dst fp.id: '8D847CB5-E00B-428D-BD6B-968281E3857C'
08-29 00:10:20 com_github_MitjaNemec_ReplicateLayout.replicate_layout 895:found match in dst footprint: 'Q58'
08-29 00:10:20 com_github_MitjaNemec_ReplicateLayout.replicate_layout 990:Src text UUid:b1604cc1-d053-4d3e-980d-232d8676de39
08-29 00:10:20 com_github_MitjaNemec_ReplicateLayout.replicate_layout 991:Dst text UUid:baecac23-9428-4207-8af5-efc6985983ca
08-29 00:10:20 com_github_MitjaNemec_ReplicateLayout.replicate_layout 990:Src text UUid:c0bb85bc-d328-41e7-bd97-31bf508a662b
08-29 00:10:20 com_github_MitjaNemec_ReplicateLayout.replicate_layout 991:Dst text UUid:56d249f8-4938-473c-9c8c-6f5142b79d38
08-29 00:10:20 com_github_MitjaNemec_ReplicateLayout.replicate_layout 990:Src text UUid:5e6fa8e6-c520-4ff8-ad92-32b11758bae4
08-29 00:10:20 com_github_MitjaNemec_ReplicateLayout.replicate_layout 991:Dst text UUid:b4496912-95e8-45b6-88f7-ef5805935fa7
08-29 00:10:20 com_github_MitjaNemec_ReplicateLayout.replicate_layout 870:Replicating footprints on sheet ['/SensorModule29/']
08-29 00:10:20 com_github_MitjaNemec_ReplicateLayout.replicate_layout 835:Src fp.id: '48CE2A11-6FA1-4816-8BEE-2E82038543FF'
08-29 00:10:20 com_github_MitjaNemec_ReplicateLayout.replicate_layout 839:Dst fp.id: '48CE2A11-6FA1-4816-8BEE-2E82038543FF'
08-29 00:10:20 com_github_MitjaNemec_ReplicateLayout.replicate_layout 888:Replicating footprint: 'Q2'
08-29 00:10:20 com_github_MitjaNemec_ReplicateLayout.replicate_layout 835:Src fp.id: 'D3B029CA-A78A-4AD0-B065-5E40F898A58E'
08-29 00:10:20 com_github_MitjaNemec_ReplicateLayout.replicate_layout 839:Dst fp.id: 'D3B029CA-A78A-4AD0-B065-5E40F898A58E'
08-29 00:10:20 com_github_MitjaNemec_ReplicateLayout.replicate_layout 895:found match in dst footprint: 'Q59'
08-29 00:10:20 com_github_MitjaNemec_ReplicateLayout.replicate_layout 990:Src text UUid:8132af40-9520-49cc-b94e-a768fdfb8d6a
08-29 00:10:20 com_github_MitjaNemec_ReplicateLayout.replicate_layout 991:Dst text UUid:4d43de84-66ad-49ff-bed8-6ccab9eac263
08-29 00:10:20 com_github_MitjaNemec_ReplicateLayout.replicate_layout 990:Src text UUid:bf1c4316-bb3a-49d4-9c30-09e2a468388a
08-29 00:10:20 com_github_MitjaNemec_ReplicateLayout.replicate_layout 991:Dst text UUid:c6d6b07b-0959-42b9-9c29-7d80d07b1835
08-29 00:10:20 com_github_MitjaNemec_ReplicateLayout.replicate_layout 990:Src text UUid:78cf5bb7-f5b3-4597-8f69-50bf1c3f6479
08-29 00:10:20 com_github_MitjaNemec_ReplicateLayout.replicate_layout 991:Dst text UUid:7c59441d-f55d-4264-8a4a-ad49f02a83dd
08-29 00:10:20 com_github_MitjaNemec_ReplicateLayout.replicate_layout 888:Replicating footprint: 'C1'
08-29 00:10:20 com_github_MitjaNemec_ReplicateLayout.replicate_layout 835:Src fp.id: '48CE2A11-6FA1-4816-8BEE-2E82038543FF'
08-29 00:10:20 com_github_MitjaNemec_ReplicateLayout.replicate_layout 839:Dst fp.id: '48CE2A11-6FA1-4816-8BEE-2E82038543FF'
08-29 00:10:20 com_github_MitjaNemec_ReplicateLayout.replicate_layout 895:found match in dst footprint: 'C30'
08-29 00:10:20 com_github_MitjaNemec_ReplicateLayout.replicate_layout 990:Src text UUid:7ebf057b-ddf7-4527-92e9-d4d379b3431d
08-29 00:10:20 com_github_MitjaNemec_ReplicateLayout.replicate_layout 991:Dst text UUid:72c19a17-70f8-4e5d-8709-d351fd30399d
08-29 00:10:20 com_github_MitjaNemec_ReplicateLayout.replicate_layout 990:Src text UUid:e68fef10-595d-4034-b6ab-00179d33cd62
08-29 00:10:20 com_github_MitjaNemec_ReplicateLayout.replicate_layout 991:Dst text UUid:c91d5ca5-e588-4a6b-9ed0-deae48ba0481
08-29 00:10:20 com_github_MitjaNemec_ReplicateLayout.replicate_layout 990:Src text UUid:c0a551a3-e5e8-4aa2-bad0-1dd864d71ba4
08-29 00:10:20 com_github_MitjaNemec_ReplicateLayout.replicate_layout 991:Dst text UUid:edfb568a-4f3f-4798-9b15-e861e7d05fac
08-29 00:10:20 com_github_MitjaNemec_ReplicateLayout.replicate_layout 888:Replicating footprint: 'R1'
08-29 00:10:20 com_github_MitjaNemec_ReplicateLayout.replicate_layout 835:Src fp.id: 'E3A00D99-EE45-46E5-9182-7CB5902749B3'
08-29 00:10:20 com_github_MitjaNemec_ReplicateLayout.replicate_layout 839:Dst fp.id: 'E3A00D99-EE45-46E5-9182-7CB5902749B3'
08-29 00:10:20 com_github_MitjaNemec_ReplicateLayout.replicate_layout 895:found match in dst footprint: 'R30'
08-29 00:10:20 com_github_MitjaNemec_ReplicateLayout.replicate_layout 990:Src text UUid:ba093b77-2243-40ba-81f8-483bbf0185db
08-29 00:10:20 com_github_MitjaNemec_ReplicateLayout.replicate_layout 991:Dst text UUid:26c78777-629d-4a80-b37a-4186535a085a
08-29 00:10:20 com_github_MitjaNemec_ReplicateLayout.replicate_layout 990:Src text UUid:46ba2679-716b-4cb2-98d0-cdb6119821d1
08-29 00:10:20 com_github_MitjaNemec_ReplicateLayout.replicate_layout 991:Dst text UUid:af448aa0-6276-436c-a1a3-54a66c6ce49a
08-29 00:10:20 com_github_MitjaNemec_ReplicateLayout.replicate_layout 990:Src text UUid:a5803c3c-186e-40da-9549-6a79b6d8bf98
08-29 00:10:20 com_github_MitjaNemec_ReplicateLayout.replicate_layout 991:Dst text UUid:c1b39b16-8635-4607-9a53-c036e398f625
08-29 00:10:20 com_github_MitjaNemec_ReplicateLayout.replicate_layout 888:Replicating footprint: 'TP93'
08-29 00:10:20 com_github_MitjaNemec_ReplicateLayout.replicate_layout 835:Src fp.id: '15175B47-07CC-4462-B3C9-5D963B871DFB'
08-29 00:10:20 com_github_MitjaNemec_ReplicateLayout.replicate_layout 839:Dst fp.id: '15175B47-07CC-4462-B3C9-5D963B871DFB'
08-29 00:10:20 com_github_MitjaNemec_ReplicateLayout.replicate_layout 895:found match in dst footprint: 'TP24'
08-29 00:10:20 com_github_MitjaNemec_ReplicateLayout.replicate_layout 990:Src text UUid:a29c5f2c-5368-470c-bf7d-3eb524a9f5a4
08-29 00:10:20 com_github_MitjaNemec_ReplicateLayout.replicate_layout 991:Dst text UUid:85f02969-659f-467c-8ad2-517a7ab164a3
08-29 00:10:20 com_github_MitjaNemec_ReplicateLayout.replicate_layout 990:Src text UUid:b73aa0a7-756d-4772-a66b-825a940b4bb8
08-29 00:10:20 com_github_MitjaNemec_ReplicateLayout.replicate_layout 991:Dst text UUid:5a7e1229-0325-4696-8c52-a2f4a75cc8b5
08-29 00:10:20 com_github_MitjaNemec_ReplicateLayout.replicate_layout 990:Src text UUid:b2d41304-451a-4f90-ae28-d1d150d70de9
08-29 00:10:20 com_github_MitjaNemec_ReplicateLayout.replicate_layout 991:Dst text UUid:c41019cb-2ac3-4ca8-a414-aeed27a02292
08-29 00:10:20 com_github_MitjaNemec_ReplicateLayout.replicate_layout 888:Replicating footprint: 'Q1'
08-29 00:10:20 com_github_MitjaNemec_ReplicateLayout.replicate_layout 835:Src fp.id: '8D847CB5-E00B-428D-BD6B-968281E3857C'
08-29 00:10:20 com_github_MitjaNemec_ReplicateLayout.replicate_layout 839:Dst fp.id: '8D847CB5-E00B-428D-BD6B-968281E3857C'
08-29 00:10:20 com_github_MitjaNemec_ReplicateLayout.replicate_layout 895:found match in dst footprint: 'Q60'
08-29 00:10:20 com_github_MitjaNemec_ReplicateLayout.replicate_layout 990:Src text UUid:b1604cc1-d053-4d3e-980d-232d8676de39
08-29 00:10:20 com_github_MitjaNemec_ReplicateLayout.replicate_layout 991:Dst text UUid:361c6855-e5ed-4361-a16a-492b62538df1
08-29 00:10:20 com_github_MitjaNemec_ReplicateLayout.replicate_layout 990:Src text UUid:c0bb85bc-d328-41e7-bd97-31bf508a662b
08-29 00:10:20 com_github_MitjaNemec_ReplicateLayout.replicate_layout 991:Dst text UUid:38aec896-d23d-4711-aecf-47bf4e4aef49
08-29 00:10:20 com_github_MitjaNemec_ReplicateLayout.replicate_layout 990:Src text UUid:5e6fa8e6-c520-4ff8-ad92-32b11758bae4
08-29 00:10:20 com_github_MitjaNemec_ReplicateLayout.replicate_layout 991:Dst text UUid:71682ae1-9d2c-4d75-a6d4-2a001e98a78e
08-29 00:10:20 com_github_MitjaNemec_ReplicateLayout.replicate_layout 870:Replicating footprints on sheet ['/SensorModule3/']
08-29 00:10:20 com_github_MitjaNemec_ReplicateLayout.replicate_layout 835:Src fp.id: '48CE2A11-6FA1-4816-8BEE-2E82038543FF'
08-29 00:10:20 com_github_MitjaNemec_ReplicateLayout.replicate_layout 839:Dst fp.id: '48CE2A11-6FA1-4816-8BEE-2E82038543FF'
08-29 00:10:20 com_github_MitjaNemec_ReplicateLayout.replicate_layout 888:Replicating footprint: 'Q2'
08-29 00:10:20 com_github_MitjaNemec_ReplicateLayout.replicate_layout 835:Src fp.id: 'D3B029CA-A78A-4AD0-B065-5E40F898A58E'
08-29 00:10:20 com_github_MitjaNemec_ReplicateLayout.replicate_layout 839:Dst fp.id: 'D3B029CA-A78A-4AD0-B065-5E40F898A58E'
08-29 00:10:20 com_github_MitjaNemec_ReplicateLayout.replicate_layout 895:found match in dst footprint: 'Q7'
08-29 00:10:20 com_github_MitjaNemec_ReplicateLayout.replicate_layout 990:Src text UUid:8132af40-9520-49cc-b94e-a768fdfb8d6a
08-29 00:10:20 com_github_MitjaNemec_ReplicateLayout.replicate_layout 991:Dst text UUid:c1fc21cd-4d80-4548-83e3-6e1cc4196321
08-29 00:10:20 com_github_MitjaNemec_ReplicateLayout.replicate_layout 990:Src text UUid:bf1c4316-bb3a-49d4-9c30-09e2a468388a
08-29 00:10:20 com_github_MitjaNemec_ReplicateLayout.replicate_layout 991:Dst text UUid:f67d6847-3ee7-4bf6-9e09-75878f4d3829
08-29 00:10:20 com_github_MitjaNemec_ReplicateLayout.replicate_layout 990:Src text UUid:78cf5bb7-f5b3-4597-8f69-50bf1c3f6479
08-29 00:10:20 com_github_MitjaNemec_ReplicateLayout.replicate_layout 991:Dst text UUid:f715f2ed-4221-40f6-85a1-6d9ba56bc4ca
08-29 00:10:20 com_github_MitjaNemec_ReplicateLayout.replicate_layout 888:Replicating footprint: 'C1'
08-29 00:10:20 com_github_MitjaNemec_ReplicateLayout.replicate_layout 835:Src fp.id: '48CE2A11-6FA1-4816-8BEE-2E82038543FF'
08-29 00:10:20 com_github_MitjaNemec_ReplicateLayout.replicate_layout 839:Dst fp.id: '48CE2A11-6FA1-4816-8BEE-2E82038543FF'
08-29 00:10:20 com_github_MitjaNemec_ReplicateLayout.replicate_layout 895:found match in dst footprint: 'C4'
08-29 00:10:20 com_github_MitjaNemec_ReplicateLayout.replicate_layout 990:Src text UUid:7ebf057b-ddf7-4527-92e9-d4d379b3431d
08-29 00:10:20 com_github_MitjaNemec_ReplicateLayout.replicate_layout 991:Dst text UUid:415877f9-f539-4647-b21e-cb0f5bb498c5
08-29 00:10:20 com_github_MitjaNemec_ReplicateLayout.replicate_layout 990:Src text UUid:e68fef10-595d-4034-b6ab-00179d33cd62
08-29 00:10:20 com_github_MitjaNemec_ReplicateLayout.replicate_layout 991:Dst text UUid:91004a98-c6a8-4a0e-bc63-d856f95b80c0
08-29 00:10:20 com_github_MitjaNemec_ReplicateLayout.replicate_layout 990:Src text UUid:c0a551a3-e5e8-4aa2-bad0-1dd864d71ba4
08-29 00:10:20 com_github_MitjaNemec_ReplicateLayout.replicate_layout 991:Dst text UUid:3632f59c-3ae1-4919-ae1b-370a1b561b40
08-29 00:10:20 com_github_MitjaNemec_ReplicateLayout.replicate_layout 888:Replicating footprint: 'R1'
08-29 00:10:20 root 345:updating GUI with: 35
08-29 00:10:20 com_github_MitjaNemec_ReplicateLayout.replicate_layout 835:Src fp.id: 'E3A00D99-EE45-46E5-9182-7CB5902749B3'
08-29 00:10:20 com_github_MitjaNemec_ReplicateLayout.replicate_layout 839:Dst fp.id: 'E3A00D99-EE45-46E5-9182-7CB5902749B3'
08-29 00:10:20 com_github_MitjaNemec_ReplicateLayout.replicate_layout 895:found match in dst footprint: 'R4'
08-29 00:10:20 com_github_MitjaNemec_ReplicateLayout.replicate_layout 990:Src text UUid:ba093b77-2243-40ba-81f8-483bbf0185db
08-29 00:10:20 com_github_MitjaNemec_ReplicateLayout.replicate_layout 991:Dst text UUid:163c1e50-fa01-48c8-8202-1239b83f5ac4
08-29 00:10:20 com_github_MitjaNemec_ReplicateLayout.replicate_layout 990:Src text UUid:46ba2679-716b-4cb2-98d0-cdb6119821d1
08-29 00:10:20 com_github_MitjaNemec_ReplicateLayout.replicate_layout 991:Dst text UUid:99cd5134-b30c-4610-8aac-b99d34756d1c
08-29 00:10:20 com_github_MitjaNemec_ReplicateLayout.replicate_layout 990:Src text UUid:a5803c3c-186e-40da-9549-6a79b6d8bf98
08-29 00:10:20 com_github_MitjaNemec_ReplicateLayout.replicate_layout 991:Dst text UUid:52b32857-5296-438a-a31c-7572765cf2bb
08-29 00:10:20 com_github_MitjaNemec_ReplicateLayout.replicate_layout 888:Replicating footprint: 'TP93'
08-29 00:10:20 com_github_MitjaNemec_ReplicateLayout.replicate_layout 835:Src fp.id: '15175B47-07CC-4462-B3C9-5D963B871DFB'
08-29 00:10:20 com_github_MitjaNemec_ReplicateLayout.replicate_layout 839:Dst fp.id: '15175B47-07CC-4462-B3C9-5D963B871DFB'
08-29 00:10:20 com_github_MitjaNemec_ReplicateLayout.replicate_layout 895:found match in dst footprint: 'TP96'
08-29 00:10:20 com_github_MitjaNemec_ReplicateLayout.replicate_layout 990:Src text UUid:a29c5f2c-5368-470c-bf7d-3eb524a9f5a4
08-29 00:10:20 com_github_MitjaNemec_ReplicateLayout.replicate_layout 991:Dst text UUid:31f7c46a-c0c3-42b3-b5fb-c37508009746
08-29 00:10:20 com_github_MitjaNemec_ReplicateLayout.replicate_layout 990:Src text UUid:b73aa0a7-756d-4772-a66b-825a940b4bb8
08-29 00:10:20 com_github_MitjaNemec_ReplicateLayout.replicate_layout 991:Dst text UUid:e65b0e01-1fd1-4aee-947c-9417f0724406
08-29 00:10:20 com_github_MitjaNemec_ReplicateLayout.replicate_layout 990:Src text UUid:b2d41304-451a-4f90-ae28-d1d150d70de9
08-29 00:10:20 com_github_MitjaNemec_ReplicateLayout.replicate_layout 991:Dst text UUid:4b0e95a5-2578-4bd6-9587-4f1bc8bfcfaf
08-29 00:10:20 com_github_MitjaNemec_ReplicateLayout.replicate_layout 888:Replicating footprint: 'Q1'
08-29 00:10:20 com_github_MitjaNemec_ReplicateLayout.replicate_layout 835:Src fp.id: '8D847CB5-E00B-428D-BD6B-968281E3857C'
08-29 00:10:20 com_github_MitjaNemec_ReplicateLayout.replicate_layout 839:Dst fp.id: '8D847CB5-E00B-428D-BD6B-968281E3857C'
08-29 00:10:20 com_github_MitjaNemec_ReplicateLayout.replicate_layout 895:found match in dst footprint: 'Q8'
08-29 00:10:20 com_github_MitjaNemec_ReplicateLayout.replicate_layout 990:Src text UUid:b1604cc1-d053-4d3e-980d-232d8676de39
08-29 00:10:20 com_github_MitjaNemec_ReplicateLayout.replicate_layout 991:Dst text UUid:c3f07b6e-97f1-4b53-b77e-37718eda4e91
08-29 00:10:20 com_github_MitjaNemec_ReplicateLayout.replicate_layout 990:Src text UUid:c0bb85bc-d328-41e7-bd97-31bf508a662b
08-29 00:10:20 com_github_MitjaNemec_ReplicateLayout.replicate_layout 991:Dst text UUid:9a8248c2-d6ef-4368-83ea-688b898f0968
08-29 00:10:20 com_github_MitjaNemec_ReplicateLayout.replicate_layout 990:Src text UUid:5e6fa8e6-c520-4ff8-ad92-32b11758bae4
08-29 00:10:20 com_github_MitjaNemec_ReplicateLayout.replicate_layout 991:Dst text UUid:90d616ab-dc38-4aa4-b8d8-8fc844e484a2
08-29 00:10:20 com_github_MitjaNemec_ReplicateLayout.replicate_layout 870:Replicating footprints on sheet ['/SensorModule30/']
08-29 00:10:20 com_github_MitjaNemec_ReplicateLayout.replicate_layout 835:Src fp.id: '48CE2A11-6FA1-4816-8BEE-2E82038543FF'
08-29 00:10:20 com_github_MitjaNemec_ReplicateLayout.replicate_layout 839:Dst fp.id: '48CE2A11-6FA1-4816-8BEE-2E82038543FF'
08-29 00:10:20 com_github_MitjaNemec_ReplicateLayout.replicate_layout 888:Replicating footprint: 'Q2'
08-29 00:10:20 com_github_MitjaNemec_ReplicateLayout.replicate_layout 835:Src fp.id: 'D3B029CA-A78A-4AD0-B065-5E40F898A58E'
08-29 00:10:20 com_github_MitjaNemec_ReplicateLayout.replicate_layout 839:Dst fp.id: 'D3B029CA-A78A-4AD0-B065-5E40F898A58E'
08-29 00:10:20 com_github_MitjaNemec_ReplicateLayout.replicate_layout 895:found match in dst footprint: 'Q61'
08-29 00:10:20 com_github_MitjaNemec_ReplicateLayout.replicate_layout 990:Src text UUid:8132af40-9520-49cc-b94e-a768fdfb8d6a
08-29 00:10:20 com_github_MitjaNemec_ReplicateLayout.replicate_layout 991:Dst text UUid:4fc35263-cecb-4f37-a833-7f5af2075263
08-29 00:10:20 com_github_MitjaNemec_ReplicateLayout.replicate_layout 990:Src text UUid:bf1c4316-bb3a-49d4-9c30-09e2a468388a
08-29 00:10:20 com_github_MitjaNemec_ReplicateLayout.replicate_layout 991:Dst text UUid:f9afa6a6-a66c-4f0c-9c20-8b80287f9b0e
08-29 00:10:20 com_github_MitjaNemec_ReplicateLayout.replicate_layout 990:Src text UUid:78cf5bb7-f5b3-4597-8f69-50bf1c3f6479
08-29 00:10:20 com_github_MitjaNemec_ReplicateLayout.replicate_layout 991:Dst text UUid:ec9ad23e-e114-4031-ab2d-c18efd75056a
08-29 00:10:20 com_github_MitjaNemec_ReplicateLayout.replicate_layout 888:Replicating footprint: 'C1'
08-29 00:10:20 com_github_MitjaNemec_ReplicateLayout.replicate_layout 835:Src fp.id: '48CE2A11-6FA1-4816-8BEE-2E82038543FF'
08-29 00:10:20 com_github_MitjaNemec_ReplicateLayout.replicate_layout 839:Dst fp.id: '48CE2A11-6FA1-4816-8BEE-2E82038543FF'
08-29 00:10:20 com_github_MitjaNemec_ReplicateLayout.replicate_layout 895:found match in dst footprint: 'C31'
08-29 00:10:20 com_github_MitjaNemec_ReplicateLayout.replicate_layout 990:Src text UUid:7ebf057b-ddf7-4527-92e9-d4d379b3431d
08-29 00:10:20 com_github_MitjaNemec_ReplicateLayout.replicate_layout 991:Dst text UUid:48e457b6-c5c3-4e07-8046-844c603b41f3
08-29 00:10:20 com_github_MitjaNemec_ReplicateLayout.replicate_layout 990:Src text UUid:e68fef10-595d-4034-b6ab-00179d33cd62
08-29 00:10:20 com_github_MitjaNemec_ReplicateLayout.replicate_layout 991:Dst text UUid:955639de-40d5-4793-a3e3-9b0c671aaaa1
08-29 00:10:20 com_github_MitjaNemec_ReplicateLayout.replicate_layout 990:Src text UUid:c0a551a3-e5e8-4aa2-bad0-1dd864d71ba4
08-29 00:10:20 com_github_MitjaNemec_ReplicateLayout.replicate_layout 991:Dst text UUid:fe58d192-05b0-4177-b055-27a5a4a20064
08-29 00:10:20 com_github_MitjaNemec_ReplicateLayout.replicate_layout 888:Replicating footprint: 'R1'
08-29 00:10:20 com_github_MitjaNemec_ReplicateLayout.replicate_layout 835:Src fp.id: 'E3A00D99-EE45-46E5-9182-7CB5902749B3'
08-29 00:10:20 com_github_MitjaNemec_ReplicateLayout.replicate_layout 839:Dst fp.id: 'E3A00D99-EE45-46E5-9182-7CB5902749B3'
08-29 00:10:20 com_github_MitjaNemec_ReplicateLayout.replicate_layout 895:found match in dst footprint: 'R31'
08-29 00:10:20 com_github_MitjaNemec_ReplicateLayout.replicate_layout 990:Src text UUid:ba093b77-2243-40ba-81f8-483bbf0185db
08-29 00:10:20 com_github_MitjaNemec_ReplicateLayout.replicate_layout 991:Dst text UUid:5cf7e48d-2fe7-4068-9a22-dff9deaaa096
08-29 00:10:20 com_github_MitjaNemec_ReplicateLayout.replicate_layout 990:Src text UUid:46ba2679-716b-4cb2-98d0-cdb6119821d1
08-29 00:10:20 com_github_MitjaNemec_ReplicateLayout.replicate_layout 991:Dst text UUid:d4af2d59-56d2-4afe-b4fc-86b5bbba56fe
08-29 00:10:20 com_github_MitjaNemec_ReplicateLayout.replicate_layout 990:Src text UUid:a5803c3c-186e-40da-9549-6a79b6d8bf98
08-29 00:10:20 com_github_MitjaNemec_ReplicateLayout.replicate_layout 991:Dst text UUid:acf7a88b-4a53-47e0-830a-d35b474e6ced
08-29 00:10:20 com_github_MitjaNemec_ReplicateLayout.replicate_layout 888:Replicating footprint: 'TP93'
08-29 00:10:20 com_github_MitjaNemec_ReplicateLayout.replicate_layout 835:Src fp.id: '15175B47-07CC-4462-B3C9-5D963B871DFB'
08-29 00:10:20 com_github_MitjaNemec_ReplicateLayout.replicate_layout 839:Dst fp.id: '15175B47-07CC-4462-B3C9-5D963B871DFB'
08-29 00:10:20 com_github_MitjaNemec_ReplicateLayout.replicate_layout 895:found match in dst footprint: 'TP25'
08-29 00:10:20 com_github_MitjaNemec_ReplicateLayout.replicate_layout 990:Src text UUid:a29c5f2c-5368-470c-bf7d-3eb524a9f5a4
08-29 00:10:20 com_github_MitjaNemec_ReplicateLayout.replicate_layout 991:Dst text UUid:660ff3cf-454f-4d61-aa32-921ce1ac339d
08-29 00:10:20 com_github_MitjaNemec_ReplicateLayout.replicate_layout 990:Src text UUid:b73aa0a7-756d-4772-a66b-825a940b4bb8
08-29 00:10:20 com_github_MitjaNemec_ReplicateLayout.replicate_layout 991:Dst text UUid:d6ff2b95-1bbd-409c-a791-0f22fe677d90
08-29 00:10:20 com_github_MitjaNemec_ReplicateLayout.replicate_layout 990:Src text UUid:b2d41304-451a-4f90-ae28-d1d150d70de9
08-29 00:10:20 com_github_MitjaNemec_ReplicateLayout.replicate_layout 991:Dst text UUid:fc36a9ec-4f83-4581-ad7c-b2dab74ca482
08-29 00:10:20 com_github_MitjaNemec_ReplicateLayout.replicate_layout 888:Replicating footprint: 'Q1'
08-29 00:10:20 com_github_MitjaNemec_ReplicateLayout.replicate_layout 835:Src fp.id: '8D847CB5-E00B-428D-BD6B-968281E3857C'
08-29 00:10:20 com_github_MitjaNemec_ReplicateLayout.replicate_layout 839:Dst fp.id: '8D847CB5-E00B-428D-BD6B-968281E3857C'
08-29 00:10:20 com_github_MitjaNemec_ReplicateLayout.replicate_layout 895:found match in dst footprint: 'Q62'
08-29 00:10:20 com_github_MitjaNemec_ReplicateLayout.replicate_layout 990:Src text UUid:b1604cc1-d053-4d3e-980d-232d8676de39
08-29 00:10:20 com_github_MitjaNemec_ReplicateLayout.replicate_layout 991:Dst text UUid:ce6069c5-df77-455d-9e2e-3abc1ec0202d
08-29 00:10:20 com_github_MitjaNemec_ReplicateLayout.replicate_layout 990:Src text UUid:c0bb85bc-d328-41e7-bd97-31bf508a662b
08-29 00:10:20 com_github_MitjaNemec_ReplicateLayout.replicate_layout 991:Dst text UUid:adc8ee2a-968f-4bef-8b13-c9d1053d4003
08-29 00:10:20 com_github_MitjaNemec_ReplicateLayout.replicate_layout 990:Src text UUid:5e6fa8e6-c520-4ff8-ad92-32b11758bae4
08-29 00:10:20 com_github_MitjaNemec_ReplicateLayout.replicate_layout 991:Dst text UUid:04919bb6-5e4d-4774-ba4e-21e8497efe1c
08-29 00:10:20 root 345:updating GUI with: 38
08-29 00:10:20 com_github_MitjaNemec_ReplicateLayout.replicate_layout 870:Replicating footprints on sheet ['/SensorModule31/']
08-29 00:10:20 com_github_MitjaNemec_ReplicateLayout.replicate_layout 835:Src fp.id: '48CE2A11-6FA1-4816-8BEE-2E82038543FF'
08-29 00:10:20 com_github_MitjaNemec_ReplicateLayout.replicate_layout 839:Dst fp.id: '48CE2A11-6FA1-4816-8BEE-2E82038543FF'
08-29 00:10:20 com_github_MitjaNemec_ReplicateLayout.replicate_layout 888:Replicating footprint: 'Q2'
08-29 00:10:20 com_github_MitjaNemec_ReplicateLayout.replicate_layout 835:Src fp.id: 'D3B029CA-A78A-4AD0-B065-5E40F898A58E'
08-29 00:10:20 com_github_MitjaNemec_ReplicateLayout.replicate_layout 839:Dst fp.id: 'D3B029CA-A78A-4AD0-B065-5E40F898A58E'
08-29 00:10:20 com_github_MitjaNemec_ReplicateLayout.replicate_layout 895:found match in dst footprint: 'Q63'
08-29 00:10:20 com_github_MitjaNemec_ReplicateLayout.replicate_layout 990:Src text UUid:8132af40-9520-49cc-b94e-a768fdfb8d6a
08-29 00:10:20 com_github_MitjaNemec_ReplicateLayout.replicate_layout 991:Dst text UUid:7e5a7620-9bde-4ca5-8db2-f94a82857c92
08-29 00:10:20 com_github_MitjaNemec_ReplicateLayout.replicate_layout 990:Src text UUid:bf1c4316-bb3a-49d4-9c30-09e2a468388a
08-29 00:10:20 com_github_MitjaNemec_ReplicateLayout.replicate_layout 991:Dst text UUid:f9dd2c1a-a457-4735-8e4b-4837056cc93b
08-29 00:10:20 com_github_MitjaNemec_ReplicateLayout.replicate_layout 990:Src text UUid:78cf5bb7-f5b3-4597-8f69-50bf1c3f6479
08-29 00:10:20 com_github_MitjaNemec_ReplicateLayout.replicate_layout 991:Dst text UUid:7861ed0f-38a6-4754-91ee-c9d0046cf40a
08-29 00:10:20 com_github_MitjaNemec_ReplicateLayout.replicate_layout 888:Replicating footprint: 'C1'
08-29 00:10:20 com_github_MitjaNemec_ReplicateLayout.replicate_layout 835:Src fp.id: '48CE2A11-6FA1-4816-8BEE-2E82038543FF'
08-29 00:10:20 com_github_MitjaNemec_ReplicateLayout.replicate_layout 839:Dst fp.id: '48CE2A11-6FA1-4816-8BEE-2E82038543FF'
08-29 00:10:20 com_github_MitjaNemec_ReplicateLayout.replicate_layout 895:found match in dst footprint: 'C32'
08-29 00:10:20 com_github_MitjaNemec_ReplicateLayout.replicate_layout 990:Src text UUid:7ebf057b-ddf7-4527-92e9-d4d379b3431d
08-29 00:10:20 com_github_MitjaNemec_ReplicateLayout.replicate_layout 991:Dst text UUid:ed9b20fc-bd9f-4f26-b678-36c64a7a9a5a
08-29 00:10:20 com_github_MitjaNemec_ReplicateLayout.replicate_layout 990:Src text UUid:e68fef10-595d-4034-b6ab-00179d33cd62
08-29 00:10:20 com_github_MitjaNemec_ReplicateLayout.replicate_layout 991:Dst text UUid:f4ec94f8-6ac8-4c8e-8c04-771a4758fe9d
08-29 00:10:20 com_github_MitjaNemec_ReplicateLayout.replicate_layout 990:Src text UUid:c0a551a3-e5e8-4aa2-bad0-1dd864d71ba4
08-29 00:10:20 com_github_MitjaNemec_ReplicateLayout.replicate_layout 991:Dst text UUid:fcdfc6e9-2e0a-4715-9d48-803d67f17f41
08-29 00:10:20 com_github_MitjaNemec_ReplicateLayout.replicate_layout 888:Replicating footprint: 'R1'
08-29 00:10:20 com_github_MitjaNemec_ReplicateLayout.replicate_layout 835:Src fp.id: 'E3A00D99-EE45-46E5-9182-7CB5902749B3'
08-29 00:10:20 com_github_MitjaNemec_ReplicateLayout.replicate_layout 839:Dst fp.id: 'E3A00D99-EE45-46E5-9182-7CB5902749B3'
08-29 00:10:20 com_github_MitjaNemec_ReplicateLayout.replicate_layout 895:found match in dst footprint: 'R32'
08-29 00:10:20 com_github_MitjaNemec_ReplicateLayout.replicate_layout 990:Src text UUid:ba093b77-2243-40ba-81f8-483bbf0185db
08-29 00:10:20 com_github_MitjaNemec_ReplicateLayout.replicate_layout 991:Dst text UUid:305857f1-2a40-4393-98ba-e57a2e8ee742
08-29 00:10:20 com_github_MitjaNemec_ReplicateLayout.replicate_layout 990:Src text UUid:46ba2679-716b-4cb2-98d0-cdb6119821d1
08-29 00:10:20 com_github_MitjaNemec_ReplicateLayout.replicate_layout 991:Dst text UUid:f3931a5e-458f-44a6-bf82-94d660677643
08-29 00:10:20 com_github_MitjaNemec_ReplicateLayout.replicate_layout 990:Src text UUid:a5803c3c-186e-40da-9549-6a79b6d8bf98
08-29 00:10:20 com_github_MitjaNemec_ReplicateLayout.replicate_layout 991:Dst text UUid:42ed7ef7-4152-44e6-9ed9-7ac07e764da1
08-29 00:10:20 com_github_MitjaNemec_ReplicateLayout.replicate_layout 888:Replicating footprint: 'TP93'
08-29 00:10:20 com_github_MitjaNemec_ReplicateLayout.replicate_layout 835:Src fp.id: '15175B47-07CC-4462-B3C9-5D963B871DFB'
08-29 00:10:20 com_github_MitjaNemec_ReplicateLayout.replicate_layout 839:Dst fp.id: '15175B47-07CC-4462-B3C9-5D963B871DFB'
08-29 00:10:20 com_github_MitjaNemec_ReplicateLayout.replicate_layout 895:found match in dst footprint: 'TP26'
08-29 00:10:20 com_github_MitjaNemec_ReplicateLayout.replicate_layout 990:Src text UUid:a29c5f2c-5368-470c-bf7d-3eb524a9f5a4
08-29 00:10:20 com_github_MitjaNemec_ReplicateLayout.replicate_layout 991:Dst text UUid:20501e32-0ec5-46e5-b018-d2b880da6872
08-29 00:10:20 com_github_MitjaNemec_ReplicateLayout.replicate_layout 990:Src text UUid:b73aa0a7-756d-4772-a66b-825a940b4bb8
08-29 00:10:20 com_github_MitjaNemec_ReplicateLayout.replicate_layout 991:Dst text UUid:9e59d5e3-6f80-4424-8914-806a1ae4d8e3
08-29 00:10:20 com_github_MitjaNemec_ReplicateLayout.replicate_layout 990:Src text UUid:b2d41304-451a-4f90-ae28-d1d150d70de9
08-29 00:10:20 com_github_MitjaNemec_ReplicateLayout.replicate_layout 991:Dst text UUid:17c758bc-8e14-467f-8234-f534f2cec9c1
08-29 00:10:20 com_github_MitjaNemec_ReplicateLayout.replicate_layout 888:Replicating footprint: 'Q1'
08-29 00:10:20 com_github_MitjaNemec_ReplicateLayout.replicate_layout 835:Src fp.id: '8D847CB5-E00B-428D-BD6B-968281E3857C'
08-29 00:10:20 com_github_MitjaNemec_ReplicateLayout.replicate_layout 839:Dst fp.id: '8D847CB5-E00B-428D-BD6B-968281E3857C'
08-29 00:10:20 com_github_MitjaNemec_ReplicateLayout.replicate_layout 895:found match in dst footprint: 'Q64'
08-29 00:10:20 com_github_MitjaNemec_ReplicateLayout.replicate_layout 990:Src text UUid:b1604cc1-d053-4d3e-980d-232d8676de39
08-29 00:10:20 com_github_MitjaNemec_ReplicateLayout.replicate_layout 991:Dst text UUid:bedbc479-a0a7-476e-8ac7-abd024e4b629
08-29 00:10:20 com_github_MitjaNemec_ReplicateLayout.replicate_layout 990:Src text UUid:c0bb85bc-d328-41e7-bd97-31bf508a662b
08-29 00:10:20 com_github_MitjaNemec_ReplicateLayout.replicate_layout 991:Dst text UUid:a1d223a8-87ca-4f24-a288-411b1f4f3cbd
08-29 00:10:20 com_github_MitjaNemec_ReplicateLayout.replicate_layout 990:Src text UUid:5e6fa8e6-c520-4ff8-ad92-32b11758bae4
08-29 00:10:20 com_github_MitjaNemec_ReplicateLayout.replicate_layout 991:Dst text UUid:e7cf1e88-cb58-46e7-84d1-78f7e1abaf7e
08-29 00:10:20 com_github_MitjaNemec_ReplicateLayout.replicate_layout 870:Replicating footprints on sheet ['/SensorModule32/']
08-29 00:10:20 com_github_MitjaNemec_ReplicateLayout.replicate_layout 835:Src fp.id: '48CE2A11-6FA1-4816-8BEE-2E82038543FF'
08-29 00:10:20 com_github_MitjaNemec_ReplicateLayout.replicate_layout 839:Dst fp.id: '48CE2A11-6FA1-4816-8BEE-2E82038543FF'
08-29 00:10:20 com_github_MitjaNemec_ReplicateLayout.replicate_layout 888:Replicating footprint: 'Q2'
08-29 00:10:20 com_github_MitjaNemec_ReplicateLayout.replicate_layout 835:Src fp.id: 'D3B029CA-A78A-4AD0-B065-5E40F898A58E'
08-29 00:10:20 com_github_MitjaNemec_ReplicateLayout.replicate_layout 839:Dst fp.id: 'D3B029CA-A78A-4AD0-B065-5E40F898A58E'
08-29 00:10:20 com_github_MitjaNemec_ReplicateLayout.replicate_layout 895:found match in dst footprint: 'Q65'
08-29 00:10:20 com_github_MitjaNemec_ReplicateLayout.replicate_layout 990:Src text UUid:8132af40-9520-49cc-b94e-a768fdfb8d6a
08-29 00:10:20 com_github_MitjaNemec_ReplicateLayout.replicate_layout 991:Dst text UUid:a49e9768-5cb6-440e-8f0d-c03f3a11d7b8
08-29 00:10:20 com_github_MitjaNemec_ReplicateLayout.replicate_layout 990:Src text UUid:bf1c4316-bb3a-49d4-9c30-09e2a468388a
08-29 00:10:20 com_github_MitjaNemec_ReplicateLayout.replicate_layout 991:Dst text UUid:1a546fef-b899-4c4c-83cb-743d9e1c7eaf
08-29 00:10:20 com_github_MitjaNemec_ReplicateLayout.replicate_layout 990:Src text UUid:78cf5bb7-f5b3-4597-8f69-50bf1c3f6479
08-29 00:10:20 com_github_MitjaNemec_ReplicateLayout.replicate_layout 991:Dst text UUid:a251ab94-0b94-4f9e-8849-ec65bc3695e9
08-29 00:10:20 com_github_MitjaNemec_ReplicateLayout.replicate_layout 888:Replicating footprint: 'C1'
08-29 00:10:20 com_github_MitjaNemec_ReplicateLayout.replicate_layout 835:Src fp.id: '48CE2A11-6FA1-4816-8BEE-2E82038543FF'
08-29 00:10:20 com_github_MitjaNemec_ReplicateLayout.replicate_layout 839:Dst fp.id: '48CE2A11-6FA1-4816-8BEE-2E82038543FF'
08-29 00:10:20 com_github_MitjaNemec_ReplicateLayout.replicate_layout 895:found match in dst footprint: 'C33'
08-29 00:10:20 com_github_MitjaNemec_ReplicateLayout.replicate_layout 990:Src text UUid:7ebf057b-ddf7-4527-92e9-d4d379b3431d
08-29 00:10:20 com_github_MitjaNemec_ReplicateLayout.replicate_layout 991:Dst text UUid:e6e4041d-b111-4121-bb8e-d47945b1f5e8
08-29 00:10:20 com_github_MitjaNemec_ReplicateLayout.replicate_layout 990:Src text UUid:e68fef10-595d-4034-b6ab-00179d33cd62
08-29 00:10:20 com_github_MitjaNemec_ReplicateLayout.replicate_layout 991:Dst text UUid:b927d793-2a15-420a-9933-b1fbada7f50a
08-29 00:10:20 com_github_MitjaNemec_ReplicateLayout.replicate_layout 990:Src text UUid:c0a551a3-e5e8-4aa2-bad0-1dd864d71ba4
08-29 00:10:20 com_github_MitjaNemec_ReplicateLayout.replicate_layout 991:Dst text UUid:c3447923-0725-484f-81ae-f1894041137d
08-29 00:10:20 com_github_MitjaNemec_ReplicateLayout.replicate_layout 888:Replicating footprint: 'R1'
08-29 00:10:20 com_github_MitjaNemec_ReplicateLayout.replicate_layout 835:Src fp.id: 'E3A00D99-EE45-46E5-9182-7CB5902749B3'
08-29 00:10:20 com_github_MitjaNemec_ReplicateLayout.replicate_layout 839:Dst fp.id: 'E3A00D99-EE45-46E5-9182-7CB5902749B3'
08-29 00:10:20 com_github_MitjaNemec_ReplicateLayout.replicate_layout 895:found match in dst footprint: 'R33'
08-29 00:10:20 com_github_MitjaNemec_ReplicateLayout.replicate_layout 990:Src text UUid:ba093b77-2243-40ba-81f8-483bbf0185db
08-29 00:10:20 com_github_MitjaNemec_ReplicateLayout.replicate_layout 991:Dst text UUid:fa12f419-179b-4822-b668-60fa485e6e31
08-29 00:10:20 com_github_MitjaNemec_ReplicateLayout.replicate_layout 990:Src text UUid:46ba2679-716b-4cb2-98d0-cdb6119821d1
08-29 00:10:20 com_github_MitjaNemec_ReplicateLayout.replicate_layout 991:Dst text UUid:e9ea4ab1-5891-4412-8a24-f5647903556d
08-29 00:10:20 com_github_MitjaNemec_ReplicateLayout.replicate_layout 990:Src text UUid:a5803c3c-186e-40da-9549-6a79b6d8bf98
08-29 00:10:20 com_github_MitjaNemec_ReplicateLayout.replicate_layout 991:Dst text UUid:08362f11-6d34-4b95-9c7e-86df11313fce
08-29 00:10:20 com_github_MitjaNemec_ReplicateLayout.replicate_layout 888:Replicating footprint: 'TP93'
08-29 00:10:20 com_github_MitjaNemec_ReplicateLayout.replicate_layout 835:Src fp.id: '15175B47-07CC-4462-B3C9-5D963B871DFB'
08-29 00:10:20 com_github_MitjaNemec_ReplicateLayout.replicate_layout 839:Dst fp.id: '15175B47-07CC-4462-B3C9-5D963B871DFB'
08-29 00:10:20 com_github_MitjaNemec_ReplicateLayout.replicate_layout 895:found match in dst footprint: 'TP27'
08-29 00:10:20 com_github_MitjaNemec_ReplicateLayout.replicate_layout 990:Src text UUid:a29c5f2c-5368-470c-bf7d-3eb524a9f5a4
08-29 00:10:20 com_github_MitjaNemec_ReplicateLayout.replicate_layout 991:Dst text UUid:0fdedd75-efbd-46ef-ad84-fd58c5874bfd
08-29 00:10:20 com_github_MitjaNemec_ReplicateLayout.replicate_layout 990:Src text UUid:b73aa0a7-756d-4772-a66b-825a940b4bb8
08-29 00:10:20 com_github_MitjaNemec_ReplicateLayout.replicate_layout 991:Dst text UUid:66dd62b9-f5be-4fe2-a6cc-053d67688724
08-29 00:10:20 com_github_MitjaNemec_ReplicateLayout.replicate_layout 990:Src text UUid:b2d41304-451a-4f90-ae28-d1d150d70de9
08-29 00:10:20 com_github_MitjaNemec_ReplicateLayout.replicate_layout 991:Dst text UUid:c26ff4f1-5def-4351-9e22-40fbd4c0e49e
08-29 00:10:20 com_github_MitjaNemec_ReplicateLayout.replicate_layout 888:Replicating footprint: 'Q1'
08-29 00:10:20 com_github_MitjaNemec_ReplicateLayout.replicate_layout 835:Src fp.id: '8D847CB5-E00B-428D-BD6B-968281E3857C'
08-29 00:10:20 com_github_MitjaNemec_ReplicateLayout.replicate_layout 839:Dst fp.id: '8D847CB5-E00B-428D-BD6B-968281E3857C'
08-29 00:10:20 com_github_MitjaNemec_ReplicateLayout.replicate_layout 895:found match in dst footprint: 'Q66'
08-29 00:10:20 com_github_MitjaNemec_ReplicateLayout.replicate_layout 990:Src text UUid:b1604cc1-d053-4d3e-980d-232d8676de39
08-29 00:10:20 com_github_MitjaNemec_ReplicateLayout.replicate_layout 991:Dst text UUid:029407d4-a4e6-4cb3-b1ea-ce10a9b70087
08-29 00:10:20 com_github_MitjaNemec_ReplicateLayout.replicate_layout 990:Src text UUid:c0bb85bc-d328-41e7-bd97-31bf508a662b
08-29 00:10:20 com_github_MitjaNemec_ReplicateLayout.replicate_layout 991:Dst text UUid:53048f82-9e38-4667-b70b-4f27077eb6a6
08-29 00:10:20 com_github_MitjaNemec_ReplicateLayout.replicate_layout 990:Src text UUid:5e6fa8e6-c520-4ff8-ad92-32b11758bae4
08-29 00:10:20 com_github_MitjaNemec_ReplicateLayout.replicate_layout 991:Dst text UUid:dc787c55-56b5-4f8f-b4f7-f28c741c4beb
08-29 00:10:20 root 345:updating GUI with: 41
08-29 00:10:20 com_github_MitjaNemec_ReplicateLayout.replicate_layout 870:Replicating footprints on sheet ['/SensorModule33/']
08-29 00:10:20 com_github_MitjaNemec_ReplicateLayout.replicate_layout 835:Src fp.id: '48CE2A11-6FA1-4816-8BEE-2E82038543FF'
08-29 00:10:20 com_github_MitjaNemec_ReplicateLayout.replicate_layout 839:Dst fp.id: '48CE2A11-6FA1-4816-8BEE-2E82038543FF'
08-29 00:10:20 com_github_MitjaNemec_ReplicateLayout.replicate_layout 888:Replicating footprint: 'Q2'
08-29 00:10:20 com_github_MitjaNemec_ReplicateLayout.replicate_layout 835:Src fp.id: 'D3B029CA-A78A-4AD0-B065-5E40F898A58E'
08-29 00:10:20 com_github_MitjaNemec_ReplicateLayout.replicate_layout 839:Dst fp.id: 'D3B029CA-A78A-4AD0-B065-5E40F898A58E'
08-29 00:10:20 com_github_MitjaNemec_ReplicateLayout.replicate_layout 895:found match in dst footprint: 'Q67'
08-29 00:10:20 com_github_MitjaNemec_ReplicateLayout.replicate_layout 990:Src text UUid:8132af40-9520-49cc-b94e-a768fdfb8d6a
08-29 00:10:20 com_github_MitjaNemec_ReplicateLayout.replicate_layout 991:Dst text UUid:6d79f820-7696-4d66-abe4-aba5a9a20bab
08-29 00:10:20 com_github_MitjaNemec_ReplicateLayout.replicate_layout 990:Src text UUid:bf1c4316-bb3a-49d4-9c30-09e2a468388a
08-29 00:10:20 com_github_MitjaNemec_ReplicateLayout.replicate_layout 991:Dst text UUid:9c8c0a32-baf2-4407-8260-5db18ad15007
08-29 00:10:20 com_github_MitjaNemec_ReplicateLayout.replicate_layout 990:Src text UUid:78cf5bb7-f5b3-4597-8f69-50bf1c3f6479
08-29 00:10:20 com_github_MitjaNemec_ReplicateLayout.replicate_layout 991:Dst text UUid:0d0c7ddf-5c79-466d-9021-d3dfd51b6215
08-29 00:10:20 com_github_MitjaNemec_ReplicateLayout.replicate_layout 888:Replicating footprint: 'C1'
08-29 00:10:20 com_github_MitjaNemec_ReplicateLayout.replicate_layout 835:Src fp.id: '48CE2A11-6FA1-4816-8BEE-2E82038543FF'
08-29 00:10:20 com_github_MitjaNemec_ReplicateLayout.replicate_layout 839:Dst fp.id: '48CE2A11-6FA1-4816-8BEE-2E82038543FF'
08-29 00:10:20 com_github_MitjaNemec_ReplicateLayout.replicate_layout 895:found match in dst footprint: 'C34'
08-29 00:10:20 com_github_MitjaNemec_ReplicateLayout.replicate_layout 990:Src text UUid:7ebf057b-ddf7-4527-92e9-d4d379b3431d
08-29 00:10:20 com_github_MitjaNemec_ReplicateLayout.replicate_layout 991:Dst text UUid:763da2b2-e8f1-4e58-874d-692ff896a155
08-29 00:10:20 com_github_MitjaNemec_ReplicateLayout.replicate_layout 990:Src text UUid:e68fef10-595d-4034-b6ab-00179d33cd62
08-29 00:10:20 com_github_MitjaNemec_ReplicateLayout.replicate_layout 991:Dst text UUid:0ec31d9a-ac4a-4898-ba07-d0060347e163
08-29 00:10:20 com_github_MitjaNemec_ReplicateLayout.replicate_layout 990:Src text UUid:c0a551a3-e5e8-4aa2-bad0-1dd864d71ba4
08-29 00:10:20 com_github_MitjaNemec_ReplicateLayout.replicate_layout 991:Dst text UUid:e629e7f9-81af-4975-88f0-d683d7fea65a
08-29 00:10:20 com_github_MitjaNemec_ReplicateLayout.replicate_layout 888:Replicating footprint: 'R1'
08-29 00:10:20 com_github_MitjaNemec_ReplicateLayout.replicate_layout 835:Src fp.id: 'E3A00D99-EE45-46E5-9182-7CB5902749B3'
08-29 00:10:20 com_github_MitjaNemec_ReplicateLayout.replicate_layout 839:Dst fp.id: 'E3A00D99-EE45-46E5-9182-7CB5902749B3'
08-29 00:10:20 com_github_MitjaNemec_ReplicateLayout.replicate_layout 895:found match in dst footprint: 'R34'
08-29 00:10:20 com_github_MitjaNemec_ReplicateLayout.replicate_layout 990:Src text UUid:ba093b77-2243-40ba-81f8-483bbf0185db
08-29 00:10:20 com_github_MitjaNemec_ReplicateLayout.replicate_layout 991:Dst text UUid:fc05a024-d00b-4f59-a6a5-3b3da9d200ac
08-29 00:10:20 com_github_MitjaNemec_ReplicateLayout.replicate_layout 990:Src text UUid:46ba2679-716b-4cb2-98d0-cdb6119821d1
08-29 00:10:20 com_github_MitjaNemec_ReplicateLayout.replicate_layout 991:Dst text UUid:9007f56b-8f55-4c89-93d8-5139c5538342
08-29 00:10:20 com_github_MitjaNemec_ReplicateLayout.replicate_layout 990:Src text UUid:a5803c3c-186e-40da-9549-6a79b6d8bf98
08-29 00:10:20 com_github_MitjaNemec_ReplicateLayout.replicate_layout 991:Dst text UUid:3e4d024c-1ee5-4c85-ae59-c46872c7e064
08-29 00:10:20 com_github_MitjaNemec_ReplicateLayout.replicate_layout 888:Replicating footprint: 'TP93'
08-29 00:10:20 com_github_MitjaNemec_ReplicateLayout.replicate_layout 835:Src fp.id: '15175B47-07CC-4462-B3C9-5D963B871DFB'
08-29 00:10:20 com_github_MitjaNemec_ReplicateLayout.replicate_layout 839:Dst fp.id: '15175B47-07CC-4462-B3C9-5D963B871DFB'
08-29 00:10:20 com_github_MitjaNemec_ReplicateLayout.replicate_layout 895:found match in dst footprint: 'TP28'
08-29 00:10:20 com_github_MitjaNemec_ReplicateLayout.replicate_layout 990:Src text UUid:a29c5f2c-5368-470c-bf7d-3eb524a9f5a4
08-29 00:10:20 com_github_MitjaNemec_ReplicateLayout.replicate_layout 991:Dst text UUid:a4a4ff31-15c7-4ffe-be15-5db71c7161ef
08-29 00:10:20 com_github_MitjaNemec_ReplicateLayout.replicate_layout 990:Src text UUid:b73aa0a7-756d-4772-a66b-825a940b4bb8
08-29 00:10:20 com_github_MitjaNemec_ReplicateLayout.replicate_layout 991:Dst text UUid:ebb59669-419e-4ea3-a3c9-7e05641c563f
08-29 00:10:20 com_github_MitjaNemec_ReplicateLayout.replicate_layout 990:Src text UUid:b2d41304-451a-4f90-ae28-d1d150d70de9
08-29 00:10:20 com_github_MitjaNemec_ReplicateLayout.replicate_layout 991:Dst text UUid:21f812e3-6e6f-476f-942c-15855d285b3e
08-29 00:10:20 com_github_MitjaNemec_ReplicateLayout.replicate_layout 888:Replicating footprint: 'Q1'
08-29 00:10:20 com_github_MitjaNemec_ReplicateLayout.replicate_layout 835:Src fp.id: '8D847CB5-E00B-428D-BD6B-968281E3857C'
08-29 00:10:20 com_github_MitjaNemec_ReplicateLayout.replicate_layout 839:Dst fp.id: '8D847CB5-E00B-428D-BD6B-968281E3857C'
08-29 00:10:20 com_github_MitjaNemec_ReplicateLayout.replicate_layout 895:found match in dst footprint: 'Q68'
08-29 00:10:20 com_github_MitjaNemec_ReplicateLayout.replicate_layout 990:Src text UUid:b1604cc1-d053-4d3e-980d-232d8676de39
08-29 00:10:20 com_github_MitjaNemec_ReplicateLayout.replicate_layout 991:Dst text UUid:2653d0f0-8330-4748-a0db-e631b6186b54
08-29 00:10:20 com_github_MitjaNemec_ReplicateLayout.replicate_layout 990:Src text UUid:c0bb85bc-d328-41e7-bd97-31bf508a662b
08-29 00:10:20 com_github_MitjaNemec_ReplicateLayout.replicate_layout 991:Dst text UUid:57d1678b-9bd0-49d7-be2c-a572c6b10019
08-29 00:10:20 com_github_MitjaNemec_ReplicateLayout.replicate_layout 990:Src text UUid:5e6fa8e6-c520-4ff8-ad92-32b11758bae4
08-29 00:10:20 com_github_MitjaNemec_ReplicateLayout.replicate_layout 991:Dst text UUid:1c004c37-277c-4cd0-8d7a-b5c3c1b748f3
08-29 00:10:20 com_github_MitjaNemec_ReplicateLayout.replicate_layout 870:Replicating footprints on sheet ['/SensorModule34/']
08-29 00:10:20 com_github_MitjaNemec_ReplicateLayout.replicate_layout 835:Src fp.id: '48CE2A11-6FA1-4816-8BEE-2E82038543FF'
08-29 00:10:20 com_github_MitjaNemec_ReplicateLayout.replicate_layout 839:Dst fp.id: '48CE2A11-6FA1-4816-8BEE-2E82038543FF'
08-29 00:10:20 com_github_MitjaNemec_ReplicateLayout.replicate_layout 888:Replicating footprint: 'Q2'
08-29 00:10:20 com_github_MitjaNemec_ReplicateLayout.replicate_layout 835:Src fp.id: 'D3B029CA-A78A-4AD0-B065-5E40F898A58E'
08-29 00:10:20 com_github_MitjaNemec_ReplicateLayout.replicate_layout 839:Dst fp.id: 'D3B029CA-A78A-4AD0-B065-5E40F898A58E'
08-29 00:10:20 com_github_MitjaNemec_ReplicateLayout.replicate_layout 895:found match in dst footprint: 'Q69'
08-29 00:10:20 com_github_MitjaNemec_ReplicateLayout.replicate_layout 990:Src text UUid:8132af40-9520-49cc-b94e-a768fdfb8d6a
08-29 00:10:20 com_github_MitjaNemec_ReplicateLayout.replicate_layout 991:Dst text UUid:6ffc3c1f-317e-455b-b58a-8bdad79b7df3
08-29 00:10:20 com_github_MitjaNemec_ReplicateLayout.replicate_layout 990:Src text UUid:bf1c4316-bb3a-49d4-9c30-09e2a468388a
08-29 00:10:20 com_github_MitjaNemec_ReplicateLayout.replicate_layout 991:Dst text UUid:ba772191-8efb-432f-bc7a-1638231133ac
08-29 00:10:20 com_github_MitjaNemec_ReplicateLayout.replicate_layout 990:Src text UUid:78cf5bb7-f5b3-4597-8f69-50bf1c3f6479
08-29 00:10:20 com_github_MitjaNemec_ReplicateLayout.replicate_layout 991:Dst text UUid:62012d67-153b-4edf-9bf7-014ab39ba084
08-29 00:10:20 com_github_MitjaNemec_ReplicateLayout.replicate_layout 888:Replicating footprint: 'C1'
08-29 00:10:20 com_github_MitjaNemec_ReplicateLayout.replicate_layout 835:Src fp.id: '48CE2A11-6FA1-4816-8BEE-2E82038543FF'
08-29 00:10:20 com_github_MitjaNemec_ReplicateLayout.replicate_layout 839:Dst fp.id: '48CE2A11-6FA1-4816-8BEE-2E82038543FF'
08-29 00:10:20 com_github_MitjaNemec_ReplicateLayout.replicate_layout 895:found match in dst footprint: 'C35'
08-29 00:10:20 com_github_MitjaNemec_ReplicateLayout.replicate_layout 990:Src text UUid:7ebf057b-ddf7-4527-92e9-d4d379b3431d
08-29 00:10:20 com_github_MitjaNemec_ReplicateLayout.replicate_layout 991:Dst text UUid:58d4da11-c36c-438f-8a51-51755617600b
08-29 00:10:20 com_github_MitjaNemec_ReplicateLayout.replicate_layout 990:Src text UUid:e68fef10-595d-4034-b6ab-00179d33cd62
08-29 00:10:20 com_github_MitjaNemec_ReplicateLayout.replicate_layout 991:Dst text UUid:09d9ec6a-e2db-42cb-a873-b4664d1cbfab
08-29 00:10:20 com_github_MitjaNemec_ReplicateLayout.replicate_layout 990:Src text UUid:c0a551a3-e5e8-4aa2-bad0-1dd864d71ba4
08-29 00:10:20 com_github_MitjaNemec_ReplicateLayout.replicate_layout 991:Dst text UUid:f8266545-8db0-4b70-95ee-d3a514eb424b
08-29 00:10:20 com_github_MitjaNemec_ReplicateLayout.replicate_layout 888:Replicating footprint: 'R1'
08-29 00:10:20 com_github_MitjaNemec_ReplicateLayout.replicate_layout 835:Src fp.id: 'E3A00D99-EE45-46E5-9182-7CB5902749B3'
08-29 00:10:20 com_github_MitjaNemec_ReplicateLayout.replicate_layout 839:Dst fp.id: 'E3A00D99-EE45-46E5-9182-7CB5902749B3'
08-29 00:10:20 com_github_MitjaNemec_ReplicateLayout.replicate_layout 895:found match in dst footprint: 'R35'
08-29 00:10:20 com_github_MitjaNemec_ReplicateLayout.replicate_layout 990:Src text UUid:ba093b77-2243-40ba-81f8-483bbf0185db
08-29 00:10:20 com_github_MitjaNemec_ReplicateLayout.replicate_layout 991:Dst text UUid:2447b4b7-02dc-439e-999f-cc3383cb4dcf
08-29 00:10:20 com_github_MitjaNemec_ReplicateLayout.replicate_layout 990:Src text UUid:46ba2679-716b-4cb2-98d0-cdb6119821d1
08-29 00:10:20 com_github_MitjaNemec_ReplicateLayout.replicate_layout 991:Dst text UUid:7775ffa5-1d05-4ece-a786-b34de9a3f9ac
08-29 00:10:20 com_github_MitjaNemec_ReplicateLayout.replicate_layout 990:Src text UUid:a5803c3c-186e-40da-9549-6a79b6d8bf98
08-29 00:10:20 com_github_MitjaNemec_ReplicateLayout.replicate_layout 991:Dst text UUid:0ba7eec6-a1e0-4181-a2a1-bfeb3cb27897
08-29 00:10:20 com_github_MitjaNemec_ReplicateLayout.replicate_layout 888:Replicating footprint: 'TP93'
08-29 00:10:20 com_github_MitjaNemec_ReplicateLayout.replicate_layout 835:Src fp.id: '15175B47-07CC-4462-B3C9-5D963B871DFB'
08-29 00:10:20 com_github_MitjaNemec_ReplicateLayout.replicate_layout 839:Dst fp.id: '15175B47-07CC-4462-B3C9-5D963B871DFB'
08-29 00:10:20 com_github_MitjaNemec_ReplicateLayout.replicate_layout 895:found match in dst footprint: 'TP29'
08-29 00:10:20 com_github_MitjaNemec_ReplicateLayout.replicate_layout 990:Src text UUid:a29c5f2c-5368-470c-bf7d-3eb524a9f5a4
08-29 00:10:20 com_github_MitjaNemec_ReplicateLayout.replicate_layout 991:Dst text UUid:dc8287ed-fcea-4cfc-8758-9b8935170fa9
08-29 00:10:20 com_github_MitjaNemec_ReplicateLayout.replicate_layout 990:Src text UUid:b73aa0a7-756d-4772-a66b-825a940b4bb8
08-29 00:10:20 com_github_MitjaNemec_ReplicateLayout.replicate_layout 991:Dst text UUid:efc4d343-5cff-471e-a8a7-7a8184cfd5e5
08-29 00:10:20 com_github_MitjaNemec_ReplicateLayout.replicate_layout 990:Src text UUid:b2d41304-451a-4f90-ae28-d1d150d70de9
08-29 00:10:20 com_github_MitjaNemec_ReplicateLayout.replicate_layout 991:Dst text UUid:6ede3a03-a342-46ac-a020-b0d5cb95aea9
08-29 00:10:20 com_github_MitjaNemec_ReplicateLayout.replicate_layout 888:Replicating footprint: 'Q1'
08-29 00:10:20 com_github_MitjaNemec_ReplicateLayout.replicate_layout 835:Src fp.id: '8D847CB5-E00B-428D-BD6B-968281E3857C'
08-29 00:10:20 com_github_MitjaNemec_ReplicateLayout.replicate_layout 839:Dst fp.id: '8D847CB5-E00B-428D-BD6B-968281E3857C'
08-29 00:10:20 com_github_MitjaNemec_ReplicateLayout.replicate_layout 895:found match in dst footprint: 'Q70'
08-29 00:10:20 com_github_MitjaNemec_ReplicateLayout.replicate_layout 990:Src text UUid:b1604cc1-d053-4d3e-980d-232d8676de39
08-29 00:10:20 com_github_MitjaNemec_ReplicateLayout.replicate_layout 991:Dst text UUid:ec6911c0-4a48-4df6-bb89-6995daa35b32
08-29 00:10:20 com_github_MitjaNemec_ReplicateLayout.replicate_layout 990:Src text UUid:c0bb85bc-d328-41e7-bd97-31bf508a662b
08-29 00:10:20 com_github_MitjaNemec_ReplicateLayout.replicate_layout 991:Dst text UUid:d62c7e2f-0029-4d4d-a41b-50011bbef7f2
08-29 00:10:20 com_github_MitjaNemec_ReplicateLayout.replicate_layout 990:Src text UUid:5e6fa8e6-c520-4ff8-ad92-32b11758bae4
08-29 00:10:20 com_github_MitjaNemec_ReplicateLayout.replicate_layout 991:Dst text UUid:1ef30677-8d7d-49f5-a50c-b4fb645f5842
08-29 00:10:20 com_github_MitjaNemec_ReplicateLayout.replicate_layout 870:Replicating footprints on sheet ['/SensorModule35/']
08-29 00:10:20 com_github_MitjaNemec_ReplicateLayout.replicate_layout 835:Src fp.id: '48CE2A11-6FA1-4816-8BEE-2E82038543FF'
08-29 00:10:20 com_github_MitjaNemec_ReplicateLayout.replicate_layout 839:Dst fp.id: '48CE2A11-6FA1-4816-8BEE-2E82038543FF'
08-29 00:10:20 com_github_MitjaNemec_ReplicateLayout.replicate_layout 888:Replicating footprint: 'Q2'
08-29 00:10:20 com_github_MitjaNemec_ReplicateLayout.replicate_layout 835:Src fp.id: 'D3B029CA-A78A-4AD0-B065-5E40F898A58E'
08-29 00:10:20 com_github_MitjaNemec_ReplicateLayout.replicate_layout 839:Dst fp.id: 'D3B029CA-A78A-4AD0-B065-5E40F898A58E'
08-29 00:10:20 com_github_MitjaNemec_ReplicateLayout.replicate_layout 895:found match in dst footprint: 'Q71'
08-29 00:10:20 com_github_MitjaNemec_ReplicateLayout.replicate_layout 990:Src text UUid:8132af40-9520-49cc-b94e-a768fdfb8d6a
08-29 00:10:20 com_github_MitjaNemec_ReplicateLayout.replicate_layout 991:Dst text UUid:9d2b42da-f012-4de9-a3ec-73c87b95d8ac
08-29 00:10:20 com_github_MitjaNemec_ReplicateLayout.replicate_layout 990:Src text UUid:bf1c4316-bb3a-49d4-9c30-09e2a468388a
08-29 00:10:20 com_github_MitjaNemec_ReplicateLayout.replicate_layout 991:Dst text UUid:c8f25c18-3c93-414c-a225-30b997832ad2
08-29 00:10:20 com_github_MitjaNemec_ReplicateLayout.replicate_layout 990:Src text UUid:78cf5bb7-f5b3-4597-8f69-50bf1c3f6479
08-29 00:10:20 com_github_MitjaNemec_ReplicateLayout.replicate_layout 991:Dst text UUid:0063dc3f-3267-405c-bcdc-6cf084804301
08-29 00:10:20 com_github_MitjaNemec_ReplicateLayout.replicate_layout 888:Replicating footprint: 'C1'
08-29 00:10:20 com_github_MitjaNemec_ReplicateLayout.replicate_layout 835:Src fp.id: '48CE2A11-6FA1-4816-8BEE-2E82038543FF'
08-29 00:10:20 com_github_MitjaNemec_ReplicateLayout.replicate_layout 839:Dst fp.id: '48CE2A11-6FA1-4816-8BEE-2E82038543FF'
08-29 00:10:20 com_github_MitjaNemec_ReplicateLayout.replicate_layout 895:found match in dst footprint: 'C36'
08-29 00:10:20 com_github_MitjaNemec_ReplicateLayout.replicate_layout 990:Src text UUid:7ebf057b-ddf7-4527-92e9-d4d379b3431d
08-29 00:10:20 com_github_MitjaNemec_ReplicateLayout.replicate_layout 991:Dst text UUid:3ccb0297-2b83-4f92-8359-bdc7bd5ff053
08-29 00:10:20 com_github_MitjaNemec_ReplicateLayout.replicate_layout 990:Src text UUid:e68fef10-595d-4034-b6ab-00179d33cd62
08-29 00:10:20 com_github_MitjaNemec_ReplicateLayout.replicate_layout 991:Dst text UUid:196f4993-81c3-47f1-94bc-b4e06007d28d
08-29 00:10:20 com_github_MitjaNemec_ReplicateLayout.replicate_layout 990:Src text UUid:c0a551a3-e5e8-4aa2-bad0-1dd864d71ba4
08-29 00:10:20 com_github_MitjaNemec_ReplicateLayout.replicate_layout 991:Dst text UUid:3416d81c-bcd0-4aa5-9a93-ee6c5ac5b366
08-29 00:10:20 com_github_MitjaNemec_ReplicateLayout.replicate_layout 888:Replicating footprint: 'R1'
08-29 00:10:20 root 345:updating GUI with: 45
08-29 00:10:20 com_github_MitjaNemec_ReplicateLayout.replicate_layout 835:Src fp.id: 'E3A00D99-EE45-46E5-9182-7CB5902749B3'
08-29 00:10:20 com_github_MitjaNemec_ReplicateLayout.replicate_layout 839:Dst fp.id: 'E3A00D99-EE45-46E5-9182-7CB5902749B3'
08-29 00:10:20 com_github_MitjaNemec_ReplicateLayout.replicate_layout 895:found match in dst footprint: 'R36'
08-29 00:10:20 com_github_MitjaNemec_ReplicateLayout.replicate_layout 990:Src text UUid:ba093b77-2243-40ba-81f8-483bbf0185db
08-29 00:10:20 com_github_MitjaNemec_ReplicateLayout.replicate_layout 991:Dst text UUid:c4269453-fca8-4a83-a1fe-cb457a3f1ab8
08-29 00:10:20 com_github_MitjaNemec_ReplicateLayout.replicate_layout 990:Src text UUid:46ba2679-716b-4cb2-98d0-cdb6119821d1
08-29 00:10:20 com_github_MitjaNemec_ReplicateLayout.replicate_layout 991:Dst text UUid:6342fb5a-6932-4642-a278-6752adca6269
08-29 00:10:20 com_github_MitjaNemec_ReplicateLayout.replicate_layout 990:Src text UUid:a5803c3c-186e-40da-9549-6a79b6d8bf98
08-29 00:10:20 com_github_MitjaNemec_ReplicateLayout.replicate_layout 991:Dst text UUid:94c0a4bc-d343-4c12-89cd-dc23dd761f17
08-29 00:10:20 com_github_MitjaNemec_ReplicateLayout.replicate_layout 888:Replicating footprint: 'TP93'
08-29 00:10:20 com_github_MitjaNemec_ReplicateLayout.replicate_layout 835:Src fp.id: '15175B47-07CC-4462-B3C9-5D963B871DFB'
08-29 00:10:20 com_github_MitjaNemec_ReplicateLayout.replicate_layout 839:Dst fp.id: '15175B47-07CC-4462-B3C9-5D963B871DFB'
08-29 00:10:20 com_github_MitjaNemec_ReplicateLayout.replicate_layout 895:found match in dst footprint: 'TP30'
08-29 00:10:20 com_github_MitjaNemec_ReplicateLayout.replicate_layout 990:Src text UUid:a29c5f2c-5368-470c-bf7d-3eb524a9f5a4
08-29 00:10:20 com_github_MitjaNemec_ReplicateLayout.replicate_layout 991:Dst text UUid:86d324bb-4495-499e-9a4b-5a3b47e4dbd6
08-29 00:10:20 com_github_MitjaNemec_ReplicateLayout.replicate_layout 990:Src text UUid:b73aa0a7-756d-4772-a66b-825a940b4bb8
08-29 00:10:20 com_github_MitjaNemec_ReplicateLayout.replicate_layout 991:Dst text UUid:2125309e-9686-44a1-bc3c-e9e0f878fda7
08-29 00:10:20 com_github_MitjaNemec_ReplicateLayout.replicate_layout 990:Src text UUid:b2d41304-451a-4f90-ae28-d1d150d70de9
08-29 00:10:20 com_github_MitjaNemec_ReplicateLayout.replicate_layout 991:Dst text UUid:6333018e-db60-427b-9c9e-209945b76ea8
08-29 00:10:20 com_github_MitjaNemec_ReplicateLayout.replicate_layout 888:Replicating footprint: 'Q1'
08-29 00:10:20 com_github_MitjaNemec_ReplicateLayout.replicate_layout 835:Src fp.id: '8D847CB5-E00B-428D-BD6B-968281E3857C'
08-29 00:10:20 com_github_MitjaNemec_ReplicateLayout.replicate_layout 839:Dst fp.id: '8D847CB5-E00B-428D-BD6B-968281E3857C'
08-29 00:10:20 com_github_MitjaNemec_ReplicateLayout.replicate_layout 895:found match in dst footprint: 'Q72'
08-29 00:10:20 com_github_MitjaNemec_ReplicateLayout.replicate_layout 990:Src text UUid:b1604cc1-d053-4d3e-980d-232d8676de39
08-29 00:10:20 com_github_MitjaNemec_ReplicateLayout.replicate_layout 991:Dst text UUid:2bd68652-ea13-4de0-86b5-760145b8bd8a
08-29 00:10:20 com_github_MitjaNemec_ReplicateLayout.replicate_layout 990:Src text UUid:c0bb85bc-d328-41e7-bd97-31bf508a662b
08-29 00:10:20 com_github_MitjaNemec_ReplicateLayout.replicate_layout 991:Dst text UUid:f4422c32-77cb-404f-aec8-6e4f7ff1687e
08-29 00:10:20 com_github_MitjaNemec_ReplicateLayout.replicate_layout 990:Src text UUid:5e6fa8e6-c520-4ff8-ad92-32b11758bae4
08-29 00:10:20 com_github_MitjaNemec_ReplicateLayout.replicate_layout 991:Dst text UUid:d92a6f89-1499-4b3f-97e6-439cf34a1a21
08-29 00:10:20 com_github_MitjaNemec_ReplicateLayout.replicate_layout 870:Replicating footprints on sheet ['/SensorModule36/']
08-29 00:10:20 com_github_MitjaNemec_ReplicateLayout.replicate_layout 835:Src fp.id: '48CE2A11-6FA1-4816-8BEE-2E82038543FF'
08-29 00:10:20 com_github_MitjaNemec_ReplicateLayout.replicate_layout 839:Dst fp.id: '48CE2A11-6FA1-4816-8BEE-2E82038543FF'
08-29 00:10:20 com_github_MitjaNemec_ReplicateLayout.replicate_layout 888:Replicating footprint: 'Q2'
08-29 00:10:20 com_github_MitjaNemec_ReplicateLayout.replicate_layout 835:Src fp.id: 'D3B029CA-A78A-4AD0-B065-5E40F898A58E'
08-29 00:10:20 com_github_MitjaNemec_ReplicateLayout.replicate_layout 839:Dst fp.id: 'D3B029CA-A78A-4AD0-B065-5E40F898A58E'
08-29 00:10:20 com_github_MitjaNemec_ReplicateLayout.replicate_layout 895:found match in dst footprint: 'Q73'
08-29 00:10:20 com_github_MitjaNemec_ReplicateLayout.replicate_layout 990:Src text UUid:8132af40-9520-49cc-b94e-a768fdfb8d6a
08-29 00:10:20 com_github_MitjaNemec_ReplicateLayout.replicate_layout 991:Dst text UUid:b5daca84-33d5-44e3-90e4-3c3a602e6d0b
08-29 00:10:20 com_github_MitjaNemec_ReplicateLayout.replicate_layout 990:Src text UUid:bf1c4316-bb3a-49d4-9c30-09e2a468388a
08-29 00:10:20 com_github_MitjaNemec_ReplicateLayout.replicate_layout 991:Dst text UUid:8a35cec0-5f41-4505-853b-47e321b93aac
08-29 00:10:20 com_github_MitjaNemec_ReplicateLayout.replicate_layout 990:Src text UUid:78cf5bb7-f5b3-4597-8f69-50bf1c3f6479
08-29 00:10:20 com_github_MitjaNemec_ReplicateLayout.replicate_layout 991:Dst text UUid:2d6ed97c-60ea-40ea-a131-bb53e1dc61ec
08-29 00:10:20 com_github_MitjaNemec_ReplicateLayout.replicate_layout 888:Replicating footprint: 'C1'
08-29 00:10:20 com_github_MitjaNemec_ReplicateLayout.replicate_layout 835:Src fp.id: '48CE2A11-6FA1-4816-8BEE-2E82038543FF'
08-29 00:10:20 com_github_MitjaNemec_ReplicateLayout.replicate_layout 839:Dst fp.id: '48CE2A11-6FA1-4816-8BEE-2E82038543FF'
08-29 00:10:20 com_github_MitjaNemec_ReplicateLayout.replicate_layout 895:found match in dst footprint: 'C37'
08-29 00:10:20 com_github_MitjaNemec_ReplicateLayout.replicate_layout 990:Src text UUid:7ebf057b-ddf7-4527-92e9-d4d379b3431d
08-29 00:10:20 com_github_MitjaNemec_ReplicateLayout.replicate_layout 991:Dst text UUid:0ae6469e-a610-48a8-baad-8dc685c8ad40
08-29 00:10:20 com_github_MitjaNemec_ReplicateLayout.replicate_layout 990:Src text UUid:e68fef10-595d-4034-b6ab-00179d33cd62
08-29 00:10:20 com_github_MitjaNemec_ReplicateLayout.replicate_layout 991:Dst text UUid:6914dda7-77c0-469a-a2fd-dbcfc027a624
08-29 00:10:20 com_github_MitjaNemec_ReplicateLayout.replicate_layout 990:Src text UUid:c0a551a3-e5e8-4aa2-bad0-1dd864d71ba4
08-29 00:10:20 com_github_MitjaNemec_ReplicateLayout.replicate_layout 991:Dst text UUid:96439d5c-787c-4fef-8541-e36262ebc0ef
08-29 00:10:20 com_github_MitjaNemec_ReplicateLayout.replicate_layout 888:Replicating footprint: 'R1'
08-29 00:10:20 com_github_MitjaNemec_ReplicateLayout.replicate_layout 835:Src fp.id: 'E3A00D99-EE45-46E5-9182-7CB5902749B3'
08-29 00:10:20 com_github_MitjaNemec_ReplicateLayout.replicate_layout 839:Dst fp.id: 'E3A00D99-EE45-46E5-9182-7CB5902749B3'
08-29 00:10:20 com_github_MitjaNemec_ReplicateLayout.replicate_layout 895:found match in dst footprint: 'R37'
08-29 00:10:20 com_github_MitjaNemec_ReplicateLayout.replicate_layout 990:Src text UUid:ba093b77-2243-40ba-81f8-483bbf0185db
08-29 00:10:20 com_github_MitjaNemec_ReplicateLayout.replicate_layout 991:Dst text UUid:f7daf286-383a-4c4f-937e-7e323dc43c7f
08-29 00:10:20 com_github_MitjaNemec_ReplicateLayout.replicate_layout 990:Src text UUid:46ba2679-716b-4cb2-98d0-cdb6119821d1
08-29 00:10:20 com_github_MitjaNemec_ReplicateLayout.replicate_layout 991:Dst text UUid:8b54a6fc-e901-4ae3-bded-54de83ddd86b
08-29 00:10:20 com_github_MitjaNemec_ReplicateLayout.replicate_layout 990:Src text UUid:a5803c3c-186e-40da-9549-6a79b6d8bf98
08-29 00:10:20 com_github_MitjaNemec_ReplicateLayout.replicate_layout 991:Dst text UUid:ff361af1-aff4-4d3a-8235-eb38828f1b6d
08-29 00:10:20 com_github_MitjaNemec_ReplicateLayout.replicate_layout 888:Replicating footprint: 'TP93'
08-29 00:10:20 com_github_MitjaNemec_ReplicateLayout.replicate_layout 835:Src fp.id: '15175B47-07CC-4462-B3C9-5D963B871DFB'
08-29 00:10:20 com_github_MitjaNemec_ReplicateLayout.replicate_layout 839:Dst fp.id: '15175B47-07CC-4462-B3C9-5D963B871DFB'
08-29 00:10:20 com_github_MitjaNemec_ReplicateLayout.replicate_layout 895:found match in dst footprint: 'TP31'
08-29 00:10:20 com_github_MitjaNemec_ReplicateLayout.replicate_layout 990:Src text UUid:a29c5f2c-5368-470c-bf7d-3eb524a9f5a4
08-29 00:10:20 com_github_MitjaNemec_ReplicateLayout.replicate_layout 991:Dst text UUid:fcf1399a-5eef-444b-b0b5-d859778b3a17
08-29 00:10:20 com_github_MitjaNemec_ReplicateLayout.replicate_layout 990:Src text UUid:b73aa0a7-756d-4772-a66b-825a940b4bb8
08-29 00:10:20 com_github_MitjaNemec_ReplicateLayout.replicate_layout 991:Dst text UUid:71aeb1ba-598b-4f96-bcc9-e565dbbb9d5b
08-29 00:10:20 com_github_MitjaNemec_ReplicateLayout.replicate_layout 990:Src text UUid:b2d41304-451a-4f90-ae28-d1d150d70de9
08-29 00:10:20 com_github_MitjaNemec_ReplicateLayout.replicate_layout 991:Dst text UUid:f14743dd-0f7a-4c16-8d64-7702f8a96973
08-29 00:10:20 com_github_MitjaNemec_ReplicateLayout.replicate_layout 888:Replicating footprint: 'Q1'
08-29 00:10:20 com_github_MitjaNemec_ReplicateLayout.replicate_layout 835:Src fp.id: '8D847CB5-E00B-428D-BD6B-968281E3857C'
08-29 00:10:20 com_github_MitjaNemec_ReplicateLayout.replicate_layout 839:Dst fp.id: '8D847CB5-E00B-428D-BD6B-968281E3857C'
08-29 00:10:20 com_github_MitjaNemec_ReplicateLayout.replicate_layout 895:found match in dst footprint: 'Q74'
08-29 00:10:20 com_github_MitjaNemec_ReplicateLayout.replicate_layout 990:Src text UUid:b1604cc1-d053-4d3e-980d-232d8676de39
08-29 00:10:20 com_github_MitjaNemec_ReplicateLayout.replicate_layout 991:Dst text UUid:998d04f1-e7e3-4ac7-ae40-526de5b938d3
08-29 00:10:20 com_github_MitjaNemec_ReplicateLayout.replicate_layout 990:Src text UUid:c0bb85bc-d328-41e7-bd97-31bf508a662b
08-29 00:10:20 com_github_MitjaNemec_ReplicateLayout.replicate_layout 991:Dst text UUid:48e27947-245a-4ce1-bec1-7a0062df414d
08-29 00:10:20 com_github_MitjaNemec_ReplicateLayout.replicate_layout 990:Src text UUid:5e6fa8e6-c520-4ff8-ad92-32b11758bae4
08-29 00:10:20 com_github_MitjaNemec_ReplicateLayout.replicate_layout 991:Dst text UUid:2e1d13bc-f014-4050-b325-44b747fd8f1f
08-29 00:10:20 com_github_MitjaNemec_ReplicateLayout.replicate_layout 870:Replicating footprints on sheet ['/SensorModule37/']
08-29 00:10:20 com_github_MitjaNemec_ReplicateLayout.replicate_layout 835:Src fp.id: '48CE2A11-6FA1-4816-8BEE-2E82038543FF'
08-29 00:10:20 com_github_MitjaNemec_ReplicateLayout.replicate_layout 839:Dst fp.id: '48CE2A11-6FA1-4816-8BEE-2E82038543FF'
08-29 00:10:20 com_github_MitjaNemec_ReplicateLayout.replicate_layout 888:Replicating footprint: 'Q2'
08-29 00:10:20 com_github_MitjaNemec_ReplicateLayout.replicate_layout 835:Src fp.id: 'D3B029CA-A78A-4AD0-B065-5E40F898A58E'
08-29 00:10:20 com_github_MitjaNemec_ReplicateLayout.replicate_layout 839:Dst fp.id: 'D3B029CA-A78A-4AD0-B065-5E40F898A58E'
08-29 00:10:20 com_github_MitjaNemec_ReplicateLayout.replicate_layout 895:found match in dst footprint: 'Q75'
08-29 00:10:20 com_github_MitjaNemec_ReplicateLayout.replicate_layout 990:Src text UUid:8132af40-9520-49cc-b94e-a768fdfb8d6a
08-29 00:10:20 com_github_MitjaNemec_ReplicateLayout.replicate_layout 991:Dst text UUid:e7ec7035-0c2c-4f07-b99a-f33510cb0f25
08-29 00:10:20 com_github_MitjaNemec_ReplicateLayout.replicate_layout 990:Src text UUid:bf1c4316-bb3a-49d4-9c30-09e2a468388a
08-29 00:10:20 com_github_MitjaNemec_ReplicateLayout.replicate_layout 991:Dst text UUid:6b53ef1e-2e10-4d70-a305-c40b3ad3993a
08-29 00:10:20 com_github_MitjaNemec_ReplicateLayout.replicate_layout 990:Src text UUid:78cf5bb7-f5b3-4597-8f69-50bf1c3f6479
08-29 00:10:20 com_github_MitjaNemec_ReplicateLayout.replicate_layout 991:Dst text UUid:5ea558e0-8e5c-4dea-a628-a8dcd13db742
08-29 00:10:20 com_github_MitjaNemec_ReplicateLayout.replicate_layout 888:Replicating footprint: 'C1'
08-29 00:10:20 com_github_MitjaNemec_ReplicateLayout.replicate_layout 835:Src fp.id: '48CE2A11-6FA1-4816-8BEE-2E82038543FF'
08-29 00:10:20 com_github_MitjaNemec_ReplicateLayout.replicate_layout 839:Dst fp.id: '48CE2A11-6FA1-4816-8BEE-2E82038543FF'
08-29 00:10:20 com_github_MitjaNemec_ReplicateLayout.replicate_layout 895:found match in dst footprint: 'C38'
08-29 00:10:20 com_github_MitjaNemec_ReplicateLayout.replicate_layout 990:Src text UUid:7ebf057b-ddf7-4527-92e9-d4d379b3431d
08-29 00:10:20 com_github_MitjaNemec_ReplicateLayout.replicate_layout 991:Dst text UUid:42d53949-1f67-40e2-b217-549cbe7c7bba
08-29 00:10:20 com_github_MitjaNemec_ReplicateLayout.replicate_layout 990:Src text UUid:e68fef10-595d-4034-b6ab-00179d33cd62
08-29 00:10:20 com_github_MitjaNemec_ReplicateLayout.replicate_layout 991:Dst text UUid:ac543039-03c8-4021-903a-f2415207fa6b
08-29 00:10:20 com_github_MitjaNemec_ReplicateLayout.replicate_layout 990:Src text UUid:c0a551a3-e5e8-4aa2-bad0-1dd864d71ba4
08-29 00:10:20 com_github_MitjaNemec_ReplicateLayout.replicate_layout 991:Dst text UUid:a13a1ffc-f9ad-45ad-9986-c64bb7346318
08-29 00:10:20 com_github_MitjaNemec_ReplicateLayout.replicate_layout 888:Replicating footprint: 'R1'
08-29 00:10:20 com_github_MitjaNemec_ReplicateLayout.replicate_layout 835:Src fp.id: 'E3A00D99-EE45-46E5-9182-7CB5902749B3'
08-29 00:10:20 com_github_MitjaNemec_ReplicateLayout.replicate_layout 839:Dst fp.id: 'E3A00D99-EE45-46E5-9182-7CB5902749B3'
08-29 00:10:20 com_github_MitjaNemec_ReplicateLayout.replicate_layout 895:found match in dst footprint: 'R38'
08-29 00:10:20 com_github_MitjaNemec_ReplicateLayout.replicate_layout 990:Src text UUid:ba093b77-2243-40ba-81f8-483bbf0185db
08-29 00:10:20 com_github_MitjaNemec_ReplicateLayout.replicate_layout 991:Dst text UUid:5f988afd-f2fb-424b-b449-3534c63e1459
08-29 00:10:20 com_github_MitjaNemec_ReplicateLayout.replicate_layout 990:Src text UUid:46ba2679-716b-4cb2-98d0-cdb6119821d1
08-29 00:10:20 com_github_MitjaNemec_ReplicateLayout.replicate_layout 991:Dst text UUid:5719783c-20f5-48c7-8f18-08f2dfc9f437
08-29 00:10:20 com_github_MitjaNemec_ReplicateLayout.replicate_layout 990:Src text UUid:a5803c3c-186e-40da-9549-6a79b6d8bf98
08-29 00:10:20 com_github_MitjaNemec_ReplicateLayout.replicate_layout 991:Dst text UUid:83153084-f7f2-4940-ba48-7e56abc7642e
08-29 00:10:20 com_github_MitjaNemec_ReplicateLayout.replicate_layout 888:Replicating footprint: 'TP93'
08-29 00:10:20 root 345:updating GUI with: 48
08-29 00:10:20 com_github_MitjaNemec_ReplicateLayout.replicate_layout 835:Src fp.id: '15175B47-07CC-4462-B3C9-5D963B871DFB'
08-29 00:10:20 com_github_MitjaNemec_ReplicateLayout.replicate_layout 839:Dst fp.id: '15175B47-07CC-4462-B3C9-5D963B871DFB'
08-29 00:10:20 com_github_MitjaNemec_ReplicateLayout.replicate_layout 895:found match in dst footprint: 'TP32'
08-29 00:10:20 com_github_MitjaNemec_ReplicateLayout.replicate_layout 990:Src text UUid:a29c5f2c-5368-470c-bf7d-3eb524a9f5a4
08-29 00:10:20 com_github_MitjaNemec_ReplicateLayout.replicate_layout 991:Dst text UUid:2397ca09-422a-4ac6-9e10-cfd70eeef67e
08-29 00:10:20 com_github_MitjaNemec_ReplicateLayout.replicate_layout 990:Src text UUid:b73aa0a7-756d-4772-a66b-825a940b4bb8
08-29 00:10:20 com_github_MitjaNemec_ReplicateLayout.replicate_layout 991:Dst text UUid:27dced4a-c26e-408b-bad3-f0a518bfd23d
08-29 00:10:20 com_github_MitjaNemec_ReplicateLayout.replicate_layout 990:Src text UUid:b2d41304-451a-4f90-ae28-d1d150d70de9
08-29 00:10:20 com_github_MitjaNemec_ReplicateLayout.replicate_layout 991:Dst text UUid:f07029d1-6edc-4445-8b9c-70d55d071de8
08-29 00:10:20 com_github_MitjaNemec_ReplicateLayout.replicate_layout 888:Replicating footprint: 'Q1'
08-29 00:10:20 com_github_MitjaNemec_ReplicateLayout.replicate_layout 835:Src fp.id: '8D847CB5-E00B-428D-BD6B-968281E3857C'
08-29 00:10:20 com_github_MitjaNemec_ReplicateLayout.replicate_layout 839:Dst fp.id: '8D847CB5-E00B-428D-BD6B-968281E3857C'
08-29 00:10:20 com_github_MitjaNemec_ReplicateLayout.replicate_layout 895:found match in dst footprint: 'Q76'
08-29 00:10:20 com_github_MitjaNemec_ReplicateLayout.replicate_layout 990:Src text UUid:b1604cc1-d053-4d3e-980d-232d8676de39
08-29 00:10:20 com_github_MitjaNemec_ReplicateLayout.replicate_layout 991:Dst text UUid:0c611ba3-bd4a-4d92-8739-eca4c9515c6e
08-29 00:10:20 com_github_MitjaNemec_ReplicateLayout.replicate_layout 990:Src text UUid:c0bb85bc-d328-41e7-bd97-31bf508a662b
08-29 00:10:20 com_github_MitjaNemec_ReplicateLayout.replicate_layout 991:Dst text UUid:6b5a9fa5-fe44-454c-8490-0058891f1cb3
08-29 00:10:20 com_github_MitjaNemec_ReplicateLayout.replicate_layout 990:Src text UUid:5e6fa8e6-c520-4ff8-ad92-32b11758bae4
08-29 00:10:20 com_github_MitjaNemec_ReplicateLayout.replicate_layout 991:Dst text UUid:6bdb03d6-a074-4245-b5f4-85d8f102c5fd
08-29 00:10:20 com_github_MitjaNemec_ReplicateLayout.replicate_layout 870:Replicating footprints on sheet ['/SensorModule38/']
08-29 00:10:20 com_github_MitjaNemec_ReplicateLayout.replicate_layout 835:Src fp.id: '48CE2A11-6FA1-4816-8BEE-2E82038543FF'
08-29 00:10:20 com_github_MitjaNemec_ReplicateLayout.replicate_layout 839:Dst fp.id: '48CE2A11-6FA1-4816-8BEE-2E82038543FF'
08-29 00:10:20 com_github_MitjaNemec_ReplicateLayout.replicate_layout 888:Replicating footprint: 'Q2'
08-29 00:10:20 com_github_MitjaNemec_ReplicateLayout.replicate_layout 835:Src fp.id: 'D3B029CA-A78A-4AD0-B065-5E40F898A58E'
08-29 00:10:20 com_github_MitjaNemec_ReplicateLayout.replicate_layout 839:Dst fp.id: 'D3B029CA-A78A-4AD0-B065-5E40F898A58E'
08-29 00:10:20 com_github_MitjaNemec_ReplicateLayout.replicate_layout 895:found match in dst footprint: 'Q77'
08-29 00:10:20 com_github_MitjaNemec_ReplicateLayout.replicate_layout 990:Src text UUid:8132af40-9520-49cc-b94e-a768fdfb8d6a
08-29 00:10:20 com_github_MitjaNemec_ReplicateLayout.replicate_layout 991:Dst text UUid:c2f72f09-ac21-4b42-a775-fd4697ccb04d
08-29 00:10:20 com_github_MitjaNemec_ReplicateLayout.replicate_layout 990:Src text UUid:bf1c4316-bb3a-49d4-9c30-09e2a468388a
08-29 00:10:20 com_github_MitjaNemec_ReplicateLayout.replicate_layout 991:Dst text UUid:4ece7264-5dc6-420c-96ae-ebfb3b5696b9
08-29 00:10:20 com_github_MitjaNemec_ReplicateLayout.replicate_layout 990:Src text UUid:78cf5bb7-f5b3-4597-8f69-50bf1c3f6479
08-29 00:10:20 com_github_MitjaNemec_ReplicateLayout.replicate_layout 991:Dst text UUid:3e66d5da-0765-42b3-b468-c047df5be1b4
08-29 00:10:20 com_github_MitjaNemec_ReplicateLayout.replicate_layout 888:Replicating footprint: 'C1'
08-29 00:10:20 com_github_MitjaNemec_ReplicateLayout.replicate_layout 835:Src fp.id: '48CE2A11-6FA1-4816-8BEE-2E82038543FF'
08-29 00:10:20 com_github_MitjaNemec_ReplicateLayout.replicate_layout 839:Dst fp.id: '48CE2A11-6FA1-4816-8BEE-2E82038543FF'
08-29 00:10:20 com_github_MitjaNemec_ReplicateLayout.replicate_layout 895:found match in dst footprint: 'C39'
08-29 00:10:20 com_github_MitjaNemec_ReplicateLayout.replicate_layout 990:Src text UUid:7ebf057b-ddf7-4527-92e9-d4d379b3431d
08-29 00:10:20 com_github_MitjaNemec_ReplicateLayout.replicate_layout 991:Dst text UUid:5d7d2863-1690-4389-be5c-6e2993ed9ce6
08-29 00:10:20 com_github_MitjaNemec_ReplicateLayout.replicate_layout 990:Src text UUid:e68fef10-595d-4034-b6ab-00179d33cd62
08-29 00:10:20 com_github_MitjaNemec_ReplicateLayout.replicate_layout 991:Dst text UUid:bbd045b2-1075-4b5e-bc40-bec73b9c2c25
08-29 00:10:20 com_github_MitjaNemec_ReplicateLayout.replicate_layout 990:Src text UUid:c0a551a3-e5e8-4aa2-bad0-1dd864d71ba4
08-29 00:10:20 com_github_MitjaNemec_ReplicateLayout.replicate_layout 991:Dst text UUid:777b8262-a325-4dbb-8f31-36f5cf31041b
08-29 00:10:20 com_github_MitjaNemec_ReplicateLayout.replicate_layout 888:Replicating footprint: 'R1'
08-29 00:10:20 com_github_MitjaNemec_ReplicateLayout.replicate_layout 835:Src fp.id: 'E3A00D99-EE45-46E5-9182-7CB5902749B3'
08-29 00:10:20 com_github_MitjaNemec_ReplicateLayout.replicate_layout 839:Dst fp.id: 'E3A00D99-EE45-46E5-9182-7CB5902749B3'
08-29 00:10:20 com_github_MitjaNemec_ReplicateLayout.replicate_layout 895:found match in dst footprint: 'R39'
08-29 00:10:20 com_github_MitjaNemec_ReplicateLayout.replicate_layout 990:Src text UUid:ba093b77-2243-40ba-81f8-483bbf0185db
08-29 00:10:20 com_github_MitjaNemec_ReplicateLayout.replicate_layout 991:Dst text UUid:3337da08-aa16-4bea-8619-b6b5367c8c8c
08-29 00:10:20 com_github_MitjaNemec_ReplicateLayout.replicate_layout 990:Src text UUid:46ba2679-716b-4cb2-98d0-cdb6119821d1
08-29 00:10:20 com_github_MitjaNemec_ReplicateLayout.replicate_layout 991:Dst text UUid:4e8d6a31-8a55-44a6-8a9a-d728f1931dcc
08-29 00:10:20 com_github_MitjaNemec_ReplicateLayout.replicate_layout 990:Src text UUid:a5803c3c-186e-40da-9549-6a79b6d8bf98
08-29 00:10:20 com_github_MitjaNemec_ReplicateLayout.replicate_layout 991:Dst text UUid:7bca66b9-c684-4bfc-b092-2f1513dfa3c7
08-29 00:10:20 com_github_MitjaNemec_ReplicateLayout.replicate_layout 888:Replicating footprint: 'TP93'
08-29 00:10:20 com_github_MitjaNemec_ReplicateLayout.replicate_layout 835:Src fp.id: '15175B47-07CC-4462-B3C9-5D963B871DFB'
08-29 00:10:20 com_github_MitjaNemec_ReplicateLayout.replicate_layout 839:Dst fp.id: '15175B47-07CC-4462-B3C9-5D963B871DFB'
08-29 00:10:20 com_github_MitjaNemec_ReplicateLayout.replicate_layout 895:found match in dst footprint: 'TP33'
08-29 00:10:20 com_github_MitjaNemec_ReplicateLayout.replicate_layout 990:Src text UUid:a29c5f2c-5368-470c-bf7d-3eb524a9f5a4
08-29 00:10:20 com_github_MitjaNemec_ReplicateLayout.replicate_layout 991:Dst text UUid:dc9cd267-c77b-4bba-ac70-972f91aa3516
08-29 00:10:20 com_github_MitjaNemec_ReplicateLayout.replicate_layout 990:Src text UUid:b73aa0a7-756d-4772-a66b-825a940b4bb8
08-29 00:10:20 com_github_MitjaNemec_ReplicateLayout.replicate_layout 991:Dst text UUid:3498b6bd-93e0-4998-b249-59a7b0eb90b2
08-29 00:10:20 com_github_MitjaNemec_ReplicateLayout.replicate_layout 990:Src text UUid:b2d41304-451a-4f90-ae28-d1d150d70de9
08-29 00:10:20 com_github_MitjaNemec_ReplicateLayout.replicate_layout 991:Dst text UUid:0dcb6c15-86ce-44d6-b718-a4599a41900c
08-29 00:10:20 com_github_MitjaNemec_ReplicateLayout.replicate_layout 888:Replicating footprint: 'Q1'
08-29 00:10:20 com_github_MitjaNemec_ReplicateLayout.replicate_layout 835:Src fp.id: '8D847CB5-E00B-428D-BD6B-968281E3857C'
08-29 00:10:20 com_github_MitjaNemec_ReplicateLayout.replicate_layout 839:Dst fp.id: '8D847CB5-E00B-428D-BD6B-968281E3857C'
08-29 00:10:20 com_github_MitjaNemec_ReplicateLayout.replicate_layout 895:found match in dst footprint: 'Q78'
08-29 00:10:20 com_github_MitjaNemec_ReplicateLayout.replicate_layout 990:Src text UUid:b1604cc1-d053-4d3e-980d-232d8676de39
08-29 00:10:20 com_github_MitjaNemec_ReplicateLayout.replicate_layout 991:Dst text UUid:29222d60-3ce3-4aff-81eb-6bbe36f75e77
08-29 00:10:20 com_github_MitjaNemec_ReplicateLayout.replicate_layout 990:Src text UUid:c0bb85bc-d328-41e7-bd97-31bf508a662b
08-29 00:10:20 com_github_MitjaNemec_ReplicateLayout.replicate_layout 991:Dst text UUid:19ed9227-0bdb-46b5-823a-77cd0c083724
08-29 00:10:20 com_github_MitjaNemec_ReplicateLayout.replicate_layout 990:Src text UUid:5e6fa8e6-c520-4ff8-ad92-32b11758bae4
08-29 00:10:20 com_github_MitjaNemec_ReplicateLayout.replicate_layout 991:Dst text UUid:cd8cb9d6-c2be-4c3f-9df4-0697fbd4416c
08-29 00:10:20 com_github_MitjaNemec_ReplicateLayout.replicate_layout 870:Replicating footprints on sheet ['/SensorModule39/']
08-29 00:10:20 com_github_MitjaNemec_ReplicateLayout.replicate_layout 835:Src fp.id: '48CE2A11-6FA1-4816-8BEE-2E82038543FF'
08-29 00:10:20 com_github_MitjaNemec_ReplicateLayout.replicate_layout 839:Dst fp.id: '48CE2A11-6FA1-4816-8BEE-2E82038543FF'
08-29 00:10:20 com_github_MitjaNemec_ReplicateLayout.replicate_layout 888:Replicating footprint: 'Q2'
08-29 00:10:20 com_github_MitjaNemec_ReplicateLayout.replicate_layout 835:Src fp.id: 'D3B029CA-A78A-4AD0-B065-5E40F898A58E'
08-29 00:10:20 com_github_MitjaNemec_ReplicateLayout.replicate_layout 839:Dst fp.id: 'D3B029CA-A78A-4AD0-B065-5E40F898A58E'
08-29 00:10:20 com_github_MitjaNemec_ReplicateLayout.replicate_layout 895:found match in dst footprint: 'Q79'
08-29 00:10:20 com_github_MitjaNemec_ReplicateLayout.replicate_layout 990:Src text UUid:8132af40-9520-49cc-b94e-a768fdfb8d6a
08-29 00:10:20 com_github_MitjaNemec_ReplicateLayout.replicate_layout 991:Dst text UUid:aa4c2115-1320-4e71-a940-488636f3798f
08-29 00:10:20 com_github_MitjaNemec_ReplicateLayout.replicate_layout 990:Src text UUid:bf1c4316-bb3a-49d4-9c30-09e2a468388a
08-29 00:10:20 com_github_MitjaNemec_ReplicateLayout.replicate_layout 991:Dst text UUid:927330aa-d37a-4666-ae29-81839d8ad7f5
08-29 00:10:20 com_github_MitjaNemec_ReplicateLayout.replicate_layout 990:Src text UUid:78cf5bb7-f5b3-4597-8f69-50bf1c3f6479
08-29 00:10:20 com_github_MitjaNemec_ReplicateLayout.replicate_layout 991:Dst text UUid:cca89ed7-e7a1-483e-ad2b-395e322798f5
08-29 00:10:20 com_github_MitjaNemec_ReplicateLayout.replicate_layout 888:Replicating footprint: 'C1'
08-29 00:10:20 com_github_MitjaNemec_ReplicateLayout.replicate_layout 835:Src fp.id: '48CE2A11-6FA1-4816-8BEE-2E82038543FF'
08-29 00:10:20 com_github_MitjaNemec_ReplicateLayout.replicate_layout 839:Dst fp.id: '48CE2A11-6FA1-4816-8BEE-2E82038543FF'
08-29 00:10:20 com_github_MitjaNemec_ReplicateLayout.replicate_layout 895:found match in dst footprint: 'C40'
08-29 00:10:20 com_github_MitjaNemec_ReplicateLayout.replicate_layout 990:Src text UUid:7ebf057b-ddf7-4527-92e9-d4d379b3431d
08-29 00:10:20 com_github_MitjaNemec_ReplicateLayout.replicate_layout 991:Dst text UUid:3e3b0e3d-76b9-4ec9-9a7b-a9b90ec8bef2
08-29 00:10:20 com_github_MitjaNemec_ReplicateLayout.replicate_layout 990:Src text UUid:e68fef10-595d-4034-b6ab-00179d33cd62
08-29 00:10:20 com_github_MitjaNemec_ReplicateLayout.replicate_layout 991:Dst text UUid:56882c69-15c9-4ccb-ab6b-1c8bf8078cbf
08-29 00:10:20 com_github_MitjaNemec_ReplicateLayout.replicate_layout 990:Src text UUid:c0a551a3-e5e8-4aa2-bad0-1dd864d71ba4
08-29 00:10:20 com_github_MitjaNemec_ReplicateLayout.replicate_layout 991:Dst text UUid:4996271f-4e33-47bc-8791-3e17553946c0
08-29 00:10:20 com_github_MitjaNemec_ReplicateLayout.replicate_layout 888:Replicating footprint: 'R1'
08-29 00:10:20 com_github_MitjaNemec_ReplicateLayout.replicate_layout 835:Src fp.id: 'E3A00D99-EE45-46E5-9182-7CB5902749B3'
08-29 00:10:20 com_github_MitjaNemec_ReplicateLayout.replicate_layout 839:Dst fp.id: 'E3A00D99-EE45-46E5-9182-7CB5902749B3'
08-29 00:10:20 com_github_MitjaNemec_ReplicateLayout.replicate_layout 895:found match in dst footprint: 'R40'
08-29 00:10:20 com_github_MitjaNemec_ReplicateLayout.replicate_layout 990:Src text UUid:ba093b77-2243-40ba-81f8-483bbf0185db
08-29 00:10:20 com_github_MitjaNemec_ReplicateLayout.replicate_layout 991:Dst text UUid:17b097a1-9912-4390-bf63-94472e3f25e7
08-29 00:10:20 com_github_MitjaNemec_ReplicateLayout.replicate_layout 990:Src text UUid:46ba2679-716b-4cb2-98d0-cdb6119821d1
08-29 00:10:20 com_github_MitjaNemec_ReplicateLayout.replicate_layout 991:Dst text UUid:e93c891f-22cf-4da9-a2e7-f8dc49dfac93
08-29 00:10:20 com_github_MitjaNemec_ReplicateLayout.replicate_layout 990:Src text UUid:a5803c3c-186e-40da-9549-6a79b6d8bf98
08-29 00:10:20 com_github_MitjaNemec_ReplicateLayout.replicate_layout 991:Dst text UUid:8f4f190d-3eba-412d-b955-c3f45663b1b2
08-29 00:10:20 com_github_MitjaNemec_ReplicateLayout.replicate_layout 888:Replicating footprint: 'TP93'
08-29 00:10:20 root 345:updating GUI with: 52
08-29 00:10:20 com_github_MitjaNemec_ReplicateLayout.replicate_layout 835:Src fp.id: '15175B47-07CC-4462-B3C9-5D963B871DFB'
08-29 00:10:20 com_github_MitjaNemec_ReplicateLayout.replicate_layout 839:Dst fp.id: '15175B47-07CC-4462-B3C9-5D963B871DFB'
08-29 00:10:20 com_github_MitjaNemec_ReplicateLayout.replicate_layout 895:found match in dst footprint: 'TP34'
08-29 00:10:20 com_github_MitjaNemec_ReplicateLayout.replicate_layout 990:Src text UUid:a29c5f2c-5368-470c-bf7d-3eb524a9f5a4
08-29 00:10:20 com_github_MitjaNemec_ReplicateLayout.replicate_layout 991:Dst text UUid:ef78b7e7-bb21-4572-96bd-04e16204d0e5
08-29 00:10:20 com_github_MitjaNemec_ReplicateLayout.replicate_layout 990:Src text UUid:b73aa0a7-756d-4772-a66b-825a940b4bb8
08-29 00:10:20 com_github_MitjaNemec_ReplicateLayout.replicate_layout 991:Dst text UUid:406bed39-357f-4119-a6cf-7e902be3821e
08-29 00:10:20 com_github_MitjaNemec_ReplicateLayout.replicate_layout 990:Src text UUid:b2d41304-451a-4f90-ae28-d1d150d70de9
08-29 00:10:20 com_github_MitjaNemec_ReplicateLayout.replicate_layout 991:Dst text UUid:e06a48f5-d8b2-4bc9-9751-58afa2568ebd
08-29 00:10:20 com_github_MitjaNemec_ReplicateLayout.replicate_layout 888:Replicating footprint: 'Q1'
08-29 00:10:20 com_github_MitjaNemec_ReplicateLayout.replicate_layout 835:Src fp.id: '8D847CB5-E00B-428D-BD6B-968281E3857C'
08-29 00:10:20 com_github_MitjaNemec_ReplicateLayout.replicate_layout 839:Dst fp.id: '8D847CB5-E00B-428D-BD6B-968281E3857C'
08-29 00:10:20 com_github_MitjaNemec_ReplicateLayout.replicate_layout 895:found match in dst footprint: 'Q80'
08-29 00:10:20 com_github_MitjaNemec_ReplicateLayout.replicate_layout 990:Src text UUid:b1604cc1-d053-4d3e-980d-232d8676de39
08-29 00:10:20 com_github_MitjaNemec_ReplicateLayout.replicate_layout 991:Dst text UUid:449d23bb-1c2e-4ea7-9686-b84cf053870e
08-29 00:10:20 com_github_MitjaNemec_ReplicateLayout.replicate_layout 990:Src text UUid:c0bb85bc-d328-41e7-bd97-31bf508a662b
08-29 00:10:20 com_github_MitjaNemec_ReplicateLayout.replicate_layout 991:Dst text UUid:7e2098ce-ef8d-4edd-91cb-60e1e925b126
08-29 00:10:20 com_github_MitjaNemec_ReplicateLayout.replicate_layout 990:Src text UUid:5e6fa8e6-c520-4ff8-ad92-32b11758bae4
08-29 00:10:20 com_github_MitjaNemec_ReplicateLayout.replicate_layout 991:Dst text UUid:97a5afda-fa3c-494a-8271-bfb5ab8ab2a4
08-29 00:10:20 com_github_MitjaNemec_ReplicateLayout.replicate_layout 870:Replicating footprints on sheet ['/SensorModule4/']
08-29 00:10:20 com_github_MitjaNemec_ReplicateLayout.replicate_layout 835:Src fp.id: '48CE2A11-6FA1-4816-8BEE-2E82038543FF'
08-29 00:10:20 com_github_MitjaNemec_ReplicateLayout.replicate_layout 839:Dst fp.id: '48CE2A11-6FA1-4816-8BEE-2E82038543FF'
08-29 00:10:20 com_github_MitjaNemec_ReplicateLayout.replicate_layout 888:Replicating footprint: 'Q2'
08-29 00:10:20 com_github_MitjaNemec_ReplicateLayout.replicate_layout 835:Src fp.id: 'D3B029CA-A78A-4AD0-B065-5E40F898A58E'
08-29 00:10:20 com_github_MitjaNemec_ReplicateLayout.replicate_layout 839:Dst fp.id: 'D3B029CA-A78A-4AD0-B065-5E40F898A58E'
08-29 00:10:20 com_github_MitjaNemec_ReplicateLayout.replicate_layout 895:found match in dst footprint: 'Q9'
08-29 00:10:20 com_github_MitjaNemec_ReplicateLayout.replicate_layout 990:Src text UUid:8132af40-9520-49cc-b94e-a768fdfb8d6a
08-29 00:10:20 com_github_MitjaNemec_ReplicateLayout.replicate_layout 991:Dst text UUid:08d7bc42-05be-46a8-ab99-8214146aa432
08-29 00:10:20 com_github_MitjaNemec_ReplicateLayout.replicate_layout 990:Src text UUid:bf1c4316-bb3a-49d4-9c30-09e2a468388a
08-29 00:10:20 com_github_MitjaNemec_ReplicateLayout.replicate_layout 991:Dst text UUid:67396a66-f372-459b-9e63-9f57d840bd06
08-29 00:10:20 com_github_MitjaNemec_ReplicateLayout.replicate_layout 990:Src text UUid:78cf5bb7-f5b3-4597-8f69-50bf1c3f6479
08-29 00:10:20 com_github_MitjaNemec_ReplicateLayout.replicate_layout 991:Dst text UUid:3bca5209-ef12-41c3-8f96-bd6bbc1465c9
08-29 00:10:20 com_github_MitjaNemec_ReplicateLayout.replicate_layout 888:Replicating footprint: 'C1'
08-29 00:10:20 com_github_MitjaNemec_ReplicateLayout.replicate_layout 835:Src fp.id: '48CE2A11-6FA1-4816-8BEE-2E82038543FF'
08-29 00:10:20 com_github_MitjaNemec_ReplicateLayout.replicate_layout 839:Dst fp.id: '48CE2A11-6FA1-4816-8BEE-2E82038543FF'
08-29 00:10:20 com_github_MitjaNemec_ReplicateLayout.replicate_layout 895:found match in dst footprint: 'C5'
08-29 00:10:20 com_github_MitjaNemec_ReplicateLayout.replicate_layout 990:Src text UUid:7ebf057b-ddf7-4527-92e9-d4d379b3431d
08-29 00:10:20 com_github_MitjaNemec_ReplicateLayout.replicate_layout 991:Dst text UUid:652c2d2e-52fb-4b55-8522-d35d8f0c2e63
08-29 00:10:20 com_github_MitjaNemec_ReplicateLayout.replicate_layout 990:Src text UUid:e68fef10-595d-4034-b6ab-00179d33cd62
08-29 00:10:20 com_github_MitjaNemec_ReplicateLayout.replicate_layout 991:Dst text UUid:d62c2aa7-f424-4332-bbe8-04a5999049e8
08-29 00:10:20 com_github_MitjaNemec_ReplicateLayout.replicate_layout 990:Src text UUid:c0a551a3-e5e8-4aa2-bad0-1dd864d71ba4
08-29 00:10:20 com_github_MitjaNemec_ReplicateLayout.replicate_layout 991:Dst text UUid:71dd68c2-e6c6-4f5b-98e0-5ba84fd39b30
08-29 00:10:20 com_github_MitjaNemec_ReplicateLayout.replicate_layout 888:Replicating footprint: 'R1'
08-29 00:10:20 com_github_MitjaNemec_ReplicateLayout.replicate_layout 835:Src fp.id: 'E3A00D99-EE45-46E5-9182-7CB5902749B3'
08-29 00:10:20 com_github_MitjaNemec_ReplicateLayout.replicate_layout 839:Dst fp.id: 'E3A00D99-EE45-46E5-9182-7CB5902749B3'
08-29 00:10:20 com_github_MitjaNemec_ReplicateLayout.replicate_layout 895:found match in dst footprint: 'R5'
08-29 00:10:20 com_github_MitjaNemec_ReplicateLayout.replicate_layout 990:Src text UUid:ba093b77-2243-40ba-81f8-483bbf0185db
08-29 00:10:20 com_github_MitjaNemec_ReplicateLayout.replicate_layout 991:Dst text UUid:b001dc92-cad4-4dc0-95a4-2b8811271d5f
08-29 00:10:20 com_github_MitjaNemec_ReplicateLayout.replicate_layout 990:Src text UUid:46ba2679-716b-4cb2-98d0-cdb6119821d1
08-29 00:10:20 com_github_MitjaNemec_ReplicateLayout.replicate_layout 991:Dst text UUid:cbe93b56-dd93-45de-9b93-03eb7df873b9
08-29 00:10:20 com_github_MitjaNemec_ReplicateLayout.replicate_layout 990:Src text UUid:a5803c3c-186e-40da-9549-6a79b6d8bf98
08-29 00:10:20 com_github_MitjaNemec_ReplicateLayout.replicate_layout 991:Dst text UUid:2611c58b-9bc9-4766-9048-ddd18e435844
08-29 00:10:20 com_github_MitjaNemec_ReplicateLayout.replicate_layout 888:Replicating footprint: 'TP93'
08-29 00:10:20 com_github_MitjaNemec_ReplicateLayout.replicate_layout 835:Src fp.id: '15175B47-07CC-4462-B3C9-5D963B871DFB'
08-29 00:10:20 com_github_MitjaNemec_ReplicateLayout.replicate_layout 839:Dst fp.id: '15175B47-07CC-4462-B3C9-5D963B871DFB'
08-29 00:10:20 com_github_MitjaNemec_ReplicateLayout.replicate_layout 895:found match in dst footprint: 'TP97'
08-29 00:10:20 com_github_MitjaNemec_ReplicateLayout.replicate_layout 990:Src text UUid:a29c5f2c-5368-470c-bf7d-3eb524a9f5a4
08-29 00:10:20 com_github_MitjaNemec_ReplicateLayout.replicate_layout 991:Dst text UUid:fee5bef0-64ec-4dcb-8313-6bab18db96ce
08-29 00:10:20 com_github_MitjaNemec_ReplicateLayout.replicate_layout 990:Src text UUid:b73aa0a7-756d-4772-a66b-825a940b4bb8
08-29 00:10:20 com_github_MitjaNemec_ReplicateLayout.replicate_layout 991:Dst text UUid:422fd30d-ca00-4770-956d-a2e3f0badd58
08-29 00:10:20 com_github_MitjaNemec_ReplicateLayout.replicate_layout 990:Src text UUid:b2d41304-451a-4f90-ae28-d1d150d70de9
08-29 00:10:20 com_github_MitjaNemec_ReplicateLayout.replicate_layout 991:Dst text UUid:499c7936-004e-499f-894e-dbdb3bcf8118
08-29 00:10:20 com_github_MitjaNemec_ReplicateLayout.replicate_layout 888:Replicating footprint: 'Q1'
08-29 00:10:20 com_github_MitjaNemec_ReplicateLayout.replicate_layout 835:Src fp.id: '8D847CB5-E00B-428D-BD6B-968281E3857C'
08-29 00:10:20 com_github_MitjaNemec_ReplicateLayout.replicate_layout 839:Dst fp.id: '8D847CB5-E00B-428D-BD6B-968281E3857C'
08-29 00:10:20 com_github_MitjaNemec_ReplicateLayout.replicate_layout 895:found match in dst footprint: 'Q10'
08-29 00:10:20 com_github_MitjaNemec_ReplicateLayout.replicate_layout 990:Src text UUid:b1604cc1-d053-4d3e-980d-232d8676de39
08-29 00:10:20 com_github_MitjaNemec_ReplicateLayout.replicate_layout 991:Dst text UUid:db17e9a6-acc0-4a29-b3f9-94564e233659
08-29 00:10:20 com_github_MitjaNemec_ReplicateLayout.replicate_layout 990:Src text UUid:c0bb85bc-d328-41e7-bd97-31bf508a662b
08-29 00:10:20 com_github_MitjaNemec_ReplicateLayout.replicate_layout 991:Dst text UUid:a740cf21-085d-4e4b-8242-0af530a4b98f
08-29 00:10:20 com_github_MitjaNemec_ReplicateLayout.replicate_layout 990:Src text UUid:5e6fa8e6-c520-4ff8-ad92-32b11758bae4
08-29 00:10:20 com_github_MitjaNemec_ReplicateLayout.replicate_layout 991:Dst text UUid:4882a686-5fb6-498d-aa3e-1afc279db579
08-29 00:10:20 com_github_MitjaNemec_ReplicateLayout.replicate_layout 870:Replicating footprints on sheet ['/SensorModule40/']
08-29 00:10:20 com_github_MitjaNemec_ReplicateLayout.replicate_layout 835:Src fp.id: '48CE2A11-6FA1-4816-8BEE-2E82038543FF'
08-29 00:10:20 com_github_MitjaNemec_ReplicateLayout.replicate_layout 839:Dst fp.id: '48CE2A11-6FA1-4816-8BEE-2E82038543FF'
08-29 00:10:20 com_github_MitjaNemec_ReplicateLayout.replicate_layout 888:Replicating footprint: 'Q2'
08-29 00:10:20 com_github_MitjaNemec_ReplicateLayout.replicate_layout 835:Src fp.id: 'D3B029CA-A78A-4AD0-B065-5E40F898A58E'
08-29 00:10:20 com_github_MitjaNemec_ReplicateLayout.replicate_layout 839:Dst fp.id: 'D3B029CA-A78A-4AD0-B065-5E40F898A58E'
08-29 00:10:20 com_github_MitjaNemec_ReplicateLayout.replicate_layout 895:found match in dst footprint: 'Q81'
08-29 00:10:20 com_github_MitjaNemec_ReplicateLayout.replicate_layout 990:Src text UUid:8132af40-9520-49cc-b94e-a768fdfb8d6a
08-29 00:10:20 com_github_MitjaNemec_ReplicateLayout.replicate_layout 991:Dst text UUid:7f2ab10b-44a3-4039-b159-97f770974736
08-29 00:10:20 com_github_MitjaNemec_ReplicateLayout.replicate_layout 990:Src text UUid:bf1c4316-bb3a-49d4-9c30-09e2a468388a
08-29 00:10:20 com_github_MitjaNemec_ReplicateLayout.replicate_layout 991:Dst text UUid:2dcbc9b0-d15e-4da8-97cf-6732f227da2e
08-29 00:10:20 com_github_MitjaNemec_ReplicateLayout.replicate_layout 990:Src text UUid:78cf5bb7-f5b3-4597-8f69-50bf1c3f6479
08-29 00:10:20 com_github_MitjaNemec_ReplicateLayout.replicate_layout 991:Dst text UUid:dcb6cc0f-e03a-4cbe-bcd8-32794114d130
08-29 00:10:20 com_github_MitjaNemec_ReplicateLayout.replicate_layout 888:Replicating footprint: 'C1'
08-29 00:10:20 com_github_MitjaNemec_ReplicateLayout.replicate_layout 835:Src fp.id: '48CE2A11-6FA1-4816-8BEE-2E82038543FF'
08-29 00:10:20 com_github_MitjaNemec_ReplicateLayout.replicate_layout 839:Dst fp.id: '48CE2A11-6FA1-4816-8BEE-2E82038543FF'
08-29 00:10:20 com_github_MitjaNemec_ReplicateLayout.replicate_layout 895:found match in dst footprint: 'C41'
08-29 00:10:20 com_github_MitjaNemec_ReplicateLayout.replicate_layout 990:Src text UUid:7ebf057b-ddf7-4527-92e9-d4d379b3431d
08-29 00:10:20 com_github_MitjaNemec_ReplicateLayout.replicate_layout 991:Dst text UUid:9bea63c9-b519-42de-acb2-66a439d7fef6
08-29 00:10:20 com_github_MitjaNemec_ReplicateLayout.replicate_layout 990:Src text UUid:e68fef10-595d-4034-b6ab-00179d33cd62
08-29 00:10:20 com_github_MitjaNemec_ReplicateLayout.replicate_layout 991:Dst text UUid:13cd9f5e-8a3d-4497-bd12-391de4fbff38
08-29 00:10:20 com_github_MitjaNemec_ReplicateLayout.replicate_layout 990:Src text UUid:c0a551a3-e5e8-4aa2-bad0-1dd864d71ba4
08-29 00:10:20 com_github_MitjaNemec_ReplicateLayout.replicate_layout 991:Dst text UUid:a51c11c8-890d-456b-8bc1-a685796c908e
08-29 00:10:20 com_github_MitjaNemec_ReplicateLayout.replicate_layout 888:Replicating footprint: 'R1'
08-29 00:10:20 com_github_MitjaNemec_ReplicateLayout.replicate_layout 835:Src fp.id: 'E3A00D99-EE45-46E5-9182-7CB5902749B3'
08-29 00:10:20 com_github_MitjaNemec_ReplicateLayout.replicate_layout 839:Dst fp.id: 'E3A00D99-EE45-46E5-9182-7CB5902749B3'
08-29 00:10:20 com_github_MitjaNemec_ReplicateLayout.replicate_layout 895:found match in dst footprint: 'R41'
08-29 00:10:20 com_github_MitjaNemec_ReplicateLayout.replicate_layout 990:Src text UUid:ba093b77-2243-40ba-81f8-483bbf0185db
08-29 00:10:20 com_github_MitjaNemec_ReplicateLayout.replicate_layout 991:Dst text UUid:23b9e035-7424-4616-b5e2-1bf5b833f3ee
08-29 00:10:20 com_github_MitjaNemec_ReplicateLayout.replicate_layout 990:Src text UUid:46ba2679-716b-4cb2-98d0-cdb6119821d1
08-29 00:10:20 com_github_MitjaNemec_ReplicateLayout.replicate_layout 991:Dst text UUid:f6fd3ee9-c949-4331-89cb-98441721656a
08-29 00:10:20 com_github_MitjaNemec_ReplicateLayout.replicate_layout 990:Src text UUid:a5803c3c-186e-40da-9549-6a79b6d8bf98
08-29 00:10:20 com_github_MitjaNemec_ReplicateLayout.replicate_layout 991:Dst text UUid:ef98878d-240a-41ae-b142-d497e8991725
08-29 00:10:20 com_github_MitjaNemec_ReplicateLayout.replicate_layout 888:Replicating footprint: 'TP93'
08-29 00:10:20 com_github_MitjaNemec_ReplicateLayout.replicate_layout 835:Src fp.id: '15175B47-07CC-4462-B3C9-5D963B871DFB'
08-29 00:10:20 com_github_MitjaNemec_ReplicateLayout.replicate_layout 839:Dst fp.id: '15175B47-07CC-4462-B3C9-5D963B871DFB'
08-29 00:10:20 com_github_MitjaNemec_ReplicateLayout.replicate_layout 895:found match in dst footprint: 'TP35'
08-29 00:10:20 com_github_MitjaNemec_ReplicateLayout.replicate_layout 990:Src text UUid:a29c5f2c-5368-470c-bf7d-3eb524a9f5a4
08-29 00:10:20 com_github_MitjaNemec_ReplicateLayout.replicate_layout 991:Dst text UUid:b654d610-d5c0-49ba-adeb-cac2032cd69c
08-29 00:10:20 com_github_MitjaNemec_ReplicateLayout.replicate_layout 990:Src text UUid:b73aa0a7-756d-4772-a66b-825a940b4bb8
08-29 00:10:20 com_github_MitjaNemec_ReplicateLayout.replicate_layout 991:Dst text UUid:319655cc-c81c-4720-b51e-fe2ba6de7161
08-29 00:10:20 com_github_MitjaNemec_ReplicateLayout.replicate_layout 990:Src text UUid:b2d41304-451a-4f90-ae28-d1d150d70de9
08-29 00:10:20 com_github_MitjaNemec_ReplicateLayout.replicate_layout 991:Dst text UUid:ebf8472a-e459-406b-a9de-a4a0d8a94d28
08-29 00:10:20 com_github_MitjaNemec_ReplicateLayout.replicate_layout 888:Replicating footprint: 'Q1'
08-29 00:10:20 root 345:updating GUI with: 55
08-29 00:10:20 com_github_MitjaNemec_ReplicateLayout.replicate_layout 835:Src fp.id: '8D847CB5-E00B-428D-BD6B-968281E3857C'
08-29 00:10:20 com_github_MitjaNemec_ReplicateLayout.replicate_layout 839:Dst fp.id: '8D847CB5-E00B-428D-BD6B-968281E3857C'
08-29 00:10:20 com_github_MitjaNemec_ReplicateLayout.replicate_layout 895:found match in dst footprint: 'Q82'
08-29 00:10:20 com_github_MitjaNemec_ReplicateLayout.replicate_layout 990:Src text UUid:b1604cc1-d053-4d3e-980d-232d8676de39
08-29 00:10:20 com_github_MitjaNemec_ReplicateLayout.replicate_layout 991:Dst text UUid:81e6c90b-1070-44a7-84ac-2e8295432258
08-29 00:10:20 com_github_MitjaNemec_ReplicateLayout.replicate_layout 990:Src text UUid:c0bb85bc-d328-41e7-bd97-31bf508a662b
08-29 00:10:20 com_github_MitjaNemec_ReplicateLayout.replicate_layout 991:Dst text UUid:a4b38be2-e58c-4e02-ac8c-8bd149a16d27
08-29 00:10:20 com_github_MitjaNemec_ReplicateLayout.replicate_layout 990:Src text UUid:5e6fa8e6-c520-4ff8-ad92-32b11758bae4
08-29 00:10:20 com_github_MitjaNemec_ReplicateLayout.replicate_layout 991:Dst text UUid:b5ecd85e-4f00-4f2a-9f94-199571ac6f45
08-29 00:10:20 com_github_MitjaNemec_ReplicateLayout.replicate_layout 870:Replicating footprints on sheet ['/SensorModule41/']
08-29 00:10:20 com_github_MitjaNemec_ReplicateLayout.replicate_layout 835:Src fp.id: '48CE2A11-6FA1-4816-8BEE-2E82038543FF'
08-29 00:10:20 com_github_MitjaNemec_ReplicateLayout.replicate_layout 839:Dst fp.id: '48CE2A11-6FA1-4816-8BEE-2E82038543FF'
08-29 00:10:20 com_github_MitjaNemec_ReplicateLayout.replicate_layout 888:Replicating footprint: 'Q2'
08-29 00:10:20 com_github_MitjaNemec_ReplicateLayout.replicate_layout 835:Src fp.id: 'D3B029CA-A78A-4AD0-B065-5E40F898A58E'
08-29 00:10:20 com_github_MitjaNemec_ReplicateLayout.replicate_layout 839:Dst fp.id: 'D3B029CA-A78A-4AD0-B065-5E40F898A58E'
08-29 00:10:20 com_github_MitjaNemec_ReplicateLayout.replicate_layout 895:found match in dst footprint: 'Q83'
08-29 00:10:20 com_github_MitjaNemec_ReplicateLayout.replicate_layout 990:Src text UUid:8132af40-9520-49cc-b94e-a768fdfb8d6a
08-29 00:10:20 com_github_MitjaNemec_ReplicateLayout.replicate_layout 991:Dst text UUid:7ea41eb3-1f46-4b97-bc63-ec88a983ddae
08-29 00:10:20 com_github_MitjaNemec_ReplicateLayout.replicate_layout 990:Src text UUid:bf1c4316-bb3a-49d4-9c30-09e2a468388a
08-29 00:10:20 com_github_MitjaNemec_ReplicateLayout.replicate_layout 991:Dst text UUid:04497fa7-4b2f-43e7-8f33-16e618fe6a5f
08-29 00:10:20 com_github_MitjaNemec_ReplicateLayout.replicate_layout 990:Src text UUid:78cf5bb7-f5b3-4597-8f69-50bf1c3f6479
08-29 00:10:20 com_github_MitjaNemec_ReplicateLayout.replicate_layout 991:Dst text UUid:4bfb82af-5209-4f90-96b9-1158f613890e
08-29 00:10:20 com_github_MitjaNemec_ReplicateLayout.replicate_layout 888:Replicating footprint: 'C1'
08-29 00:10:20 com_github_MitjaNemec_ReplicateLayout.replicate_layout 835:Src fp.id: '48CE2A11-6FA1-4816-8BEE-2E82038543FF'
08-29 00:10:20 com_github_MitjaNemec_ReplicateLayout.replicate_layout 839:Dst fp.id: '48CE2A11-6FA1-4816-8BEE-2E82038543FF'
08-29 00:10:20 com_github_MitjaNemec_ReplicateLayout.replicate_layout 895:found match in dst footprint: 'C42'
08-29 00:10:20 com_github_MitjaNemec_ReplicateLayout.replicate_layout 990:Src text UUid:7ebf057b-ddf7-4527-92e9-d4d379b3431d
08-29 00:10:20 com_github_MitjaNemec_ReplicateLayout.replicate_layout 991:Dst text UUid:551e3f0c-3f17-4d44-91b4-454489b0ae36
08-29 00:10:20 com_github_MitjaNemec_ReplicateLayout.replicate_layout 990:Src text UUid:e68fef10-595d-4034-b6ab-00179d33cd62
08-29 00:10:20 com_github_MitjaNemec_ReplicateLayout.replicate_layout 991:Dst text UUid:ea03e474-b3a2-41de-b9aa-e1bc0367c1c1
08-29 00:10:20 com_github_MitjaNemec_ReplicateLayout.replicate_layout 990:Src text UUid:c0a551a3-e5e8-4aa2-bad0-1dd864d71ba4
08-29 00:10:20 com_github_MitjaNemec_ReplicateLayout.replicate_layout 991:Dst text UUid:d2a93a43-8bc6-4be4-9741-86e83a581a85
08-29 00:10:20 com_github_MitjaNemec_ReplicateLayout.replicate_layout 888:Replicating footprint: 'R1'
08-29 00:10:20 com_github_MitjaNemec_ReplicateLayout.replicate_layout 835:Src fp.id: 'E3A00D99-EE45-46E5-9182-7CB5902749B3'
08-29 00:10:20 com_github_MitjaNemec_ReplicateLayout.replicate_layout 839:Dst fp.id: 'E3A00D99-EE45-46E5-9182-7CB5902749B3'
08-29 00:10:20 com_github_MitjaNemec_ReplicateLayout.replicate_layout 895:found match in dst footprint: 'R42'
08-29 00:10:20 com_github_MitjaNemec_ReplicateLayout.replicate_layout 990:Src text UUid:ba093b77-2243-40ba-81f8-483bbf0185db
08-29 00:10:20 com_github_MitjaNemec_ReplicateLayout.replicate_layout 991:Dst text UUid:762656aa-702b-4405-b6e5-fb316fb841af
08-29 00:10:20 com_github_MitjaNemec_ReplicateLayout.replicate_layout 990:Src text UUid:46ba2679-716b-4cb2-98d0-cdb6119821d1
08-29 00:10:20 com_github_MitjaNemec_ReplicateLayout.replicate_layout 991:Dst text UUid:e12ec9d0-378a-4382-ae62-709c13fe279e
08-29 00:10:20 com_github_MitjaNemec_ReplicateLayout.replicate_layout 990:Src text UUid:a5803c3c-186e-40da-9549-6a79b6d8bf98
08-29 00:10:20 com_github_MitjaNemec_ReplicateLayout.replicate_layout 991:Dst text UUid:528ecc43-416b-4f5c-93d9-43eab678b002
08-29 00:10:20 com_github_MitjaNemec_ReplicateLayout.replicate_layout 888:Replicating footprint: 'TP93'
08-29 00:10:20 com_github_MitjaNemec_ReplicateLayout.replicate_layout 835:Src fp.id: '15175B47-07CC-4462-B3C9-5D963B871DFB'
08-29 00:10:20 com_github_MitjaNemec_ReplicateLayout.replicate_layout 839:Dst fp.id: '15175B47-07CC-4462-B3C9-5D963B871DFB'
08-29 00:10:20 com_github_MitjaNemec_ReplicateLayout.replicate_layout 895:found match in dst footprint: 'TP36'
08-29 00:10:20 com_github_MitjaNemec_ReplicateLayout.replicate_layout 990:Src text UUid:a29c5f2c-5368-470c-bf7d-3eb524a9f5a4
08-29 00:10:20 com_github_MitjaNemec_ReplicateLayout.replicate_layout 991:Dst text UUid:83d9587b-2c32-4e25-b6c6-45374908f078
08-29 00:10:20 com_github_MitjaNemec_ReplicateLayout.replicate_layout 990:Src text UUid:b73aa0a7-756d-4772-a66b-825a940b4bb8
08-29 00:10:20 com_github_MitjaNemec_ReplicateLayout.replicate_layout 991:Dst text UUid:1c4ad1bb-d8be-4ab8-87b5-dc2889673eb8
08-29 00:10:20 com_github_MitjaNemec_ReplicateLayout.replicate_layout 990:Src text UUid:b2d41304-451a-4f90-ae28-d1d150d70de9
08-29 00:10:20 com_github_MitjaNemec_ReplicateLayout.replicate_layout 991:Dst text UUid:1986e819-fc3e-47c1-a30c-c8a2f3610806
08-29 00:10:20 com_github_MitjaNemec_ReplicateLayout.replicate_layout 888:Replicating footprint: 'Q1'
08-29 00:10:20 com_github_MitjaNemec_ReplicateLayout.replicate_layout 835:Src fp.id: '8D847CB5-E00B-428D-BD6B-968281E3857C'
08-29 00:10:20 com_github_MitjaNemec_ReplicateLayout.replicate_layout 839:Dst fp.id: '8D847CB5-E00B-428D-BD6B-968281E3857C'
08-29 00:10:20 com_github_MitjaNemec_ReplicateLayout.replicate_layout 895:found match in dst footprint: 'Q84'
08-29 00:10:20 com_github_MitjaNemec_ReplicateLayout.replicate_layout 990:Src text UUid:b1604cc1-d053-4d3e-980d-232d8676de39
08-29 00:10:20 com_github_MitjaNemec_ReplicateLayout.replicate_layout 991:Dst text UUid:6592278d-de7e-425d-bc54-76d1c5711ccf
08-29 00:10:20 com_github_MitjaNemec_ReplicateLayout.replicate_layout 990:Src text UUid:c0bb85bc-d328-41e7-bd97-31bf508a662b
08-29 00:10:20 com_github_MitjaNemec_ReplicateLayout.replicate_layout 991:Dst text UUid:3a5ff7e0-f1e2-4cb5-9621-9d8306285af7
08-29 00:10:20 com_github_MitjaNemec_ReplicateLayout.replicate_layout 990:Src text UUid:5e6fa8e6-c520-4ff8-ad92-32b11758bae4
08-29 00:10:20 com_github_MitjaNemec_ReplicateLayout.replicate_layout 991:Dst text UUid:9e2fefed-ae09-4130-b514-16b895f2544c
08-29 00:10:20 com_github_MitjaNemec_ReplicateLayout.replicate_layout 870:Replicating footprints on sheet ['/SensorModule42/']
08-29 00:10:20 com_github_MitjaNemec_ReplicateLayout.replicate_layout 835:Src fp.id: '48CE2A11-6FA1-4816-8BEE-2E82038543FF'
08-29 00:10:20 com_github_MitjaNemec_ReplicateLayout.replicate_layout 839:Dst fp.id: '48CE2A11-6FA1-4816-8BEE-2E82038543FF'
08-29 00:10:20 com_github_MitjaNemec_ReplicateLayout.replicate_layout 888:Replicating footprint: 'Q2'
08-29 00:10:20 com_github_MitjaNemec_ReplicateLayout.replicate_layout 835:Src fp.id: 'D3B029CA-A78A-4AD0-B065-5E40F898A58E'
08-29 00:10:20 com_github_MitjaNemec_ReplicateLayout.replicate_layout 839:Dst fp.id: 'D3B029CA-A78A-4AD0-B065-5E40F898A58E'
08-29 00:10:20 com_github_MitjaNemec_ReplicateLayout.replicate_layout 895:found match in dst footprint: 'Q85'
08-29 00:10:20 com_github_MitjaNemec_ReplicateLayout.replicate_layout 990:Src text UUid:8132af40-9520-49cc-b94e-a768fdfb8d6a
08-29 00:10:20 com_github_MitjaNemec_ReplicateLayout.replicate_layout 991:Dst text UUid:25a5111a-bacd-4063-b27f-6389df8d42cf
08-29 00:10:20 com_github_MitjaNemec_ReplicateLayout.replicate_layout 990:Src text UUid:bf1c4316-bb3a-49d4-9c30-09e2a468388a
08-29 00:10:20 com_github_MitjaNemec_ReplicateLayout.replicate_layout 991:Dst text UUid:db8b3181-cfcc-4e34-838d-3e9214f3fd18
08-29 00:10:20 com_github_MitjaNemec_ReplicateLayout.replicate_layout 990:Src text UUid:78cf5bb7-f5b3-4597-8f69-50bf1c3f6479
08-29 00:10:20 com_github_MitjaNemec_ReplicateLayout.replicate_layout 991:Dst text UUid:d69d5b8a-dfa9-4d8e-a168-de63267a9e27
08-29 00:10:20 com_github_MitjaNemec_ReplicateLayout.replicate_layout 888:Replicating footprint: 'C1'
08-29 00:10:20 com_github_MitjaNemec_ReplicateLayout.replicate_layout 835:Src fp.id: '48CE2A11-6FA1-4816-8BEE-2E82038543FF'
08-29 00:10:20 com_github_MitjaNemec_ReplicateLayout.replicate_layout 839:Dst fp.id: '48CE2A11-6FA1-4816-8BEE-2E82038543FF'
08-29 00:10:20 com_github_MitjaNemec_ReplicateLayout.replicate_layout 895:found match in dst footprint: 'C43'
08-29 00:10:20 com_github_MitjaNemec_ReplicateLayout.replicate_layout 990:Src text UUid:7ebf057b-ddf7-4527-92e9-d4d379b3431d
08-29 00:10:20 com_github_MitjaNemec_ReplicateLayout.replicate_layout 991:Dst text UUid:f279bacf-2e6c-47d8-b8a4-49967926d74a
08-29 00:10:20 com_github_MitjaNemec_ReplicateLayout.replicate_layout 990:Src text UUid:e68fef10-595d-4034-b6ab-00179d33cd62
08-29 00:10:20 com_github_MitjaNemec_ReplicateLayout.replicate_layout 991:Dst text UUid:cd59d9b2-055e-499e-a26b-98f332c959fb
08-29 00:10:20 com_github_MitjaNemec_ReplicateLayout.replicate_layout 990:Src text UUid:c0a551a3-e5e8-4aa2-bad0-1dd864d71ba4
08-29 00:10:20 com_github_MitjaNemec_ReplicateLayout.replicate_layout 991:Dst text UUid:9f77a5d4-3d39-4f75-8ad0-117a156cf214
08-29 00:10:20 com_github_MitjaNemec_ReplicateLayout.replicate_layout 888:Replicating footprint: 'R1'
08-29 00:10:20 root 345:updating GUI with: 58
08-29 00:10:20 com_github_MitjaNemec_ReplicateLayout.replicate_layout 835:Src fp.id: 'E3A00D99-EE45-46E5-9182-7CB5902749B3'
08-29 00:10:20 com_github_MitjaNemec_ReplicateLayout.replicate_layout 839:Dst fp.id: 'E3A00D99-EE45-46E5-9182-7CB5902749B3'
08-29 00:10:20 com_github_MitjaNemec_ReplicateLayout.replicate_layout 895:found match in dst footprint: 'R43'
08-29 00:10:20 com_github_MitjaNemec_ReplicateLayout.replicate_layout 990:Src text UUid:ba093b77-2243-40ba-81f8-483bbf0185db
08-29 00:10:20 com_github_MitjaNemec_ReplicateLayout.replicate_layout 991:Dst text UUid:be1a3627-0468-42d1-afda-2571037458cf
08-29 00:10:20 com_github_MitjaNemec_ReplicateLayout.replicate_layout 990:Src text UUid:46ba2679-716b-4cb2-98d0-cdb6119821d1
08-29 00:10:20 com_github_MitjaNemec_ReplicateLayout.replicate_layout 991:Dst text UUid:b3ffe65f-c009-4d38-9e87-238af6a443d8
08-29 00:10:20 com_github_MitjaNemec_ReplicateLayout.replicate_layout 990:Src text UUid:a5803c3c-186e-40da-9549-6a79b6d8bf98
08-29 00:10:20 com_github_MitjaNemec_ReplicateLayout.replicate_layout 991:Dst text UUid:5f2f5e76-a7f7-4809-9f0a-c5b8da4f8df1
08-29 00:10:20 com_github_MitjaNemec_ReplicateLayout.replicate_layout 888:Replicating footprint: 'TP93'
08-29 00:10:20 com_github_MitjaNemec_ReplicateLayout.replicate_layout 835:Src fp.id: '15175B47-07CC-4462-B3C9-5D963B871DFB'
08-29 00:10:20 com_github_MitjaNemec_ReplicateLayout.replicate_layout 839:Dst fp.id: '15175B47-07CC-4462-B3C9-5D963B871DFB'
08-29 00:10:20 com_github_MitjaNemec_ReplicateLayout.replicate_layout 895:found match in dst footprint: 'TP37'
08-29 00:10:20 com_github_MitjaNemec_ReplicateLayout.replicate_layout 990:Src text UUid:a29c5f2c-5368-470c-bf7d-3eb524a9f5a4
08-29 00:10:20 com_github_MitjaNemec_ReplicateLayout.replicate_layout 991:Dst text UUid:a1a1e067-dd07-462a-9189-9fb9da42e7e4
08-29 00:10:20 com_github_MitjaNemec_ReplicateLayout.replicate_layout 990:Src text UUid:b73aa0a7-756d-4772-a66b-825a940b4bb8
08-29 00:10:20 com_github_MitjaNemec_ReplicateLayout.replicate_layout 991:Dst text UUid:4090198d-38a1-4d03-9dca-1816e4bc167e
08-29 00:10:20 com_github_MitjaNemec_ReplicateLayout.replicate_layout 990:Src text UUid:b2d41304-451a-4f90-ae28-d1d150d70de9
08-29 00:10:20 com_github_MitjaNemec_ReplicateLayout.replicate_layout 991:Dst text UUid:7c10eed7-f7fa-4fe4-951f-b1a03a3a5620
08-29 00:10:20 com_github_MitjaNemec_ReplicateLayout.replicate_layout 888:Replicating footprint: 'Q1'
08-29 00:10:20 com_github_MitjaNemec_ReplicateLayout.replicate_layout 835:Src fp.id: '8D847CB5-E00B-428D-BD6B-968281E3857C'
08-29 00:10:20 com_github_MitjaNemec_ReplicateLayout.replicate_layout 839:Dst fp.id: '8D847CB5-E00B-428D-BD6B-968281E3857C'
08-29 00:10:20 com_github_MitjaNemec_ReplicateLayout.replicate_layout 895:found match in dst footprint: 'Q86'
08-29 00:10:20 com_github_MitjaNemec_ReplicateLayout.replicate_layout 990:Src text UUid:b1604cc1-d053-4d3e-980d-232d8676de39
08-29 00:10:20 com_github_MitjaNemec_ReplicateLayout.replicate_layout 991:Dst text UUid:05a5f93b-0e5b-41e6-bac9-c3f86cef50ae
08-29 00:10:20 com_github_MitjaNemec_ReplicateLayout.replicate_layout 990:Src text UUid:c0bb85bc-d328-41e7-bd97-31bf508a662b
08-29 00:10:20 com_github_MitjaNemec_ReplicateLayout.replicate_layout 991:Dst text UUid:62f7ab42-aafc-41aa-a176-a5e6451858bc
08-29 00:10:20 com_github_MitjaNemec_ReplicateLayout.replicate_layout 990:Src text UUid:5e6fa8e6-c520-4ff8-ad92-32b11758bae4
08-29 00:10:20 com_github_MitjaNemec_ReplicateLayout.replicate_layout 991:Dst text UUid:11431bc3-4d09-4b5f-a17e-7e8bd75d4a8d
08-29 00:10:20 com_github_MitjaNemec_ReplicateLayout.replicate_layout 870:Replicating footprints on sheet ['/SensorModule43/']
08-29 00:10:20 com_github_MitjaNemec_ReplicateLayout.replicate_layout 835:Src fp.id: '48CE2A11-6FA1-4816-8BEE-2E82038543FF'
08-29 00:10:20 com_github_MitjaNemec_ReplicateLayout.replicate_layout 839:Dst fp.id: '48CE2A11-6FA1-4816-8BEE-2E82038543FF'
08-29 00:10:20 com_github_MitjaNemec_ReplicateLayout.replicate_layout 888:Replicating footprint: 'Q2'
08-29 00:10:20 com_github_MitjaNemec_ReplicateLayout.replicate_layout 835:Src fp.id: 'D3B029CA-A78A-4AD0-B065-5E40F898A58E'
08-29 00:10:20 com_github_MitjaNemec_ReplicateLayout.replicate_layout 839:Dst fp.id: 'D3B029CA-A78A-4AD0-B065-5E40F898A58E'
08-29 00:10:20 com_github_MitjaNemec_ReplicateLayout.replicate_layout 895:found match in dst footprint: 'Q87'
08-29 00:10:20 com_github_MitjaNemec_ReplicateLayout.replicate_layout 990:Src text UUid:8132af40-9520-49cc-b94e-a768fdfb8d6a
08-29 00:10:20 com_github_MitjaNemec_ReplicateLayout.replicate_layout 991:Dst text UUid:e691de07-ed65-4f18-a738-45b36cf89267
08-29 00:10:20 com_github_MitjaNemec_ReplicateLayout.replicate_layout 990:Src text UUid:bf1c4316-bb3a-49d4-9c30-09e2a468388a
08-29 00:10:20 com_github_MitjaNemec_ReplicateLayout.replicate_layout 991:Dst text UUid:671a47c9-3c09-448a-986a-99415b2d2267
08-29 00:10:20 com_github_MitjaNemec_ReplicateLayout.replicate_layout 990:Src text UUid:78cf5bb7-f5b3-4597-8f69-50bf1c3f6479
08-29 00:10:20 com_github_MitjaNemec_ReplicateLayout.replicate_layout 991:Dst text UUid:8f9e53ff-f5a7-4c25-94be-780aa872449c
08-29 00:10:20 com_github_MitjaNemec_ReplicateLayout.replicate_layout 888:Replicating footprint: 'C1'
08-29 00:10:20 com_github_MitjaNemec_ReplicateLayout.replicate_layout 835:Src fp.id: '48CE2A11-6FA1-4816-8BEE-2E82038543FF'
08-29 00:10:20 com_github_MitjaNemec_ReplicateLayout.replicate_layout 839:Dst fp.id: '48CE2A11-6FA1-4816-8BEE-2E82038543FF'
08-29 00:10:20 com_github_MitjaNemec_ReplicateLayout.replicate_layout 895:found match in dst footprint: 'C44'
08-29 00:10:20 com_github_MitjaNemec_ReplicateLayout.replicate_layout 990:Src text UUid:7ebf057b-ddf7-4527-92e9-d4d379b3431d
08-29 00:10:20 com_github_MitjaNemec_ReplicateLayout.replicate_layout 991:Dst text UUid:5e32ac58-081f-496d-8b03-632222322bd7
08-29 00:10:20 com_github_MitjaNemec_ReplicateLayout.replicate_layout 990:Src text UUid:e68fef10-595d-4034-b6ab-00179d33cd62
08-29 00:10:20 com_github_MitjaNemec_ReplicateLayout.replicate_layout 991:Dst text UUid:1dc3c0f1-fb01-41a8-a96a-225ca1e79790
08-29 00:10:20 com_github_MitjaNemec_ReplicateLayout.replicate_layout 990:Src text UUid:c0a551a3-e5e8-4aa2-bad0-1dd864d71ba4
08-29 00:10:20 com_github_MitjaNemec_ReplicateLayout.replicate_layout 991:Dst text UUid:2adc98b1-11cc-4c97-b423-662bf80badab
08-29 00:10:20 com_github_MitjaNemec_ReplicateLayout.replicate_layout 888:Replicating footprint: 'R1'
08-29 00:10:20 com_github_MitjaNemec_ReplicateLayout.replicate_layout 835:Src fp.id: 'E3A00D99-EE45-46E5-9182-7CB5902749B3'
08-29 00:10:20 com_github_MitjaNemec_ReplicateLayout.replicate_layout 839:Dst fp.id: 'E3A00D99-EE45-46E5-9182-7CB5902749B3'
08-29 00:10:20 com_github_MitjaNemec_ReplicateLayout.replicate_layout 895:found match in dst footprint: 'R44'
08-29 00:10:20 com_github_MitjaNemec_ReplicateLayout.replicate_layout 990:Src text UUid:ba093b77-2243-40ba-81f8-483bbf0185db
08-29 00:10:20 com_github_MitjaNemec_ReplicateLayout.replicate_layout 991:Dst text UUid:56e2d924-2e3b-423b-bd4b-864c465a5291
08-29 00:10:20 com_github_MitjaNemec_ReplicateLayout.replicate_layout 990:Src text UUid:46ba2679-716b-4cb2-98d0-cdb6119821d1
08-29 00:10:20 com_github_MitjaNemec_ReplicateLayout.replicate_layout 991:Dst text UUid:a7530600-e7cd-4455-a4f1-aee76a1e1fd0
08-29 00:10:20 com_github_MitjaNemec_ReplicateLayout.replicate_layout 990:Src text UUid:a5803c3c-186e-40da-9549-6a79b6d8bf98
08-29 00:10:20 com_github_MitjaNemec_ReplicateLayout.replicate_layout 991:Dst text UUid:3313f27c-575b-4f05-be35-62f4569a6e55
08-29 00:10:20 com_github_MitjaNemec_ReplicateLayout.replicate_layout 888:Replicating footprint: 'TP93'
08-29 00:10:20 com_github_MitjaNemec_ReplicateLayout.replicate_layout 835:Src fp.id: '15175B47-07CC-4462-B3C9-5D963B871DFB'
08-29 00:10:20 com_github_MitjaNemec_ReplicateLayout.replicate_layout 839:Dst fp.id: '15175B47-07CC-4462-B3C9-5D963B871DFB'
08-29 00:10:20 com_github_MitjaNemec_ReplicateLayout.replicate_layout 895:found match in dst footprint: 'TP38'
08-29 00:10:20 com_github_MitjaNemec_ReplicateLayout.replicate_layout 990:Src text UUid:a29c5f2c-5368-470c-bf7d-3eb524a9f5a4
08-29 00:10:20 com_github_MitjaNemec_ReplicateLayout.replicate_layout 991:Dst text UUid:cb7eee1c-4eb3-4f31-ba3e-6130f175e6c4
08-29 00:10:20 com_github_MitjaNemec_ReplicateLayout.replicate_layout 990:Src text UUid:b73aa0a7-756d-4772-a66b-825a940b4bb8
08-29 00:10:20 com_github_MitjaNemec_ReplicateLayout.replicate_layout 991:Dst text UUid:ec94c107-c527-4ba0-8dc8-998976416832
08-29 00:10:20 com_github_MitjaNemec_ReplicateLayout.replicate_layout 990:Src text UUid:b2d41304-451a-4f90-ae28-d1d150d70de9
08-29 00:10:20 com_github_MitjaNemec_ReplicateLayout.replicate_layout 991:Dst text UUid:55c8b185-4ba2-4c17-bbb6-839496450c47
08-29 00:10:20 com_github_MitjaNemec_ReplicateLayout.replicate_layout 888:Replicating footprint: 'Q1'
08-29 00:10:20 com_github_MitjaNemec_ReplicateLayout.replicate_layout 835:Src fp.id: '8D847CB5-E00B-428D-BD6B-968281E3857C'
08-29 00:10:20 com_github_MitjaNemec_ReplicateLayout.replicate_layout 839:Dst fp.id: '8D847CB5-E00B-428D-BD6B-968281E3857C'
08-29 00:10:20 com_github_MitjaNemec_ReplicateLayout.replicate_layout 895:found match in dst footprint: 'Q88'
08-29 00:10:20 com_github_MitjaNemec_ReplicateLayout.replicate_layout 990:Src text UUid:b1604cc1-d053-4d3e-980d-232d8676de39
08-29 00:10:20 com_github_MitjaNemec_ReplicateLayout.replicate_layout 991:Dst text UUid:5352a98b-0bcd-44de-b3af-bba4bcf82c2d
08-29 00:10:20 com_github_MitjaNemec_ReplicateLayout.replicate_layout 990:Src text UUid:c0bb85bc-d328-41e7-bd97-31bf508a662b
08-29 00:10:20 com_github_MitjaNemec_ReplicateLayout.replicate_layout 991:Dst text UUid:0a2a850a-976f-4d74-8287-235cfb7401d7
08-29 00:10:20 com_github_MitjaNemec_ReplicateLayout.replicate_layout 990:Src text UUid:5e6fa8e6-c520-4ff8-ad92-32b11758bae4
08-29 00:10:20 com_github_MitjaNemec_ReplicateLayout.replicate_layout 991:Dst text UUid:5d3b8d54-85ce-4ba3-811e-ff233cf1d0e2
08-29 00:10:20 com_github_MitjaNemec_ReplicateLayout.replicate_layout 870:Replicating footprints on sheet ['/SensorModule44/']
08-29 00:10:20 com_github_MitjaNemec_ReplicateLayout.replicate_layout 835:Src fp.id: '48CE2A11-6FA1-4816-8BEE-2E82038543FF'
08-29 00:10:20 com_github_MitjaNemec_ReplicateLayout.replicate_layout 839:Dst fp.id: '48CE2A11-6FA1-4816-8BEE-2E82038543FF'
08-29 00:10:20 com_github_MitjaNemec_ReplicateLayout.replicate_layout 888:Replicating footprint: 'Q2'
08-29 00:10:20 com_github_MitjaNemec_ReplicateLayout.replicate_layout 835:Src fp.id: 'D3B029CA-A78A-4AD0-B065-5E40F898A58E'
08-29 00:10:20 com_github_MitjaNemec_ReplicateLayout.replicate_layout 839:Dst fp.id: 'D3B029CA-A78A-4AD0-B065-5E40F898A58E'
08-29 00:10:20 com_github_MitjaNemec_ReplicateLayout.replicate_layout 895:found match in dst footprint: 'Q89'
08-29 00:10:20 com_github_MitjaNemec_ReplicateLayout.replicate_layout 990:Src text UUid:8132af40-9520-49cc-b94e-a768fdfb8d6a
08-29 00:10:20 com_github_MitjaNemec_ReplicateLayout.replicate_layout 991:Dst text UUid:de72fbc7-1624-4068-a403-3222ab1b29c3
08-29 00:10:20 com_github_MitjaNemec_ReplicateLayout.replicate_layout 990:Src text UUid:bf1c4316-bb3a-49d4-9c30-09e2a468388a
08-29 00:10:20 com_github_MitjaNemec_ReplicateLayout.replicate_layout 991:Dst text UUid:e22f408d-135e-4cb9-a8f6-ef4e7b562b4d
08-29 00:10:20 com_github_MitjaNemec_ReplicateLayout.replicate_layout 990:Src text UUid:78cf5bb7-f5b3-4597-8f69-50bf1c3f6479
08-29 00:10:20 com_github_MitjaNemec_ReplicateLayout.replicate_layout 991:Dst text UUid:a5d595e1-5d0d-4301-9848-7d1067dcb541
08-29 00:10:20 com_github_MitjaNemec_ReplicateLayout.replicate_layout 888:Replicating footprint: 'C1'
08-29 00:10:20 com_github_MitjaNemec_ReplicateLayout.replicate_layout 835:Src fp.id: '48CE2A11-6FA1-4816-8BEE-2E82038543FF'
08-29 00:10:20 com_github_MitjaNemec_ReplicateLayout.replicate_layout 839:Dst fp.id: '48CE2A11-6FA1-4816-8BEE-2E82038543FF'
08-29 00:10:20 com_github_MitjaNemec_ReplicateLayout.replicate_layout 895:found match in dst footprint: 'C45'
08-29 00:10:20 com_github_MitjaNemec_ReplicateLayout.replicate_layout 990:Src text UUid:7ebf057b-ddf7-4527-92e9-d4d379b3431d
08-29 00:10:20 com_github_MitjaNemec_ReplicateLayout.replicate_layout 991:Dst text UUid:e58b44e9-57c5-4d53-bf96-c6b25aa57f27
08-29 00:10:20 com_github_MitjaNemec_ReplicateLayout.replicate_layout 990:Src text UUid:e68fef10-595d-4034-b6ab-00179d33cd62
08-29 00:10:20 com_github_MitjaNemec_ReplicateLayout.replicate_layout 991:Dst text UUid:ff970f84-eda3-4025-8884-fa355c28dd42
08-29 00:10:20 com_github_MitjaNemec_ReplicateLayout.replicate_layout 990:Src text UUid:c0a551a3-e5e8-4aa2-bad0-1dd864d71ba4
08-29 00:10:20 com_github_MitjaNemec_ReplicateLayout.replicate_layout 991:Dst text UUid:1723e1ee-b80d-4375-8bc0-601310682e04
08-29 00:10:20 com_github_MitjaNemec_ReplicateLayout.replicate_layout 888:Replicating footprint: 'R1'
08-29 00:10:20 root 345:updating GUI with: 61
08-29 00:10:20 com_github_MitjaNemec_ReplicateLayout.replicate_layout 835:Src fp.id: 'E3A00D99-EE45-46E5-9182-7CB5902749B3'
08-29 00:10:20 com_github_MitjaNemec_ReplicateLayout.replicate_layout 839:Dst fp.id: 'E3A00D99-EE45-46E5-9182-7CB5902749B3'
08-29 00:10:20 com_github_MitjaNemec_ReplicateLayout.replicate_layout 895:found match in dst footprint: 'R45'
08-29 00:10:20 com_github_MitjaNemec_ReplicateLayout.replicate_layout 990:Src text UUid:ba093b77-2243-40ba-81f8-483bbf0185db
08-29 00:10:20 com_github_MitjaNemec_ReplicateLayout.replicate_layout 991:Dst text UUid:6f02e67b-ff00-43e9-9cb8-d8c6b770d168
08-29 00:10:20 com_github_MitjaNemec_ReplicateLayout.replicate_layout 990:Src text UUid:46ba2679-716b-4cb2-98d0-cdb6119821d1
08-29 00:10:20 com_github_MitjaNemec_ReplicateLayout.replicate_layout 991:Dst text UUid:6c751050-91e4-41ce-a017-94db67f6e0e7
08-29 00:10:20 com_github_MitjaNemec_ReplicateLayout.replicate_layout 990:Src text UUid:a5803c3c-186e-40da-9549-6a79b6d8bf98
08-29 00:10:20 com_github_MitjaNemec_ReplicateLayout.replicate_layout 991:Dst text UUid:55a923c4-77d5-4b17-900b-08bc5e069c1e
08-29 00:10:20 com_github_MitjaNemec_ReplicateLayout.replicate_layout 888:Replicating footprint: 'TP93'
08-29 00:10:20 com_github_MitjaNemec_ReplicateLayout.replicate_layout 835:Src fp.id: '15175B47-07CC-4462-B3C9-5D963B871DFB'
08-29 00:10:20 com_github_MitjaNemec_ReplicateLayout.replicate_layout 839:Dst fp.id: '15175B47-07CC-4462-B3C9-5D963B871DFB'
08-29 00:10:20 com_github_MitjaNemec_ReplicateLayout.replicate_layout 895:found match in dst footprint: 'TP39'
08-29 00:10:20 com_github_MitjaNemec_ReplicateLayout.replicate_layout 990:Src text UUid:a29c5f2c-5368-470c-bf7d-3eb524a9f5a4
08-29 00:10:20 com_github_MitjaNemec_ReplicateLayout.replicate_layout 991:Dst text UUid:6d11de3c-72b0-4169-a764-f774c8fea30a
08-29 00:10:20 com_github_MitjaNemec_ReplicateLayout.replicate_layout 990:Src text UUid:b73aa0a7-756d-4772-a66b-825a940b4bb8
08-29 00:10:20 com_github_MitjaNemec_ReplicateLayout.replicate_layout 991:Dst text UUid:2ad5e085-0476-40cc-aa8c-7631ec3e4115
08-29 00:10:20 com_github_MitjaNemec_ReplicateLayout.replicate_layout 990:Src text UUid:b2d41304-451a-4f90-ae28-d1d150d70de9
08-29 00:10:20 com_github_MitjaNemec_ReplicateLayout.replicate_layout 991:Dst text UUid:38891381-9cb1-4eea-ac2e-ef22974c849e
08-29 00:10:20 com_github_MitjaNemec_ReplicateLayout.replicate_layout 888:Replicating footprint: 'Q1'
08-29 00:10:20 com_github_MitjaNemec_ReplicateLayout.replicate_layout 835:Src fp.id: '8D847CB5-E00B-428D-BD6B-968281E3857C'
08-29 00:10:20 com_github_MitjaNemec_ReplicateLayout.replicate_layout 839:Dst fp.id: '8D847CB5-E00B-428D-BD6B-968281E3857C'
08-29 00:10:20 com_github_MitjaNemec_ReplicateLayout.replicate_layout 895:found match in dst footprint: 'Q90'
08-29 00:10:20 com_github_MitjaNemec_ReplicateLayout.replicate_layout 990:Src text UUid:b1604cc1-d053-4d3e-980d-232d8676de39
08-29 00:10:20 com_github_MitjaNemec_ReplicateLayout.replicate_layout 991:Dst text UUid:92cfceb1-d45d-48cc-9acf-2cd9e3effcc8
08-29 00:10:20 com_github_MitjaNemec_ReplicateLayout.replicate_layout 990:Src text UUid:c0bb85bc-d328-41e7-bd97-31bf508a662b
08-29 00:10:20 com_github_MitjaNemec_ReplicateLayout.replicate_layout 991:Dst text UUid:614dc8dd-d0a6-4f97-b56e-77d00871e004
08-29 00:10:20 com_github_MitjaNemec_ReplicateLayout.replicate_layout 990:Src text UUid:5e6fa8e6-c520-4ff8-ad92-32b11758bae4
08-29 00:10:20 com_github_MitjaNemec_ReplicateLayout.replicate_layout 991:Dst text UUid:f478ae91-1fd3-44f4-bea7-ace6d3592039
08-29 00:10:20 com_github_MitjaNemec_ReplicateLayout.replicate_layout 870:Replicating footprints on sheet ['/SensorModule45/']
08-29 00:10:20 com_github_MitjaNemec_ReplicateLayout.replicate_layout 835:Src fp.id: '48CE2A11-6FA1-4816-8BEE-2E82038543FF'
08-29 00:10:20 com_github_MitjaNemec_ReplicateLayout.replicate_layout 839:Dst fp.id: '48CE2A11-6FA1-4816-8BEE-2E82038543FF'
08-29 00:10:20 com_github_MitjaNemec_ReplicateLayout.replicate_layout 888:Replicating footprint: 'Q2'
08-29 00:10:20 com_github_MitjaNemec_ReplicateLayout.replicate_layout 835:Src fp.id: 'D3B029CA-A78A-4AD0-B065-5E40F898A58E'
08-29 00:10:20 com_github_MitjaNemec_ReplicateLayout.replicate_layout 839:Dst fp.id: 'D3B029CA-A78A-4AD0-B065-5E40F898A58E'
08-29 00:10:20 com_github_MitjaNemec_ReplicateLayout.replicate_layout 895:found match in dst footprint: 'Q91'
08-29 00:10:20 com_github_MitjaNemec_ReplicateLayout.replicate_layout 990:Src text UUid:8132af40-9520-49cc-b94e-a768fdfb8d6a
08-29 00:10:20 com_github_MitjaNemec_ReplicateLayout.replicate_layout 991:Dst text UUid:7c37a6d4-1a59-4f44-98fd-d337788e11cb
08-29 00:10:20 com_github_MitjaNemec_ReplicateLayout.replicate_layout 990:Src text UUid:bf1c4316-bb3a-49d4-9c30-09e2a468388a
08-29 00:10:20 com_github_MitjaNemec_ReplicateLayout.replicate_layout 991:Dst text UUid:2913b28e-eabe-4d65-9d6f-23ea04eebb85
08-29 00:10:20 com_github_MitjaNemec_ReplicateLayout.replicate_layout 990:Src text UUid:78cf5bb7-f5b3-4597-8f69-50bf1c3f6479
08-29 00:10:20 com_github_MitjaNemec_ReplicateLayout.replicate_layout 991:Dst text UUid:1e0c98a6-dc93-46fd-8fec-5e2b0f9c844a
08-29 00:10:20 com_github_MitjaNemec_ReplicateLayout.replicate_layout 888:Replicating footprint: 'C1'
08-29 00:10:20 com_github_MitjaNemec_ReplicateLayout.replicate_layout 835:Src fp.id: '48CE2A11-6FA1-4816-8BEE-2E82038543FF'
08-29 00:10:20 com_github_MitjaNemec_ReplicateLayout.replicate_layout 839:Dst fp.id: '48CE2A11-6FA1-4816-8BEE-2E82038543FF'
08-29 00:10:20 com_github_MitjaNemec_ReplicateLayout.replicate_layout 895:found match in dst footprint: 'C46'
08-29 00:10:20 com_github_MitjaNemec_ReplicateLayout.replicate_layout 990:Src text UUid:7ebf057b-ddf7-4527-92e9-d4d379b3431d
08-29 00:10:20 com_github_MitjaNemec_ReplicateLayout.replicate_layout 991:Dst text UUid:181ac20a-cb0e-4528-b7fc-6d8d1a7f41d5
08-29 00:10:20 com_github_MitjaNemec_ReplicateLayout.replicate_layout 990:Src text UUid:e68fef10-595d-4034-b6ab-00179d33cd62
08-29 00:10:20 com_github_MitjaNemec_ReplicateLayout.replicate_layout 991:Dst text UUid:e02c8f5e-d56b-45c8-936b-acc9284e3e8d
08-29 00:10:20 com_github_MitjaNemec_ReplicateLayout.replicate_layout 990:Src text UUid:c0a551a3-e5e8-4aa2-bad0-1dd864d71ba4
08-29 00:10:20 com_github_MitjaNemec_ReplicateLayout.replicate_layout 991:Dst text UUid:3aa7e7ed-8060-4923-9ab6-06aeff4d9dd4
08-29 00:10:20 com_github_MitjaNemec_ReplicateLayout.replicate_layout 888:Replicating footprint: 'R1'
08-29 00:10:20 com_github_MitjaNemec_ReplicateLayout.replicate_layout 835:Src fp.id: 'E3A00D99-EE45-46E5-9182-7CB5902749B3'
08-29 00:10:20 com_github_MitjaNemec_ReplicateLayout.replicate_layout 839:Dst fp.id: 'E3A00D99-EE45-46E5-9182-7CB5902749B3'
08-29 00:10:20 com_github_MitjaNemec_ReplicateLayout.replicate_layout 895:found match in dst footprint: 'R46'
08-29 00:10:20 com_github_MitjaNemec_ReplicateLayout.replicate_layout 990:Src text UUid:ba093b77-2243-40ba-81f8-483bbf0185db
08-29 00:10:20 com_github_MitjaNemec_ReplicateLayout.replicate_layout 991:Dst text UUid:7523d56b-1478-43ad-8477-b6c23899ee03
08-29 00:10:20 com_github_MitjaNemec_ReplicateLayout.replicate_layout 990:Src text UUid:46ba2679-716b-4cb2-98d0-cdb6119821d1
08-29 00:10:20 com_github_MitjaNemec_ReplicateLayout.replicate_layout 991:Dst text UUid:aa473e87-48e6-451c-b669-3224fcd22b2d
08-29 00:10:20 com_github_MitjaNemec_ReplicateLayout.replicate_layout 990:Src text UUid:a5803c3c-186e-40da-9549-6a79b6d8bf98
08-29 00:10:20 com_github_MitjaNemec_ReplicateLayout.replicate_layout 991:Dst text UUid:ff5614a0-b65b-44be-bafa-71b1d27c1902
08-29 00:10:20 com_github_MitjaNemec_ReplicateLayout.replicate_layout 888:Replicating footprint: 'TP93'
08-29 00:10:20 com_github_MitjaNemec_ReplicateLayout.replicate_layout 835:Src fp.id: '15175B47-07CC-4462-B3C9-5D963B871DFB'
08-29 00:10:20 com_github_MitjaNemec_ReplicateLayout.replicate_layout 839:Dst fp.id: '15175B47-07CC-4462-B3C9-5D963B871DFB'
08-29 00:10:20 com_github_MitjaNemec_ReplicateLayout.replicate_layout 895:found match in dst footprint: 'TP40'
08-29 00:10:20 com_github_MitjaNemec_ReplicateLayout.replicate_layout 990:Src text UUid:a29c5f2c-5368-470c-bf7d-3eb524a9f5a4
08-29 00:10:20 com_github_MitjaNemec_ReplicateLayout.replicate_layout 991:Dst text UUid:a9bc87e5-69cc-41ec-a5aa-1d570676f4b7
08-29 00:10:20 com_github_MitjaNemec_ReplicateLayout.replicate_layout 990:Src text UUid:b73aa0a7-756d-4772-a66b-825a940b4bb8
08-29 00:10:20 com_github_MitjaNemec_ReplicateLayout.replicate_layout 991:Dst text UUid:f41f704b-2337-421f-a250-dbbf7b812769
08-29 00:10:20 com_github_MitjaNemec_ReplicateLayout.replicate_layout 990:Src text UUid:b2d41304-451a-4f90-ae28-d1d150d70de9
08-29 00:10:20 com_github_MitjaNemec_ReplicateLayout.replicate_layout 991:Dst text UUid:3198c580-7170-47c6-ae8d-512f2623e147
08-29 00:10:20 com_github_MitjaNemec_ReplicateLayout.replicate_layout 888:Replicating footprint: 'Q1'
08-29 00:10:20 com_github_MitjaNemec_ReplicateLayout.replicate_layout 835:Src fp.id: '8D847CB5-E00B-428D-BD6B-968281E3857C'
08-29 00:10:20 com_github_MitjaNemec_ReplicateLayout.replicate_layout 839:Dst fp.id: '8D847CB5-E00B-428D-BD6B-968281E3857C'
08-29 00:10:20 com_github_MitjaNemec_ReplicateLayout.replicate_layout 895:found match in dst footprint: 'Q92'
08-29 00:10:20 com_github_MitjaNemec_ReplicateLayout.replicate_layout 990:Src text UUid:b1604cc1-d053-4d3e-980d-232d8676de39
08-29 00:10:20 com_github_MitjaNemec_ReplicateLayout.replicate_layout 991:Dst text UUid:06d6685c-c1cc-4f33-b36e-befd0dc3e03c
08-29 00:10:20 com_github_MitjaNemec_ReplicateLayout.replicate_layout 990:Src text UUid:c0bb85bc-d328-41e7-bd97-31bf508a662b
08-29 00:10:20 com_github_MitjaNemec_ReplicateLayout.replicate_layout 991:Dst text UUid:2ac2454e-4426-4f89-b17c-ca7bcb445631
08-29 00:10:20 com_github_MitjaNemec_ReplicateLayout.replicate_layout 990:Src text UUid:5e6fa8e6-c520-4ff8-ad92-32b11758bae4
08-29 00:10:20 com_github_MitjaNemec_ReplicateLayout.replicate_layout 991:Dst text UUid:6aedb4c6-0d53-4b90-b699-040a9225f4c3
08-29 00:10:20 com_github_MitjaNemec_ReplicateLayout.replicate_layout 870:Replicating footprints on sheet ['/SensorModule46/']
08-29 00:10:20 com_github_MitjaNemec_ReplicateLayout.replicate_layout 835:Src fp.id: '48CE2A11-6FA1-4816-8BEE-2E82038543FF'
08-29 00:10:20 com_github_MitjaNemec_ReplicateLayout.replicate_layout 839:Dst fp.id: '48CE2A11-6FA1-4816-8BEE-2E82038543FF'
08-29 00:10:20 com_github_MitjaNemec_ReplicateLayout.replicate_layout 888:Replicating footprint: 'Q2'
08-29 00:10:20 com_github_MitjaNemec_ReplicateLayout.replicate_layout 835:Src fp.id: 'D3B029CA-A78A-4AD0-B065-5E40F898A58E'
08-29 00:10:20 com_github_MitjaNemec_ReplicateLayout.replicate_layout 839:Dst fp.id: 'D3B029CA-A78A-4AD0-B065-5E40F898A58E'
08-29 00:10:20 com_github_MitjaNemec_ReplicateLayout.replicate_layout 895:found match in dst footprint: 'Q93'
08-29 00:10:20 com_github_MitjaNemec_ReplicateLayout.replicate_layout 990:Src text UUid:8132af40-9520-49cc-b94e-a768fdfb8d6a
08-29 00:10:20 com_github_MitjaNemec_ReplicateLayout.replicate_layout 991:Dst text UUid:739cf4d3-ddeb-4fcb-b514-86cac52dff66
08-29 00:10:20 com_github_MitjaNemec_ReplicateLayout.replicate_layout 990:Src text UUid:bf1c4316-bb3a-49d4-9c30-09e2a468388a
08-29 00:10:20 com_github_MitjaNemec_ReplicateLayout.replicate_layout 991:Dst text UUid:865c77f4-16c8-4792-b13d-f703ebc5cdba
08-29 00:10:20 com_github_MitjaNemec_ReplicateLayout.replicate_layout 990:Src text UUid:78cf5bb7-f5b3-4597-8f69-50bf1c3f6479
08-29 00:10:20 com_github_MitjaNemec_ReplicateLayout.replicate_layout 991:Dst text UUid:5bce5972-c874-4f39-bf7d-cae9156f411a
08-29 00:10:20 com_github_MitjaNemec_ReplicateLayout.replicate_layout 888:Replicating footprint: 'C1'
08-29 00:10:20 com_github_MitjaNemec_ReplicateLayout.replicate_layout 835:Src fp.id: '48CE2A11-6FA1-4816-8BEE-2E82038543FF'
08-29 00:10:20 com_github_MitjaNemec_ReplicateLayout.replicate_layout 839:Dst fp.id: '48CE2A11-6FA1-4816-8BEE-2E82038543FF'
08-29 00:10:20 com_github_MitjaNemec_ReplicateLayout.replicate_layout 895:found match in dst footprint: 'C47'
08-29 00:10:20 com_github_MitjaNemec_ReplicateLayout.replicate_layout 990:Src text UUid:7ebf057b-ddf7-4527-92e9-d4d379b3431d
08-29 00:10:20 com_github_MitjaNemec_ReplicateLayout.replicate_layout 991:Dst text UUid:2b487150-1e67-40e5-b1ae-1c440d78978d
08-29 00:10:20 com_github_MitjaNemec_ReplicateLayout.replicate_layout 990:Src text UUid:e68fef10-595d-4034-b6ab-00179d33cd62
08-29 00:10:20 com_github_MitjaNemec_ReplicateLayout.replicate_layout 991:Dst text UUid:9ef86ebb-f461-4d6d-8321-11027a69ee4a
08-29 00:10:20 com_github_MitjaNemec_ReplicateLayout.replicate_layout 990:Src text UUid:c0a551a3-e5e8-4aa2-bad0-1dd864d71ba4
08-29 00:10:20 com_github_MitjaNemec_ReplicateLayout.replicate_layout 991:Dst text UUid:f36c5610-1bf7-4918-8d16-8e1dfc82c7da
08-29 00:10:20 com_github_MitjaNemec_ReplicateLayout.replicate_layout 888:Replicating footprint: 'R1'
08-29 00:10:20 root 345:updating GUI with: 64
08-29 00:10:20 com_github_MitjaNemec_ReplicateLayout.replicate_layout 835:Src fp.id: 'E3A00D99-EE45-46E5-9182-7CB5902749B3'
08-29 00:10:20 com_github_MitjaNemec_ReplicateLayout.replicate_layout 839:Dst fp.id: 'E3A00D99-EE45-46E5-9182-7CB5902749B3'
08-29 00:10:20 com_github_MitjaNemec_ReplicateLayout.replicate_layout 895:found match in dst footprint: 'R47'
08-29 00:10:20 com_github_MitjaNemec_ReplicateLayout.replicate_layout 990:Src text UUid:ba093b77-2243-40ba-81f8-483bbf0185db
08-29 00:10:20 com_github_MitjaNemec_ReplicateLayout.replicate_layout 991:Dst text UUid:a0898708-06f3-4269-9a27-82caf1787082
08-29 00:10:20 com_github_MitjaNemec_ReplicateLayout.replicate_layout 990:Src text UUid:46ba2679-716b-4cb2-98d0-cdb6119821d1
08-29 00:10:20 com_github_MitjaNemec_ReplicateLayout.replicate_layout 991:Dst text UUid:48b10be0-0685-4355-9834-ed6f887642d7
08-29 00:10:20 com_github_MitjaNemec_ReplicateLayout.replicate_layout 990:Src text UUid:a5803c3c-186e-40da-9549-6a79b6d8bf98
08-29 00:10:20 com_github_MitjaNemec_ReplicateLayout.replicate_layout 991:Dst text UUid:0324cb97-d991-40a7-8d1b-ac8ad1af56e1
08-29 00:10:20 com_github_MitjaNemec_ReplicateLayout.replicate_layout 888:Replicating footprint: 'TP93'
08-29 00:10:20 com_github_MitjaNemec_ReplicateLayout.replicate_layout 835:Src fp.id: '15175B47-07CC-4462-B3C9-5D963B871DFB'
08-29 00:10:20 com_github_MitjaNemec_ReplicateLayout.replicate_layout 839:Dst fp.id: '15175B47-07CC-4462-B3C9-5D963B871DFB'
08-29 00:10:20 com_github_MitjaNemec_ReplicateLayout.replicate_layout 895:found match in dst footprint: 'TP41'
08-29 00:10:20 com_github_MitjaNemec_ReplicateLayout.replicate_layout 990:Src text UUid:a29c5f2c-5368-470c-bf7d-3eb524a9f5a4
08-29 00:10:20 com_github_MitjaNemec_ReplicateLayout.replicate_layout 991:Dst text UUid:638421b9-1ba7-4d33-8bcd-e6449a80c3a6
08-29 00:10:20 com_github_MitjaNemec_ReplicateLayout.replicate_layout 990:Src text UUid:b73aa0a7-756d-4772-a66b-825a940b4bb8
08-29 00:10:20 com_github_MitjaNemec_ReplicateLayout.replicate_layout 991:Dst text UUid:fce80706-fab8-4bbf-95d8-39ad856ec621
08-29 00:10:20 com_github_MitjaNemec_ReplicateLayout.replicate_layout 990:Src text UUid:b2d41304-451a-4f90-ae28-d1d150d70de9
08-29 00:10:20 com_github_MitjaNemec_ReplicateLayout.replicate_layout 991:Dst text UUid:18ebcfff-bae5-483d-b261-d4c139b73728
08-29 00:10:20 com_github_MitjaNemec_ReplicateLayout.replicate_layout 888:Replicating footprint: 'Q1'
08-29 00:10:20 com_github_MitjaNemec_ReplicateLayout.replicate_layout 835:Src fp.id: '8D847CB5-E00B-428D-BD6B-968281E3857C'
08-29 00:10:20 com_github_MitjaNemec_ReplicateLayout.replicate_layout 839:Dst fp.id: '8D847CB5-E00B-428D-BD6B-968281E3857C'
08-29 00:10:20 com_github_MitjaNemec_ReplicateLayout.replicate_layout 895:found match in dst footprint: 'Q94'
08-29 00:10:20 com_github_MitjaNemec_ReplicateLayout.replicate_layout 990:Src text UUid:b1604cc1-d053-4d3e-980d-232d8676de39
08-29 00:10:20 com_github_MitjaNemec_ReplicateLayout.replicate_layout 991:Dst text UUid:130bd119-ca94-491c-90bc-00f5979fe46b
08-29 00:10:20 com_github_MitjaNemec_ReplicateLayout.replicate_layout 990:Src text UUid:c0bb85bc-d328-41e7-bd97-31bf508a662b
08-29 00:10:20 com_github_MitjaNemec_ReplicateLayout.replicate_layout 991:Dst text UUid:86cf0a60-3935-4cfd-8fff-97d0a6935e6b
08-29 00:10:20 com_github_MitjaNemec_ReplicateLayout.replicate_layout 990:Src text UUid:5e6fa8e6-c520-4ff8-ad92-32b11758bae4
08-29 00:10:20 com_github_MitjaNemec_ReplicateLayout.replicate_layout 991:Dst text UUid:a67e8269-b9e3-47d6-9ac9-2d044184ca3d
08-29 00:10:20 com_github_MitjaNemec_ReplicateLayout.replicate_layout 870:Replicating footprints on sheet ['/SensorModule47/']
08-29 00:10:20 com_github_MitjaNemec_ReplicateLayout.replicate_layout 835:Src fp.id: '48CE2A11-6FA1-4816-8BEE-2E82038543FF'
08-29 00:10:20 com_github_MitjaNemec_ReplicateLayout.replicate_layout 839:Dst fp.id: '48CE2A11-6FA1-4816-8BEE-2E82038543FF'
08-29 00:10:20 com_github_MitjaNemec_ReplicateLayout.replicate_layout 888:Replicating footprint: 'Q2'
08-29 00:10:20 com_github_MitjaNemec_ReplicateLayout.replicate_layout 835:Src fp.id: 'D3B029CA-A78A-4AD0-B065-5E40F898A58E'
08-29 00:10:20 com_github_MitjaNemec_ReplicateLayout.replicate_layout 839:Dst fp.id: 'D3B029CA-A78A-4AD0-B065-5E40F898A58E'
08-29 00:10:20 com_github_MitjaNemec_ReplicateLayout.replicate_layout 895:found match in dst footprint: 'Q95'
08-29 00:10:20 com_github_MitjaNemec_ReplicateLayout.replicate_layout 990:Src text UUid:8132af40-9520-49cc-b94e-a768fdfb8d6a
08-29 00:10:20 com_github_MitjaNemec_ReplicateLayout.replicate_layout 991:Dst text UUid:d317242c-b39b-4b31-bc9c-9369dc96570e
08-29 00:10:20 com_github_MitjaNemec_ReplicateLayout.replicate_layout 990:Src text UUid:bf1c4316-bb3a-49d4-9c30-09e2a468388a
08-29 00:10:20 com_github_MitjaNemec_ReplicateLayout.replicate_layout 991:Dst text UUid:0dc483fd-2ade-4260-8714-7b9a6035da6c
08-29 00:10:20 com_github_MitjaNemec_ReplicateLayout.replicate_layout 990:Src text UUid:78cf5bb7-f5b3-4597-8f69-50bf1c3f6479
08-29 00:10:20 com_github_MitjaNemec_ReplicateLayout.replicate_layout 991:Dst text UUid:e7330d57-0537-4d6c-b7d6-91cd7a608738
08-29 00:10:20 com_github_MitjaNemec_ReplicateLayout.replicate_layout 888:Replicating footprint: 'C1'
08-29 00:10:20 com_github_MitjaNemec_ReplicateLayout.replicate_layout 835:Src fp.id: '48CE2A11-6FA1-4816-8BEE-2E82038543FF'
08-29 00:10:20 com_github_MitjaNemec_ReplicateLayout.replicate_layout 839:Dst fp.id: '48CE2A11-6FA1-4816-8BEE-2E82038543FF'
08-29 00:10:20 com_github_MitjaNemec_ReplicateLayout.replicate_layout 895:found match in dst footprint: 'C48'
08-29 00:10:20 com_github_MitjaNemec_ReplicateLayout.replicate_layout 990:Src text UUid:7ebf057b-ddf7-4527-92e9-d4d379b3431d
08-29 00:10:20 com_github_MitjaNemec_ReplicateLayout.replicate_layout 991:Dst text UUid:817b3ef1-694d-4023-97ce-054fb63177c7
08-29 00:10:20 com_github_MitjaNemec_ReplicateLayout.replicate_layout 990:Src text UUid:e68fef10-595d-4034-b6ab-00179d33cd62
08-29 00:10:20 com_github_MitjaNemec_ReplicateLayout.replicate_layout 991:Dst text UUid:1a0b0094-5684-4e30-a4d5-63d88dd407aa
08-29 00:10:20 com_github_MitjaNemec_ReplicateLayout.replicate_layout 990:Src text UUid:c0a551a3-e5e8-4aa2-bad0-1dd864d71ba4
08-29 00:10:20 com_github_MitjaNemec_ReplicateLayout.replicate_layout 991:Dst text UUid:1263b880-b418-4efe-a900-a28a142074b4
08-29 00:10:20 com_github_MitjaNemec_ReplicateLayout.replicate_layout 888:Replicating footprint: 'R1'
08-29 00:10:20 com_github_MitjaNemec_ReplicateLayout.replicate_layout 835:Src fp.id: 'E3A00D99-EE45-46E5-9182-7CB5902749B3'
08-29 00:10:20 com_github_MitjaNemec_ReplicateLayout.replicate_layout 839:Dst fp.id: 'E3A00D99-EE45-46E5-9182-7CB5902749B3'
08-29 00:10:20 com_github_MitjaNemec_ReplicateLayout.replicate_layout 895:found match in dst footprint: 'R48'
08-29 00:10:20 com_github_MitjaNemec_ReplicateLayout.replicate_layout 990:Src text UUid:ba093b77-2243-40ba-81f8-483bbf0185db
08-29 00:10:20 com_github_MitjaNemec_ReplicateLayout.replicate_layout 991:Dst text UUid:09d1f39c-0f99-47ac-b1de-cba7ddf52ec5
08-29 00:10:20 com_github_MitjaNemec_ReplicateLayout.replicate_layout 990:Src text UUid:46ba2679-716b-4cb2-98d0-cdb6119821d1
08-29 00:10:20 com_github_MitjaNemec_ReplicateLayout.replicate_layout 991:Dst text UUid:54dc2b14-7bc9-4aef-a876-a38af205e41c
08-29 00:10:20 com_github_MitjaNemec_ReplicateLayout.replicate_layout 990:Src text UUid:a5803c3c-186e-40da-9549-6a79b6d8bf98
08-29 00:10:20 com_github_MitjaNemec_ReplicateLayout.replicate_layout 991:Dst text UUid:c9065c4f-0a0d-465d-b99f-de6d152abfdc
08-29 00:10:20 com_github_MitjaNemec_ReplicateLayout.replicate_layout 888:Replicating footprint: 'TP93'
08-29 00:10:20 com_github_MitjaNemec_ReplicateLayout.replicate_layout 835:Src fp.id: '15175B47-07CC-4462-B3C9-5D963B871DFB'
08-29 00:10:20 com_github_MitjaNemec_ReplicateLayout.replicate_layout 839:Dst fp.id: '15175B47-07CC-4462-B3C9-5D963B871DFB'
08-29 00:10:20 com_github_MitjaNemec_ReplicateLayout.replicate_layout 895:found match in dst footprint: 'TP42'
08-29 00:10:20 com_github_MitjaNemec_ReplicateLayout.replicate_layout 990:Src text UUid:a29c5f2c-5368-470c-bf7d-3eb524a9f5a4
08-29 00:10:20 com_github_MitjaNemec_ReplicateLayout.replicate_layout 991:Dst text UUid:7e18a4e6-0e6e-48dd-8ecb-938dc127f5f3
08-29 00:10:20 com_github_MitjaNemec_ReplicateLayout.replicate_layout 990:Src text UUid:b73aa0a7-756d-4772-a66b-825a940b4bb8
08-29 00:10:20 com_github_MitjaNemec_ReplicateLayout.replicate_layout 991:Dst text UUid:17921b72-a6be-4573-b497-3f3e45caccdf
08-29 00:10:20 com_github_MitjaNemec_ReplicateLayout.replicate_layout 990:Src text UUid:b2d41304-451a-4f90-ae28-d1d150d70de9
08-29 00:10:20 com_github_MitjaNemec_ReplicateLayout.replicate_layout 991:Dst text UUid:1759da2b-0025-45da-ab50-eb3a0044ddd2
08-29 00:10:20 com_github_MitjaNemec_ReplicateLayout.replicate_layout 888:Replicating footprint: 'Q1'
08-29 00:10:20 com_github_MitjaNemec_ReplicateLayout.replicate_layout 835:Src fp.id: '8D847CB5-E00B-428D-BD6B-968281E3857C'
08-29 00:10:20 com_github_MitjaNemec_ReplicateLayout.replicate_layout 839:Dst fp.id: '8D847CB5-E00B-428D-BD6B-968281E3857C'
08-29 00:10:20 com_github_MitjaNemec_ReplicateLayout.replicate_layout 895:found match in dst footprint: 'Q96'
08-29 00:10:20 com_github_MitjaNemec_ReplicateLayout.replicate_layout 990:Src text UUid:b1604cc1-d053-4d3e-980d-232d8676de39
08-29 00:10:20 com_github_MitjaNemec_ReplicateLayout.replicate_layout 991:Dst text UUid:5ad4f7a8-3a04-4d33-b9d6-88c72cc4fc64
08-29 00:10:20 com_github_MitjaNemec_ReplicateLayout.replicate_layout 990:Src text UUid:c0bb85bc-d328-41e7-bd97-31bf508a662b
08-29 00:10:20 com_github_MitjaNemec_ReplicateLayout.replicate_layout 991:Dst text UUid:67113168-49f8-4330-9e3c-4934b9c6c53b
08-29 00:10:20 com_github_MitjaNemec_ReplicateLayout.replicate_layout 990:Src text UUid:5e6fa8e6-c520-4ff8-ad92-32b11758bae4
08-29 00:10:20 com_github_MitjaNemec_ReplicateLayout.replicate_layout 991:Dst text UUid:811062a4-9cf0-44f1-a720-c2bcac84304e
08-29 00:10:20 com_github_MitjaNemec_ReplicateLayout.replicate_layout 870:Replicating footprints on sheet ['/SensorModule48/']
08-29 00:10:20 com_github_MitjaNemec_ReplicateLayout.replicate_layout 835:Src fp.id: '48CE2A11-6FA1-4816-8BEE-2E82038543FF'
08-29 00:10:20 com_github_MitjaNemec_ReplicateLayout.replicate_layout 839:Dst fp.id: '48CE2A11-6FA1-4816-8BEE-2E82038543FF'
08-29 00:10:20 com_github_MitjaNemec_ReplicateLayout.replicate_layout 888:Replicating footprint: 'Q2'
08-29 00:10:20 com_github_MitjaNemec_ReplicateLayout.replicate_layout 835:Src fp.id: 'D3B029CA-A78A-4AD0-B065-5E40F898A58E'
08-29 00:10:20 com_github_MitjaNemec_ReplicateLayout.replicate_layout 839:Dst fp.id: 'D3B029CA-A78A-4AD0-B065-5E40F898A58E'
08-29 00:10:20 com_github_MitjaNemec_ReplicateLayout.replicate_layout 895:found match in dst footprint: 'Q97'
08-29 00:10:20 com_github_MitjaNemec_ReplicateLayout.replicate_layout 990:Src text UUid:8132af40-9520-49cc-b94e-a768fdfb8d6a
08-29 00:10:20 com_github_MitjaNemec_ReplicateLayout.replicate_layout 991:Dst text UUid:0c19b7b8-ff09-456a-95ec-535bb6dbd658
08-29 00:10:20 com_github_MitjaNemec_ReplicateLayout.replicate_layout 990:Src text UUid:bf1c4316-bb3a-49d4-9c30-09e2a468388a
08-29 00:10:20 com_github_MitjaNemec_ReplicateLayout.replicate_layout 991:Dst text UUid:d85e2bcb-7b25-40c8-b705-924892f961c1
08-29 00:10:20 com_github_MitjaNemec_ReplicateLayout.replicate_layout 990:Src text UUid:78cf5bb7-f5b3-4597-8f69-50bf1c3f6479
08-29 00:10:20 com_github_MitjaNemec_ReplicateLayout.replicate_layout 991:Dst text UUid:be6cbf55-9f8f-4bf1-a067-dbd1141295fe
08-29 00:10:20 com_github_MitjaNemec_ReplicateLayout.replicate_layout 888:Replicating footprint: 'C1'
08-29 00:10:20 com_github_MitjaNemec_ReplicateLayout.replicate_layout 835:Src fp.id: '48CE2A11-6FA1-4816-8BEE-2E82038543FF'
08-29 00:10:20 com_github_MitjaNemec_ReplicateLayout.replicate_layout 839:Dst fp.id: '48CE2A11-6FA1-4816-8BEE-2E82038543FF'
08-29 00:10:20 com_github_MitjaNemec_ReplicateLayout.replicate_layout 895:found match in dst footprint: 'C49'
08-29 00:10:20 com_github_MitjaNemec_ReplicateLayout.replicate_layout 990:Src text UUid:7ebf057b-ddf7-4527-92e9-d4d379b3431d
08-29 00:10:20 com_github_MitjaNemec_ReplicateLayout.replicate_layout 991:Dst text UUid:772b14fc-66e3-4270-bab3-4eef75f7ad3f
08-29 00:10:20 com_github_MitjaNemec_ReplicateLayout.replicate_layout 990:Src text UUid:e68fef10-595d-4034-b6ab-00179d33cd62
08-29 00:10:20 com_github_MitjaNemec_ReplicateLayout.replicate_layout 991:Dst text UUid:a15327b0-582a-496f-a9a7-233830fe8130
08-29 00:10:20 com_github_MitjaNemec_ReplicateLayout.replicate_layout 990:Src text UUid:c0a551a3-e5e8-4aa2-bad0-1dd864d71ba4
08-29 00:10:20 com_github_MitjaNemec_ReplicateLayout.replicate_layout 991:Dst text UUid:d0eaffe5-d463-42c0-970f-4fbfb403a28c
08-29 00:10:20 com_github_MitjaNemec_ReplicateLayout.replicate_layout 888:Replicating footprint: 'R1'
08-29 00:10:20 root 345:updating GUI with: 67
08-29 00:10:20 com_github_MitjaNemec_ReplicateLayout.replicate_layout 835:Src fp.id: 'E3A00D99-EE45-46E5-9182-7CB5902749B3'
08-29 00:10:20 com_github_MitjaNemec_ReplicateLayout.replicate_layout 839:Dst fp.id: 'E3A00D99-EE45-46E5-9182-7CB5902749B3'
08-29 00:10:20 com_github_MitjaNemec_ReplicateLayout.replicate_layout 895:found match in dst footprint: 'R49'
08-29 00:10:20 com_github_MitjaNemec_ReplicateLayout.replicate_layout 990:Src text UUid:ba093b77-2243-40ba-81f8-483bbf0185db
08-29 00:10:20 com_github_MitjaNemec_ReplicateLayout.replicate_layout 991:Dst text UUid:290de696-35a1-4f22-aebf-0ef62c4f1492
08-29 00:10:20 com_github_MitjaNemec_ReplicateLayout.replicate_layout 990:Src text UUid:46ba2679-716b-4cb2-98d0-cdb6119821d1
08-29 00:10:20 com_github_MitjaNemec_ReplicateLayout.replicate_layout 991:Dst text UUid:5c53cce7-563f-4ad6-a828-93b1e91dcca2
08-29 00:10:20 com_github_MitjaNemec_ReplicateLayout.replicate_layout 990:Src text UUid:a5803c3c-186e-40da-9549-6a79b6d8bf98
08-29 00:10:20 com_github_MitjaNemec_ReplicateLayout.replicate_layout 991:Dst text UUid:0dda6168-d8bc-4eab-b760-05b048674c00
08-29 00:10:20 com_github_MitjaNemec_ReplicateLayout.replicate_layout 888:Replicating footprint: 'TP93'
08-29 00:10:20 com_github_MitjaNemec_ReplicateLayout.replicate_layout 835:Src fp.id: '15175B47-07CC-4462-B3C9-5D963B871DFB'
08-29 00:10:20 com_github_MitjaNemec_ReplicateLayout.replicate_layout 839:Dst fp.id: '15175B47-07CC-4462-B3C9-5D963B871DFB'
08-29 00:10:20 com_github_MitjaNemec_ReplicateLayout.replicate_layout 895:found match in dst footprint: 'TP43'
08-29 00:10:20 com_github_MitjaNemec_ReplicateLayout.replicate_layout 990:Src text UUid:a29c5f2c-5368-470c-bf7d-3eb524a9f5a4
08-29 00:10:20 com_github_MitjaNemec_ReplicateLayout.replicate_layout 991:Dst text UUid:7500a6c8-809c-43cc-988f-5355e09a3f5b
08-29 00:10:20 com_github_MitjaNemec_ReplicateLayout.replicate_layout 990:Src text UUid:b73aa0a7-756d-4772-a66b-825a940b4bb8
08-29 00:10:20 com_github_MitjaNemec_ReplicateLayout.replicate_layout 991:Dst text UUid:ec859969-d2c0-48c5-92fe-6b37b1365323
08-29 00:10:20 com_github_MitjaNemec_ReplicateLayout.replicate_layout 990:Src text UUid:b2d41304-451a-4f90-ae28-d1d150d70de9
08-29 00:10:20 com_github_MitjaNemec_ReplicateLayout.replicate_layout 991:Dst text UUid:31ce720b-279d-4ffe-b8f0-947a163e0f68
08-29 00:10:20 com_github_MitjaNemec_ReplicateLayout.replicate_layout 888:Replicating footprint: 'Q1'
08-29 00:10:20 com_github_MitjaNemec_ReplicateLayout.replicate_layout 835:Src fp.id: '8D847CB5-E00B-428D-BD6B-968281E3857C'
08-29 00:10:20 com_github_MitjaNemec_ReplicateLayout.replicate_layout 839:Dst fp.id: '8D847CB5-E00B-428D-BD6B-968281E3857C'
08-29 00:10:20 com_github_MitjaNemec_ReplicateLayout.replicate_layout 895:found match in dst footprint: 'Q98'
08-29 00:10:20 com_github_MitjaNemec_ReplicateLayout.replicate_layout 990:Src text UUid:b1604cc1-d053-4d3e-980d-232d8676de39
08-29 00:10:20 com_github_MitjaNemec_ReplicateLayout.replicate_layout 991:Dst text UUid:ea178f5d-0377-4277-994b-ec7c8c8d8491
08-29 00:10:20 com_github_MitjaNemec_ReplicateLayout.replicate_layout 990:Src text UUid:c0bb85bc-d328-41e7-bd97-31bf508a662b
08-29 00:10:20 com_github_MitjaNemec_ReplicateLayout.replicate_layout 991:Dst text UUid:2c1efa7a-a7a4-4bf1-9c3f-0b1ecacce6fa
08-29 00:10:20 com_github_MitjaNemec_ReplicateLayout.replicate_layout 990:Src text UUid:5e6fa8e6-c520-4ff8-ad92-32b11758bae4
08-29 00:10:20 com_github_MitjaNemec_ReplicateLayout.replicate_layout 991:Dst text UUid:b878bd18-dfa2-471d-88b1-645d693fd975
08-29 00:10:20 com_github_MitjaNemec_ReplicateLayout.replicate_layout 870:Replicating footprints on sheet ['/SensorModule49/']
08-29 00:10:20 com_github_MitjaNemec_ReplicateLayout.replicate_layout 835:Src fp.id: '48CE2A11-6FA1-4816-8BEE-2E82038543FF'
08-29 00:10:20 com_github_MitjaNemec_ReplicateLayout.replicate_layout 839:Dst fp.id: '48CE2A11-6FA1-4816-8BEE-2E82038543FF'
08-29 00:10:20 com_github_MitjaNemec_ReplicateLayout.replicate_layout 888:Replicating footprint: 'Q2'
08-29 00:10:20 com_github_MitjaNemec_ReplicateLayout.replicate_layout 835:Src fp.id: 'D3B029CA-A78A-4AD0-B065-5E40F898A58E'
08-29 00:10:20 com_github_MitjaNemec_ReplicateLayout.replicate_layout 839:Dst fp.id: 'D3B029CA-A78A-4AD0-B065-5E40F898A58E'
08-29 00:10:20 com_github_MitjaNemec_ReplicateLayout.replicate_layout 895:found match in dst footprint: 'Q99'
08-29 00:10:20 com_github_MitjaNemec_ReplicateLayout.replicate_layout 990:Src text UUid:8132af40-9520-49cc-b94e-a768fdfb8d6a
08-29 00:10:20 com_github_MitjaNemec_ReplicateLayout.replicate_layout 991:Dst text UUid:5f8b2f3d-184c-45b5-8939-4c4bfec52f35
08-29 00:10:20 com_github_MitjaNemec_ReplicateLayout.replicate_layout 990:Src text UUid:bf1c4316-bb3a-49d4-9c30-09e2a468388a
08-29 00:10:20 com_github_MitjaNemec_ReplicateLayout.replicate_layout 991:Dst text UUid:cf46da67-499a-470b-9591-3a7af3fd1531
08-29 00:10:20 com_github_MitjaNemec_ReplicateLayout.replicate_layout 990:Src text UUid:78cf5bb7-f5b3-4597-8f69-50bf1c3f6479
08-29 00:10:20 com_github_MitjaNemec_ReplicateLayout.replicate_layout 991:Dst text UUid:16c8014f-3139-4f28-94b3-62615c310521
08-29 00:10:20 com_github_MitjaNemec_ReplicateLayout.replicate_layout 888:Replicating footprint: 'C1'
08-29 00:10:20 com_github_MitjaNemec_ReplicateLayout.replicate_layout 835:Src fp.id: '48CE2A11-6FA1-4816-8BEE-2E82038543FF'
08-29 00:10:20 com_github_MitjaNemec_ReplicateLayout.replicate_layout 839:Dst fp.id: '48CE2A11-6FA1-4816-8BEE-2E82038543FF'
08-29 00:10:20 com_github_MitjaNemec_ReplicateLayout.replicate_layout 895:found match in dst footprint: 'C50'
08-29 00:10:20 com_github_MitjaNemec_ReplicateLayout.replicate_layout 990:Src text UUid:7ebf057b-ddf7-4527-92e9-d4d379b3431d
08-29 00:10:20 com_github_MitjaNemec_ReplicateLayout.replicate_layout 991:Dst text UUid:16637969-9bb2-4063-8a94-303e2550d27e
08-29 00:10:20 com_github_MitjaNemec_ReplicateLayout.replicate_layout 990:Src text UUid:e68fef10-595d-4034-b6ab-00179d33cd62
08-29 00:10:20 com_github_MitjaNemec_ReplicateLayout.replicate_layout 991:Dst text UUid:ced1671c-ffbe-48d9-a988-d96d50dfed40
08-29 00:10:20 com_github_MitjaNemec_ReplicateLayout.replicate_layout 990:Src text UUid:c0a551a3-e5e8-4aa2-bad0-1dd864d71ba4
08-29 00:10:20 com_github_MitjaNemec_ReplicateLayout.replicate_layout 991:Dst text UUid:fb06ca54-be59-4e2f-b82b-9b472d6e3f01
08-29 00:10:20 com_github_MitjaNemec_ReplicateLayout.replicate_layout 888:Replicating footprint: 'R1'
08-29 00:10:20 com_github_MitjaNemec_ReplicateLayout.replicate_layout 835:Src fp.id: 'E3A00D99-EE45-46E5-9182-7CB5902749B3'
08-29 00:10:20 com_github_MitjaNemec_ReplicateLayout.replicate_layout 839:Dst fp.id: 'E3A00D99-EE45-46E5-9182-7CB5902749B3'
08-29 00:10:20 com_github_MitjaNemec_ReplicateLayout.replicate_layout 895:found match in dst footprint: 'R50'
08-29 00:10:20 com_github_MitjaNemec_ReplicateLayout.replicate_layout 990:Src text UUid:ba093b77-2243-40ba-81f8-483bbf0185db
08-29 00:10:20 com_github_MitjaNemec_ReplicateLayout.replicate_layout 991:Dst text UUid:e951906a-6fe0-44bc-9b6d-e1fe87162604
08-29 00:10:20 com_github_MitjaNemec_ReplicateLayout.replicate_layout 990:Src text UUid:46ba2679-716b-4cb2-98d0-cdb6119821d1
08-29 00:10:20 com_github_MitjaNemec_ReplicateLayout.replicate_layout 991:Dst text UUid:3a44f023-f243-4aa9-80d4-6b793e6290a2
08-29 00:10:20 com_github_MitjaNemec_ReplicateLayout.replicate_layout 990:Src text UUid:a5803c3c-186e-40da-9549-6a79b6d8bf98
08-29 00:10:20 com_github_MitjaNemec_ReplicateLayout.replicate_layout 991:Dst text UUid:a53f803d-d75e-4525-8bf8-84a794921ed4
08-29 00:10:20 com_github_MitjaNemec_ReplicateLayout.replicate_layout 888:Replicating footprint: 'TP93'
08-29 00:10:20 com_github_MitjaNemec_ReplicateLayout.replicate_layout 835:Src fp.id: '15175B47-07CC-4462-B3C9-5D963B871DFB'
08-29 00:10:20 com_github_MitjaNemec_ReplicateLayout.replicate_layout 839:Dst fp.id: '15175B47-07CC-4462-B3C9-5D963B871DFB'
08-29 00:10:20 com_github_MitjaNemec_ReplicateLayout.replicate_layout 895:found match in dst footprint: 'TP99'
08-29 00:10:20 com_github_MitjaNemec_ReplicateLayout.replicate_layout 990:Src text UUid:a29c5f2c-5368-470c-bf7d-3eb524a9f5a4
08-29 00:10:20 com_github_MitjaNemec_ReplicateLayout.replicate_layout 991:Dst text UUid:dcbc1098-b33a-4310-b11b-45bf2e26d19f
08-29 00:10:20 com_github_MitjaNemec_ReplicateLayout.replicate_layout 990:Src text UUid:b73aa0a7-756d-4772-a66b-825a940b4bb8
08-29 00:10:20 com_github_MitjaNemec_ReplicateLayout.replicate_layout 991:Dst text UUid:c58c883f-27c7-4652-b24c-8406d8c2dc43
08-29 00:10:20 com_github_MitjaNemec_ReplicateLayout.replicate_layout 990:Src text UUid:b2d41304-451a-4f90-ae28-d1d150d70de9
08-29 00:10:20 com_github_MitjaNemec_ReplicateLayout.replicate_layout 991:Dst text UUid:f302384d-009c-4e52-86da-7b5f8dea2773
08-29 00:10:20 com_github_MitjaNemec_ReplicateLayout.replicate_layout 888:Replicating footprint: 'Q1'
08-29 00:10:20 com_github_MitjaNemec_ReplicateLayout.replicate_layout 835:Src fp.id: '8D847CB5-E00B-428D-BD6B-968281E3857C'
08-29 00:10:20 com_github_MitjaNemec_ReplicateLayout.replicate_layout 839:Dst fp.id: '8D847CB5-E00B-428D-BD6B-968281E3857C'
08-29 00:10:20 com_github_MitjaNemec_ReplicateLayout.replicate_layout 895:found match in dst footprint: 'Q100'
08-29 00:10:20 com_github_MitjaNemec_ReplicateLayout.replicate_layout 990:Src text UUid:b1604cc1-d053-4d3e-980d-232d8676de39
08-29 00:10:20 com_github_MitjaNemec_ReplicateLayout.replicate_layout 991:Dst text UUid:146d7b94-b29a-4e36-942f-8aa7f56b70e0
08-29 00:10:20 com_github_MitjaNemec_ReplicateLayout.replicate_layout 990:Src text UUid:c0bb85bc-d328-41e7-bd97-31bf508a662b
08-29 00:10:20 com_github_MitjaNemec_ReplicateLayout.replicate_layout 991:Dst text UUid:12c3d032-3dbb-4f4b-92c1-1668cdd0d74d
08-29 00:10:20 com_github_MitjaNemec_ReplicateLayout.replicate_layout 990:Src text UUid:5e6fa8e6-c520-4ff8-ad92-32b11758bae4
08-29 00:10:20 com_github_MitjaNemec_ReplicateLayout.replicate_layout 991:Dst text UUid:5ebac73e-29d5-4812-9a06-ec43bceab77b
08-29 00:10:20 com_github_MitjaNemec_ReplicateLayout.replicate_layout 870:Replicating footprints on sheet ['/SensorModule5/']
08-29 00:10:20 com_github_MitjaNemec_ReplicateLayout.replicate_layout 835:Src fp.id: '48CE2A11-6FA1-4816-8BEE-2E82038543FF'
08-29 00:10:20 com_github_MitjaNemec_ReplicateLayout.replicate_layout 839:Dst fp.id: '48CE2A11-6FA1-4816-8BEE-2E82038543FF'
08-29 00:10:20 com_github_MitjaNemec_ReplicateLayout.replicate_layout 888:Replicating footprint: 'Q2'
08-29 00:10:20 com_github_MitjaNemec_ReplicateLayout.replicate_layout 835:Src fp.id: 'D3B029CA-A78A-4AD0-B065-5E40F898A58E'
08-29 00:10:20 com_github_MitjaNemec_ReplicateLayout.replicate_layout 839:Dst fp.id: 'D3B029CA-A78A-4AD0-B065-5E40F898A58E'
08-29 00:10:20 com_github_MitjaNemec_ReplicateLayout.replicate_layout 895:found match in dst footprint: 'Q11'
08-29 00:10:20 com_github_MitjaNemec_ReplicateLayout.replicate_layout 990:Src text UUid:8132af40-9520-49cc-b94e-a768fdfb8d6a
08-29 00:10:20 com_github_MitjaNemec_ReplicateLayout.replicate_layout 991:Dst text UUid:f73ad0e2-8180-4780-a9de-219f9a1bb02e
08-29 00:10:20 com_github_MitjaNemec_ReplicateLayout.replicate_layout 990:Src text UUid:bf1c4316-bb3a-49d4-9c30-09e2a468388a
08-29 00:10:20 com_github_MitjaNemec_ReplicateLayout.replicate_layout 991:Dst text UUid:c852212e-fe60-4faf-8e58-78fba4a86af2
08-29 00:10:20 com_github_MitjaNemec_ReplicateLayout.replicate_layout 990:Src text UUid:78cf5bb7-f5b3-4597-8f69-50bf1c3f6479
08-29 00:10:20 com_github_MitjaNemec_ReplicateLayout.replicate_layout 991:Dst text UUid:690e839d-ce23-4b10-8290-c4566ab24ed5
08-29 00:10:20 com_github_MitjaNemec_ReplicateLayout.replicate_layout 888:Replicating footprint: 'C1'
08-29 00:10:20 root 345:updating GUI with: 70
08-29 00:10:20 com_github_MitjaNemec_ReplicateLayout.replicate_layout 835:Src fp.id: '48CE2A11-6FA1-4816-8BEE-2E82038543FF'
08-29 00:10:20 com_github_MitjaNemec_ReplicateLayout.replicate_layout 839:Dst fp.id: '48CE2A11-6FA1-4816-8BEE-2E82038543FF'
08-29 00:10:20 com_github_MitjaNemec_ReplicateLayout.replicate_layout 895:found match in dst footprint: 'C6'
08-29 00:10:20 com_github_MitjaNemec_ReplicateLayout.replicate_layout 990:Src text UUid:7ebf057b-ddf7-4527-92e9-d4d379b3431d
08-29 00:10:20 com_github_MitjaNemec_ReplicateLayout.replicate_layout 991:Dst text UUid:70c38291-58f8-4fde-8779-2b61dbc1fdd0
08-29 00:10:20 com_github_MitjaNemec_ReplicateLayout.replicate_layout 990:Src text UUid:e68fef10-595d-4034-b6ab-00179d33cd62
08-29 00:10:20 com_github_MitjaNemec_ReplicateLayout.replicate_layout 991:Dst text UUid:7c482337-f3d9-4112-96c4-80ac7c23d797
08-29 00:10:20 com_github_MitjaNemec_ReplicateLayout.replicate_layout 990:Src text UUid:c0a551a3-e5e8-4aa2-bad0-1dd864d71ba4
08-29 00:10:20 com_github_MitjaNemec_ReplicateLayout.replicate_layout 991:Dst text UUid:bd265183-9140-4d64-8e80-471baed090ac
08-29 00:10:20 com_github_MitjaNemec_ReplicateLayout.replicate_layout 888:Replicating footprint: 'R1'
08-29 00:10:20 com_github_MitjaNemec_ReplicateLayout.replicate_layout 835:Src fp.id: 'E3A00D99-EE45-46E5-9182-7CB5902749B3'
08-29 00:10:20 com_github_MitjaNemec_ReplicateLayout.replicate_layout 839:Dst fp.id: 'E3A00D99-EE45-46E5-9182-7CB5902749B3'
08-29 00:10:20 com_github_MitjaNemec_ReplicateLayout.replicate_layout 895:found match in dst footprint: 'R6'
08-29 00:10:20 com_github_MitjaNemec_ReplicateLayout.replicate_layout 990:Src text UUid:ba093b77-2243-40ba-81f8-483bbf0185db
08-29 00:10:20 com_github_MitjaNemec_ReplicateLayout.replicate_layout 991:Dst text UUid:f397ecf9-83a4-4e8d-a025-b827bf45e6d0
08-29 00:10:20 com_github_MitjaNemec_ReplicateLayout.replicate_layout 990:Src text UUid:46ba2679-716b-4cb2-98d0-cdb6119821d1
08-29 00:10:20 com_github_MitjaNemec_ReplicateLayout.replicate_layout 991:Dst text UUid:cb5b5f0b-7b92-42d2-97eb-50aee0d54f4e
08-29 00:10:20 com_github_MitjaNemec_ReplicateLayout.replicate_layout 990:Src text UUid:a5803c3c-186e-40da-9549-6a79b6d8bf98
08-29 00:10:20 com_github_MitjaNemec_ReplicateLayout.replicate_layout 991:Dst text UUid:6fee8295-249b-4812-8ea8-ee58a54cf98d
08-29 00:10:20 com_github_MitjaNemec_ReplicateLayout.replicate_layout 888:Replicating footprint: 'TP93'
08-29 00:10:20 com_github_MitjaNemec_ReplicateLayout.replicate_layout 835:Src fp.id: '15175B47-07CC-4462-B3C9-5D963B871DFB'
08-29 00:10:20 com_github_MitjaNemec_ReplicateLayout.replicate_layout 839:Dst fp.id: '15175B47-07CC-4462-B3C9-5D963B871DFB'
08-29 00:10:20 com_github_MitjaNemec_ReplicateLayout.replicate_layout 895:found match in dst footprint: 'TP98'
08-29 00:10:20 com_github_MitjaNemec_ReplicateLayout.replicate_layout 990:Src text UUid:a29c5f2c-5368-470c-bf7d-3eb524a9f5a4
08-29 00:10:20 com_github_MitjaNemec_ReplicateLayout.replicate_layout 991:Dst text UUid:b0fc3b68-3c54-4a16-b794-223dd49b871d
08-29 00:10:20 com_github_MitjaNemec_ReplicateLayout.replicate_layout 990:Src text UUid:b73aa0a7-756d-4772-a66b-825a940b4bb8
08-29 00:10:20 com_github_MitjaNemec_ReplicateLayout.replicate_layout 991:Dst text UUid:b7154f6e-6d0d-45d3-b4ea-df9071f3d8ff
08-29 00:10:20 com_github_MitjaNemec_ReplicateLayout.replicate_layout 990:Src text UUid:b2d41304-451a-4f90-ae28-d1d150d70de9
08-29 00:10:20 com_github_MitjaNemec_ReplicateLayout.replicate_layout 991:Dst text UUid:e9e83d78-33fd-4f3c-b9bd-d976a1298fa1
08-29 00:10:20 com_github_MitjaNemec_ReplicateLayout.replicate_layout 888:Replicating footprint: 'Q1'
08-29 00:10:20 com_github_MitjaNemec_ReplicateLayout.replicate_layout 835:Src fp.id: '8D847CB5-E00B-428D-BD6B-968281E3857C'
08-29 00:10:20 com_github_MitjaNemec_ReplicateLayout.replicate_layout 839:Dst fp.id: '8D847CB5-E00B-428D-BD6B-968281E3857C'
08-29 00:10:20 com_github_MitjaNemec_ReplicateLayout.replicate_layout 895:found match in dst footprint: 'Q12'
08-29 00:10:20 com_github_MitjaNemec_ReplicateLayout.replicate_layout 990:Src text UUid:b1604cc1-d053-4d3e-980d-232d8676de39
08-29 00:10:20 com_github_MitjaNemec_ReplicateLayout.replicate_layout 991:Dst text UUid:f06065ee-eaea-47b6-b34a-9938c41e5aab
08-29 00:10:20 com_github_MitjaNemec_ReplicateLayout.replicate_layout 990:Src text UUid:c0bb85bc-d328-41e7-bd97-31bf508a662b
08-29 00:10:20 com_github_MitjaNemec_ReplicateLayout.replicate_layout 991:Dst text UUid:df3c0cd5-b9b4-46b1-b8f5-544c7ec66652
08-29 00:10:20 com_github_MitjaNemec_ReplicateLayout.replicate_layout 990:Src text UUid:5e6fa8e6-c520-4ff8-ad92-32b11758bae4
08-29 00:10:20 com_github_MitjaNemec_ReplicateLayout.replicate_layout 991:Dst text UUid:89965de7-6f91-471a-925b-ec316069d12f
08-29 00:10:20 com_github_MitjaNemec_ReplicateLayout.replicate_layout 870:Replicating footprints on sheet ['/SensorModule50/']
08-29 00:10:20 com_github_MitjaNemec_ReplicateLayout.replicate_layout 835:Src fp.id: '48CE2A11-6FA1-4816-8BEE-2E82038543FF'
08-29 00:10:20 com_github_MitjaNemec_ReplicateLayout.replicate_layout 839:Dst fp.id: '48CE2A11-6FA1-4816-8BEE-2E82038543FF'
08-29 00:10:20 com_github_MitjaNemec_ReplicateLayout.replicate_layout 888:Replicating footprint: 'Q2'
08-29 00:10:20 com_github_MitjaNemec_ReplicateLayout.replicate_layout 835:Src fp.id: 'D3B029CA-A78A-4AD0-B065-5E40F898A58E'
08-29 00:10:20 com_github_MitjaNemec_ReplicateLayout.replicate_layout 839:Dst fp.id: 'D3B029CA-A78A-4AD0-B065-5E40F898A58E'
08-29 00:10:20 com_github_MitjaNemec_ReplicateLayout.replicate_layout 895:found match in dst footprint: 'Q101'
08-29 00:10:20 com_github_MitjaNemec_ReplicateLayout.replicate_layout 990:Src text UUid:8132af40-9520-49cc-b94e-a768fdfb8d6a
08-29 00:10:20 com_github_MitjaNemec_ReplicateLayout.replicate_layout 991:Dst text UUid:4522d535-8913-4937-b4a7-c772bdf2b60c
08-29 00:10:20 com_github_MitjaNemec_ReplicateLayout.replicate_layout 990:Src text UUid:bf1c4316-bb3a-49d4-9c30-09e2a468388a
08-29 00:10:20 com_github_MitjaNemec_ReplicateLayout.replicate_layout 991:Dst text UUid:13fc58ef-a4aa-485f-8906-f086e86ff5f6
08-29 00:10:20 com_github_MitjaNemec_ReplicateLayout.replicate_layout 990:Src text UUid:78cf5bb7-f5b3-4597-8f69-50bf1c3f6479
08-29 00:10:20 com_github_MitjaNemec_ReplicateLayout.replicate_layout 991:Dst text UUid:c5f55a13-68af-424b-ad97-eadbe01fe37b
08-29 00:10:20 com_github_MitjaNemec_ReplicateLayout.replicate_layout 888:Replicating footprint: 'C1'
08-29 00:10:20 com_github_MitjaNemec_ReplicateLayout.replicate_layout 835:Src fp.id: '48CE2A11-6FA1-4816-8BEE-2E82038543FF'
08-29 00:10:20 com_github_MitjaNemec_ReplicateLayout.replicate_layout 839:Dst fp.id: '48CE2A11-6FA1-4816-8BEE-2E82038543FF'
08-29 00:10:20 com_github_MitjaNemec_ReplicateLayout.replicate_layout 895:found match in dst footprint: 'C51'
08-29 00:10:20 com_github_MitjaNemec_ReplicateLayout.replicate_layout 990:Src text UUid:7ebf057b-ddf7-4527-92e9-d4d379b3431d
08-29 00:10:20 com_github_MitjaNemec_ReplicateLayout.replicate_layout 991:Dst text UUid:cd199303-501e-408c-af59-550d40426a82
08-29 00:10:20 com_github_MitjaNemec_ReplicateLayout.replicate_layout 990:Src text UUid:e68fef10-595d-4034-b6ab-00179d33cd62
08-29 00:10:20 com_github_MitjaNemec_ReplicateLayout.replicate_layout 991:Dst text UUid:22c20e0a-5d66-4ce3-8780-5fd7daeee8fc
08-29 00:10:20 com_github_MitjaNemec_ReplicateLayout.replicate_layout 990:Src text UUid:c0a551a3-e5e8-4aa2-bad0-1dd864d71ba4
08-29 00:10:20 com_github_MitjaNemec_ReplicateLayout.replicate_layout 991:Dst text UUid:8e2d2b0a-055d-4129-af32-f61453161ae8
08-29 00:10:20 com_github_MitjaNemec_ReplicateLayout.replicate_layout 888:Replicating footprint: 'R1'
08-29 00:10:20 com_github_MitjaNemec_ReplicateLayout.replicate_layout 835:Src fp.id: 'E3A00D99-EE45-46E5-9182-7CB5902749B3'
08-29 00:10:20 com_github_MitjaNemec_ReplicateLayout.replicate_layout 839:Dst fp.id: 'E3A00D99-EE45-46E5-9182-7CB5902749B3'
08-29 00:10:20 com_github_MitjaNemec_ReplicateLayout.replicate_layout 895:found match in dst footprint: 'R51'
08-29 00:10:20 com_github_MitjaNemec_ReplicateLayout.replicate_layout 990:Src text UUid:ba093b77-2243-40ba-81f8-483bbf0185db
08-29 00:10:20 com_github_MitjaNemec_ReplicateLayout.replicate_layout 991:Dst text UUid:d6a41122-f17b-4373-b49a-b2481f9d773d
08-29 00:10:20 com_github_MitjaNemec_ReplicateLayout.replicate_layout 990:Src text UUid:46ba2679-716b-4cb2-98d0-cdb6119821d1
08-29 00:10:20 com_github_MitjaNemec_ReplicateLayout.replicate_layout 991:Dst text UUid:528a3eed-72dd-4c4f-83e6-0ef1f56bc6ad
08-29 00:10:20 com_github_MitjaNemec_ReplicateLayout.replicate_layout 990:Src text UUid:a5803c3c-186e-40da-9549-6a79b6d8bf98
08-29 00:10:20 com_github_MitjaNemec_ReplicateLayout.replicate_layout 991:Dst text UUid:40006e0c-3e71-4547-be3d-2328c633d200
08-29 00:10:20 com_github_MitjaNemec_ReplicateLayout.replicate_layout 888:Replicating footprint: 'TP93'
08-29 00:10:20 com_github_MitjaNemec_ReplicateLayout.replicate_layout 835:Src fp.id: '15175B47-07CC-4462-B3C9-5D963B871DFB'
08-29 00:10:20 com_github_MitjaNemec_ReplicateLayout.replicate_layout 839:Dst fp.id: '15175B47-07CC-4462-B3C9-5D963B871DFB'
08-29 00:10:20 com_github_MitjaNemec_ReplicateLayout.replicate_layout 895:found match in dst footprint: 'TP100'
08-29 00:10:20 com_github_MitjaNemec_ReplicateLayout.replicate_layout 990:Src text UUid:a29c5f2c-5368-470c-bf7d-3eb524a9f5a4
08-29 00:10:20 com_github_MitjaNemec_ReplicateLayout.replicate_layout 991:Dst text UUid:2e8d0f9e-72c8-4510-afdf-ac891ce09dfc
08-29 00:10:20 com_github_MitjaNemec_ReplicateLayout.replicate_layout 990:Src text UUid:b73aa0a7-756d-4772-a66b-825a940b4bb8
08-29 00:10:20 com_github_MitjaNemec_ReplicateLayout.replicate_layout 991:Dst text UUid:ebe1257a-a61f-44bc-bea1-6a848a3df0ed
08-29 00:10:20 com_github_MitjaNemec_ReplicateLayout.replicate_layout 990:Src text UUid:b2d41304-451a-4f90-ae28-d1d150d70de9
08-29 00:10:20 com_github_MitjaNemec_ReplicateLayout.replicate_layout 991:Dst text UUid:2c156627-e3ed-465f-a5cf-52cbca728148
08-29 00:10:20 com_github_MitjaNemec_ReplicateLayout.replicate_layout 888:Replicating footprint: 'Q1'
08-29 00:10:20 com_github_MitjaNemec_ReplicateLayout.replicate_layout 835:Src fp.id: '8D847CB5-E00B-428D-BD6B-968281E3857C'
08-29 00:10:20 com_github_MitjaNemec_ReplicateLayout.replicate_layout 839:Dst fp.id: '8D847CB5-E00B-428D-BD6B-968281E3857C'
08-29 00:10:20 com_github_MitjaNemec_ReplicateLayout.replicate_layout 895:found match in dst footprint: 'Q102'
08-29 00:10:20 com_github_MitjaNemec_ReplicateLayout.replicate_layout 990:Src text UUid:b1604cc1-d053-4d3e-980d-232d8676de39
08-29 00:10:20 com_github_MitjaNemec_ReplicateLayout.replicate_layout 991:Dst text UUid:2c252371-a48d-451c-aa3f-8d1a20a013d5
08-29 00:10:20 com_github_MitjaNemec_ReplicateLayout.replicate_layout 990:Src text UUid:c0bb85bc-d328-41e7-bd97-31bf508a662b
08-29 00:10:20 com_github_MitjaNemec_ReplicateLayout.replicate_layout 991:Dst text UUid:7679f37f-203d-4d8d-b09a-12158391ff6b
08-29 00:10:20 com_github_MitjaNemec_ReplicateLayout.replicate_layout 990:Src text UUid:5e6fa8e6-c520-4ff8-ad92-32b11758bae4
08-29 00:10:20 com_github_MitjaNemec_ReplicateLayout.replicate_layout 991:Dst text UUid:28fddd33-b9b0-4885-84dd-d3fd9aa22b20
08-29 00:10:20 com_github_MitjaNemec_ReplicateLayout.replicate_layout 870:Replicating footprints on sheet ['/SensorModule51/']
08-29 00:10:20 com_github_MitjaNemec_ReplicateLayout.replicate_layout 835:Src fp.id: '48CE2A11-6FA1-4816-8BEE-2E82038543FF'
08-29 00:10:20 com_github_MitjaNemec_ReplicateLayout.replicate_layout 839:Dst fp.id: '48CE2A11-6FA1-4816-8BEE-2E82038543FF'
08-29 00:10:20 com_github_MitjaNemec_ReplicateLayout.replicate_layout 888:Replicating footprint: 'Q2'
08-29 00:10:20 root 345:updating GUI with: 73
08-29 00:10:20 com_github_MitjaNemec_ReplicateLayout.replicate_layout 835:Src fp.id: 'D3B029CA-A78A-4AD0-B065-5E40F898A58E'
08-29 00:10:20 com_github_MitjaNemec_ReplicateLayout.replicate_layout 839:Dst fp.id: 'D3B029CA-A78A-4AD0-B065-5E40F898A58E'
08-29 00:10:20 com_github_MitjaNemec_ReplicateLayout.replicate_layout 895:found match in dst footprint: 'Q103'
08-29 00:10:20 com_github_MitjaNemec_ReplicateLayout.replicate_layout 990:Src text UUid:8132af40-9520-49cc-b94e-a768fdfb8d6a
08-29 00:10:20 com_github_MitjaNemec_ReplicateLayout.replicate_layout 991:Dst text UUid:199bade0-2352-45f1-8d9b-7bc096ab6076
08-29 00:10:20 com_github_MitjaNemec_ReplicateLayout.replicate_layout 990:Src text UUid:bf1c4316-bb3a-49d4-9c30-09e2a468388a
08-29 00:10:20 com_github_MitjaNemec_ReplicateLayout.replicate_layout 991:Dst text UUid:d5296cf4-f31a-4dda-84f9-6ff883caaffb
08-29 00:10:20 com_github_MitjaNemec_ReplicateLayout.replicate_layout 990:Src text UUid:78cf5bb7-f5b3-4597-8f69-50bf1c3f6479
08-29 00:10:20 com_github_MitjaNemec_ReplicateLayout.replicate_layout 991:Dst text UUid:04cd75b9-2f2a-4a36-a390-9ed3accbf29a
08-29 00:10:20 com_github_MitjaNemec_ReplicateLayout.replicate_layout 888:Replicating footprint: 'C1'
08-29 00:10:20 com_github_MitjaNemec_ReplicateLayout.replicate_layout 835:Src fp.id: '48CE2A11-6FA1-4816-8BEE-2E82038543FF'
08-29 00:10:20 com_github_MitjaNemec_ReplicateLayout.replicate_layout 839:Dst fp.id: '48CE2A11-6FA1-4816-8BEE-2E82038543FF'
08-29 00:10:20 com_github_MitjaNemec_ReplicateLayout.replicate_layout 895:found match in dst footprint: 'C52'
08-29 00:10:20 com_github_MitjaNemec_ReplicateLayout.replicate_layout 990:Src text UUid:7ebf057b-ddf7-4527-92e9-d4d379b3431d
08-29 00:10:20 com_github_MitjaNemec_ReplicateLayout.replicate_layout 991:Dst text UUid:a695e410-f8e3-4f8b-a38b-4d42ac8178b1
08-29 00:10:20 com_github_MitjaNemec_ReplicateLayout.replicate_layout 990:Src text UUid:e68fef10-595d-4034-b6ab-00179d33cd62
08-29 00:10:20 com_github_MitjaNemec_ReplicateLayout.replicate_layout 991:Dst text UUid:166e0c13-2009-4048-a6d2-9e3bb3eb510c
08-29 00:10:20 com_github_MitjaNemec_ReplicateLayout.replicate_layout 990:Src text UUid:c0a551a3-e5e8-4aa2-bad0-1dd864d71ba4
08-29 00:10:20 com_github_MitjaNemec_ReplicateLayout.replicate_layout 991:Dst text UUid:dd296f13-006a-47df-af14-487482b90067
08-29 00:10:20 com_github_MitjaNemec_ReplicateLayout.replicate_layout 888:Replicating footprint: 'R1'
08-29 00:10:20 com_github_MitjaNemec_ReplicateLayout.replicate_layout 835:Src fp.id: 'E3A00D99-EE45-46E5-9182-7CB5902749B3'
08-29 00:10:20 com_github_MitjaNemec_ReplicateLayout.replicate_layout 839:Dst fp.id: 'E3A00D99-EE45-46E5-9182-7CB5902749B3'
08-29 00:10:20 com_github_MitjaNemec_ReplicateLayout.replicate_layout 895:found match in dst footprint: 'R52'
08-29 00:10:20 com_github_MitjaNemec_ReplicateLayout.replicate_layout 990:Src text UUid:ba093b77-2243-40ba-81f8-483bbf0185db
08-29 00:10:20 com_github_MitjaNemec_ReplicateLayout.replicate_layout 991:Dst text UUid:8c648ee6-4a30-4530-9daa-ba044cbef930
08-29 00:10:20 com_github_MitjaNemec_ReplicateLayout.replicate_layout 990:Src text UUid:46ba2679-716b-4cb2-98d0-cdb6119821d1
08-29 00:10:20 com_github_MitjaNemec_ReplicateLayout.replicate_layout 991:Dst text UUid:afaeedbb-2ee2-4afd-9d04-b95b6036555a
08-29 00:10:20 com_github_MitjaNemec_ReplicateLayout.replicate_layout 990:Src text UUid:a5803c3c-186e-40da-9549-6a79b6d8bf98
08-29 00:10:20 com_github_MitjaNemec_ReplicateLayout.replicate_layout 991:Dst text UUid:d474da1e-13fc-41f4-93f5-4a859329db85
08-29 00:10:20 com_github_MitjaNemec_ReplicateLayout.replicate_layout 888:Replicating footprint: 'TP93'
08-29 00:10:20 com_github_MitjaNemec_ReplicateLayout.replicate_layout 835:Src fp.id: '15175B47-07CC-4462-B3C9-5D963B871DFB'
08-29 00:10:20 com_github_MitjaNemec_ReplicateLayout.replicate_layout 839:Dst fp.id: '15175B47-07CC-4462-B3C9-5D963B871DFB'
08-29 00:10:20 com_github_MitjaNemec_ReplicateLayout.replicate_layout 895:found match in dst footprint: 'TP101'
08-29 00:10:20 com_github_MitjaNemec_ReplicateLayout.replicate_layout 990:Src text UUid:a29c5f2c-5368-470c-bf7d-3eb524a9f5a4
08-29 00:10:20 com_github_MitjaNemec_ReplicateLayout.replicate_layout 991:Dst text UUid:77a12412-85b4-49a0-b137-ab7924964a55
08-29 00:10:20 com_github_MitjaNemec_ReplicateLayout.replicate_layout 990:Src text UUid:b73aa0a7-756d-4772-a66b-825a940b4bb8
08-29 00:10:20 com_github_MitjaNemec_ReplicateLayout.replicate_layout 991:Dst text UUid:f922c54b-8924-491a-9ffc-680f52962686
08-29 00:10:20 com_github_MitjaNemec_ReplicateLayout.replicate_layout 990:Src text UUid:b2d41304-451a-4f90-ae28-d1d150d70de9
08-29 00:10:20 com_github_MitjaNemec_ReplicateLayout.replicate_layout 991:Dst text UUid:bcfcabc2-eb19-4185-afcb-aae43bbdf78c
08-29 00:10:20 com_github_MitjaNemec_ReplicateLayout.replicate_layout 888:Replicating footprint: 'Q1'
08-29 00:10:20 com_github_MitjaNemec_ReplicateLayout.replicate_layout 835:Src fp.id: '8D847CB5-E00B-428D-BD6B-968281E3857C'
08-29 00:10:20 com_github_MitjaNemec_ReplicateLayout.replicate_layout 839:Dst fp.id: '8D847CB5-E00B-428D-BD6B-968281E3857C'
08-29 00:10:20 com_github_MitjaNemec_ReplicateLayout.replicate_layout 895:found match in dst footprint: 'Q104'
08-29 00:10:20 com_github_MitjaNemec_ReplicateLayout.replicate_layout 990:Src text UUid:b1604cc1-d053-4d3e-980d-232d8676de39
08-29 00:10:20 com_github_MitjaNemec_ReplicateLayout.replicate_layout 991:Dst text UUid:77962975-c0d9-461c-a852-fe1023e98d34
08-29 00:10:20 com_github_MitjaNemec_ReplicateLayout.replicate_layout 990:Src text UUid:c0bb85bc-d328-41e7-bd97-31bf508a662b
08-29 00:10:20 com_github_MitjaNemec_ReplicateLayout.replicate_layout 991:Dst text UUid:3ff234d6-9faf-4eab-b06a-531bc7145525
08-29 00:10:20 com_github_MitjaNemec_ReplicateLayout.replicate_layout 990:Src text UUid:5e6fa8e6-c520-4ff8-ad92-32b11758bae4
08-29 00:10:20 com_github_MitjaNemec_ReplicateLayout.replicate_layout 991:Dst text UUid:687f78f8-d09d-43d2-bf36-9a3054452b49
08-29 00:10:20 com_github_MitjaNemec_ReplicateLayout.replicate_layout 870:Replicating footprints on sheet ['/SensorModule52/']
08-29 00:10:20 com_github_MitjaNemec_ReplicateLayout.replicate_layout 835:Src fp.id: '48CE2A11-6FA1-4816-8BEE-2E82038543FF'
08-29 00:10:20 com_github_MitjaNemec_ReplicateLayout.replicate_layout 839:Dst fp.id: '48CE2A11-6FA1-4816-8BEE-2E82038543FF'
08-29 00:10:20 com_github_MitjaNemec_ReplicateLayout.replicate_layout 888:Replicating footprint: 'Q2'
08-29 00:10:20 com_github_MitjaNemec_ReplicateLayout.replicate_layout 835:Src fp.id: 'D3B029CA-A78A-4AD0-B065-5E40F898A58E'
08-29 00:10:20 com_github_MitjaNemec_ReplicateLayout.replicate_layout 839:Dst fp.id: 'D3B029CA-A78A-4AD0-B065-5E40F898A58E'
08-29 00:10:20 com_github_MitjaNemec_ReplicateLayout.replicate_layout 895:found match in dst footprint: 'Q105'
08-29 00:10:20 com_github_MitjaNemec_ReplicateLayout.replicate_layout 990:Src text UUid:8132af40-9520-49cc-b94e-a768fdfb8d6a
08-29 00:10:20 com_github_MitjaNemec_ReplicateLayout.replicate_layout 991:Dst text UUid:c00848ba-ca70-48c5-abaf-f2c46ea35d7f
08-29 00:10:20 com_github_MitjaNemec_ReplicateLayout.replicate_layout 990:Src text UUid:bf1c4316-bb3a-49d4-9c30-09e2a468388a
08-29 00:10:20 com_github_MitjaNemec_ReplicateLayout.replicate_layout 991:Dst text UUid:32d04fc3-8914-4c63-bcae-d7865915eae4
08-29 00:10:20 com_github_MitjaNemec_ReplicateLayout.replicate_layout 990:Src text UUid:78cf5bb7-f5b3-4597-8f69-50bf1c3f6479
08-29 00:10:20 com_github_MitjaNemec_ReplicateLayout.replicate_layout 991:Dst text UUid:a634a9b3-af1c-4977-811b-5f179175eb0b
08-29 00:10:20 com_github_MitjaNemec_ReplicateLayout.replicate_layout 888:Replicating footprint: 'C1'
08-29 00:10:20 com_github_MitjaNemec_ReplicateLayout.replicate_layout 835:Src fp.id: '48CE2A11-6FA1-4816-8BEE-2E82038543FF'
08-29 00:10:20 com_github_MitjaNemec_ReplicateLayout.replicate_layout 839:Dst fp.id: '48CE2A11-6FA1-4816-8BEE-2E82038543FF'
08-29 00:10:20 com_github_MitjaNemec_ReplicateLayout.replicate_layout 895:found match in dst footprint: 'C53'
08-29 00:10:20 com_github_MitjaNemec_ReplicateLayout.replicate_layout 990:Src text UUid:7ebf057b-ddf7-4527-92e9-d4d379b3431d
08-29 00:10:20 com_github_MitjaNemec_ReplicateLayout.replicate_layout 991:Dst text UUid:866c03e8-f475-4e79-bbf2-d87155b019e1
08-29 00:10:20 com_github_MitjaNemec_ReplicateLayout.replicate_layout 990:Src text UUid:e68fef10-595d-4034-b6ab-00179d33cd62
08-29 00:10:20 com_github_MitjaNemec_ReplicateLayout.replicate_layout 991:Dst text UUid:1bee4f6a-f87f-4703-9f9e-4c9ef30248f7
08-29 00:10:20 com_github_MitjaNemec_ReplicateLayout.replicate_layout 990:Src text UUid:c0a551a3-e5e8-4aa2-bad0-1dd864d71ba4
08-29 00:10:20 com_github_MitjaNemec_ReplicateLayout.replicate_layout 991:Dst text UUid:2e2ac949-8234-48b5-b89a-556929241112
08-29 00:10:20 com_github_MitjaNemec_ReplicateLayout.replicate_layout 888:Replicating footprint: 'R1'
08-29 00:10:20 com_github_MitjaNemec_ReplicateLayout.replicate_layout 835:Src fp.id: 'E3A00D99-EE45-46E5-9182-7CB5902749B3'
08-29 00:10:20 com_github_MitjaNemec_ReplicateLayout.replicate_layout 839:Dst fp.id: 'E3A00D99-EE45-46E5-9182-7CB5902749B3'
08-29 00:10:20 com_github_MitjaNemec_ReplicateLayout.replicate_layout 895:found match in dst footprint: 'R53'
08-29 00:10:20 com_github_MitjaNemec_ReplicateLayout.replicate_layout 990:Src text UUid:ba093b77-2243-40ba-81f8-483bbf0185db
08-29 00:10:20 com_github_MitjaNemec_ReplicateLayout.replicate_layout 991:Dst text UUid:5b214115-410c-49d7-b741-ed066b1473f2
08-29 00:10:20 com_github_MitjaNemec_ReplicateLayout.replicate_layout 990:Src text UUid:46ba2679-716b-4cb2-98d0-cdb6119821d1
08-29 00:10:20 com_github_MitjaNemec_ReplicateLayout.replicate_layout 991:Dst text UUid:aff3d2b2-86c5-4fa4-ab81-44177373b2b2
08-29 00:10:20 com_github_MitjaNemec_ReplicateLayout.replicate_layout 990:Src text UUid:a5803c3c-186e-40da-9549-6a79b6d8bf98
08-29 00:10:20 com_github_MitjaNemec_ReplicateLayout.replicate_layout 991:Dst text UUid:e7bb9128-61ef-4a27-be74-c4e4a912874c
08-29 00:10:20 com_github_MitjaNemec_ReplicateLayout.replicate_layout 888:Replicating footprint: 'TP93'
08-29 00:10:20 com_github_MitjaNemec_ReplicateLayout.replicate_layout 835:Src fp.id: '15175B47-07CC-4462-B3C9-5D963B871DFB'
08-29 00:10:20 com_github_MitjaNemec_ReplicateLayout.replicate_layout 839:Dst fp.id: '15175B47-07CC-4462-B3C9-5D963B871DFB'
08-29 00:10:20 com_github_MitjaNemec_ReplicateLayout.replicate_layout 895:found match in dst footprint: 'TP102'
08-29 00:10:20 com_github_MitjaNemec_ReplicateLayout.replicate_layout 990:Src text UUid:a29c5f2c-5368-470c-bf7d-3eb524a9f5a4
08-29 00:10:20 com_github_MitjaNemec_ReplicateLayout.replicate_layout 991:Dst text UUid:a9138a7a-a08a-414c-b064-ea8632f18305
08-29 00:10:20 com_github_MitjaNemec_ReplicateLayout.replicate_layout 990:Src text UUid:b73aa0a7-756d-4772-a66b-825a940b4bb8
08-29 00:10:20 com_github_MitjaNemec_ReplicateLayout.replicate_layout 991:Dst text UUid:925d0780-7341-4daf-8741-5b9c09cf9af9
08-29 00:10:20 com_github_MitjaNemec_ReplicateLayout.replicate_layout 990:Src text UUid:b2d41304-451a-4f90-ae28-d1d150d70de9
08-29 00:10:20 com_github_MitjaNemec_ReplicateLayout.replicate_layout 991:Dst text UUid:3cc6518c-1686-4a92-9213-102a03dec17d
08-29 00:10:20 com_github_MitjaNemec_ReplicateLayout.replicate_layout 888:Replicating footprint: 'Q1'
08-29 00:10:20 com_github_MitjaNemec_ReplicateLayout.replicate_layout 835:Src fp.id: '8D847CB5-E00B-428D-BD6B-968281E3857C'
08-29 00:10:20 com_github_MitjaNemec_ReplicateLayout.replicate_layout 839:Dst fp.id: '8D847CB5-E00B-428D-BD6B-968281E3857C'
08-29 00:10:20 com_github_MitjaNemec_ReplicateLayout.replicate_layout 895:found match in dst footprint: 'Q106'
08-29 00:10:20 com_github_MitjaNemec_ReplicateLayout.replicate_layout 990:Src text UUid:b1604cc1-d053-4d3e-980d-232d8676de39
08-29 00:10:20 com_github_MitjaNemec_ReplicateLayout.replicate_layout 991:Dst text UUid:eede1a1b-0904-4024-99b2-04ab498e5ae6
08-29 00:10:20 com_github_MitjaNemec_ReplicateLayout.replicate_layout 990:Src text UUid:c0bb85bc-d328-41e7-bd97-31bf508a662b
08-29 00:10:20 com_github_MitjaNemec_ReplicateLayout.replicate_layout 991:Dst text UUid:cad6b145-1d7e-4e73-9028-b0b87f96987e
08-29 00:10:20 com_github_MitjaNemec_ReplicateLayout.replicate_layout 990:Src text UUid:5e6fa8e6-c520-4ff8-ad92-32b11758bae4
08-29 00:10:20 com_github_MitjaNemec_ReplicateLayout.replicate_layout 991:Dst text UUid:b763769b-ef36-4454-84ec-b59a4c1811c3
08-29 00:10:20 root 345:updating GUI with: 76
08-29 00:10:20 com_github_MitjaNemec_ReplicateLayout.replicate_layout 870:Replicating footprints on sheet ['/SensorModule53/']
08-29 00:10:20 com_github_MitjaNemec_ReplicateLayout.replicate_layout 835:Src fp.id: '48CE2A11-6FA1-4816-8BEE-2E82038543FF'
08-29 00:10:20 com_github_MitjaNemec_ReplicateLayout.replicate_layout 839:Dst fp.id: '48CE2A11-6FA1-4816-8BEE-2E82038543FF'
08-29 00:10:20 com_github_MitjaNemec_ReplicateLayout.replicate_layout 888:Replicating footprint: 'Q2'
08-29 00:10:20 com_github_MitjaNemec_ReplicateLayout.replicate_layout 835:Src fp.id: 'D3B029CA-A78A-4AD0-B065-5E40F898A58E'
08-29 00:10:20 com_github_MitjaNemec_ReplicateLayout.replicate_layout 839:Dst fp.id: 'D3B029CA-A78A-4AD0-B065-5E40F898A58E'
08-29 00:10:20 com_github_MitjaNemec_ReplicateLayout.replicate_layout 895:found match in dst footprint: 'Q107'
08-29 00:10:20 com_github_MitjaNemec_ReplicateLayout.replicate_layout 990:Src text UUid:8132af40-9520-49cc-b94e-a768fdfb8d6a
08-29 00:10:20 com_github_MitjaNemec_ReplicateLayout.replicate_layout 991:Dst text UUid:31e93f37-00ab-49d5-a7c6-9336cfb6a7e8
08-29 00:10:20 com_github_MitjaNemec_ReplicateLayout.replicate_layout 990:Src text UUid:bf1c4316-bb3a-49d4-9c30-09e2a468388a
08-29 00:10:20 com_github_MitjaNemec_ReplicateLayout.replicate_layout 991:Dst text UUid:d935c42f-a669-4b19-b49f-9a758643b780
08-29 00:10:20 com_github_MitjaNemec_ReplicateLayout.replicate_layout 990:Src text UUid:78cf5bb7-f5b3-4597-8f69-50bf1c3f6479
08-29 00:10:20 com_github_MitjaNemec_ReplicateLayout.replicate_layout 991:Dst text UUid:7873f66a-6317-4608-8183-010659b9201b
08-29 00:10:20 com_github_MitjaNemec_ReplicateLayout.replicate_layout 888:Replicating footprint: 'C1'
08-29 00:10:20 com_github_MitjaNemec_ReplicateLayout.replicate_layout 835:Src fp.id: '48CE2A11-6FA1-4816-8BEE-2E82038543FF'
08-29 00:10:20 com_github_MitjaNemec_ReplicateLayout.replicate_layout 839:Dst fp.id: '48CE2A11-6FA1-4816-8BEE-2E82038543FF'
08-29 00:10:20 com_github_MitjaNemec_ReplicateLayout.replicate_layout 895:found match in dst footprint: 'C54'
08-29 00:10:20 com_github_MitjaNemec_ReplicateLayout.replicate_layout 990:Src text UUid:7ebf057b-ddf7-4527-92e9-d4d379b3431d
08-29 00:10:20 com_github_MitjaNemec_ReplicateLayout.replicate_layout 991:Dst text UUid:ffa7394f-f012-41b8-b7a5-9ba26da0f3e4
08-29 00:10:20 com_github_MitjaNemec_ReplicateLayout.replicate_layout 990:Src text UUid:e68fef10-595d-4034-b6ab-00179d33cd62
08-29 00:10:20 com_github_MitjaNemec_ReplicateLayout.replicate_layout 991:Dst text UUid:7c23e26c-82ba-4001-aa83-ed6c80a7d1b6
08-29 00:10:20 com_github_MitjaNemec_ReplicateLayout.replicate_layout 990:Src text UUid:c0a551a3-e5e8-4aa2-bad0-1dd864d71ba4
08-29 00:10:20 com_github_MitjaNemec_ReplicateLayout.replicate_layout 991:Dst text UUid:1105c1a9-7ac4-4465-bc0b-54940390ca06
08-29 00:10:20 com_github_MitjaNemec_ReplicateLayout.replicate_layout 888:Replicating footprint: 'R1'
08-29 00:10:20 com_github_MitjaNemec_ReplicateLayout.replicate_layout 835:Src fp.id: 'E3A00D99-EE45-46E5-9182-7CB5902749B3'
08-29 00:10:20 com_github_MitjaNemec_ReplicateLayout.replicate_layout 839:Dst fp.id: 'E3A00D99-EE45-46E5-9182-7CB5902749B3'
08-29 00:10:20 com_github_MitjaNemec_ReplicateLayout.replicate_layout 895:found match in dst footprint: 'R54'
08-29 00:10:20 com_github_MitjaNemec_ReplicateLayout.replicate_layout 990:Src text UUid:ba093b77-2243-40ba-81f8-483bbf0185db
08-29 00:10:20 com_github_MitjaNemec_ReplicateLayout.replicate_layout 991:Dst text UUid:f9d6bdd4-1cc0-405d-97bc-eb1f715d5df5
08-29 00:10:20 com_github_MitjaNemec_ReplicateLayout.replicate_layout 990:Src text UUid:46ba2679-716b-4cb2-98d0-cdb6119821d1
08-29 00:10:20 com_github_MitjaNemec_ReplicateLayout.replicate_layout 991:Dst text UUid:9e78ac40-8ffa-4585-b18b-776d7000d286
08-29 00:10:20 com_github_MitjaNemec_ReplicateLayout.replicate_layout 990:Src text UUid:a5803c3c-186e-40da-9549-6a79b6d8bf98
08-29 00:10:20 com_github_MitjaNemec_ReplicateLayout.replicate_layout 991:Dst text UUid:ffef0306-8181-4209-8ed4-ac40178380af
08-29 00:10:20 com_github_MitjaNemec_ReplicateLayout.replicate_layout 888:Replicating footprint: 'TP93'
08-29 00:10:20 com_github_MitjaNemec_ReplicateLayout.replicate_layout 835:Src fp.id: '15175B47-07CC-4462-B3C9-5D963B871DFB'
08-29 00:10:20 com_github_MitjaNemec_ReplicateLayout.replicate_layout 839:Dst fp.id: '15175B47-07CC-4462-B3C9-5D963B871DFB'
08-29 00:10:20 com_github_MitjaNemec_ReplicateLayout.replicate_layout 895:found match in dst footprint: 'TP103'
08-29 00:10:20 com_github_MitjaNemec_ReplicateLayout.replicate_layout 990:Src text UUid:a29c5f2c-5368-470c-bf7d-3eb524a9f5a4
08-29 00:10:20 com_github_MitjaNemec_ReplicateLayout.replicate_layout 991:Dst text UUid:b4d4d553-5198-480a-a86e-d524d16ae72a
08-29 00:10:20 com_github_MitjaNemec_ReplicateLayout.replicate_layout 990:Src text UUid:b73aa0a7-756d-4772-a66b-825a940b4bb8
08-29 00:10:20 com_github_MitjaNemec_ReplicateLayout.replicate_layout 991:Dst text UUid:e4c02f9f-d693-45cd-a49f-addacf74b9f9
08-29 00:10:20 com_github_MitjaNemec_ReplicateLayout.replicate_layout 990:Src text UUid:b2d41304-451a-4f90-ae28-d1d150d70de9
08-29 00:10:20 com_github_MitjaNemec_ReplicateLayout.replicate_layout 991:Dst text UUid:3b724d70-2de5-497f-aef5-153c0124a8c0
08-29 00:10:20 com_github_MitjaNemec_ReplicateLayout.replicate_layout 888:Replicating footprint: 'Q1'
08-29 00:10:20 com_github_MitjaNemec_ReplicateLayout.replicate_layout 835:Src fp.id: '8D847CB5-E00B-428D-BD6B-968281E3857C'
08-29 00:10:20 com_github_MitjaNemec_ReplicateLayout.replicate_layout 839:Dst fp.id: '8D847CB5-E00B-428D-BD6B-968281E3857C'
08-29 00:10:20 com_github_MitjaNemec_ReplicateLayout.replicate_layout 895:found match in dst footprint: 'Q108'
08-29 00:10:20 com_github_MitjaNemec_ReplicateLayout.replicate_layout 990:Src text UUid:b1604cc1-d053-4d3e-980d-232d8676de39
08-29 00:10:20 com_github_MitjaNemec_ReplicateLayout.replicate_layout 991:Dst text UUid:94a639f2-0514-46ce-b468-34db05614572
08-29 00:10:20 com_github_MitjaNemec_ReplicateLayout.replicate_layout 990:Src text UUid:c0bb85bc-d328-41e7-bd97-31bf508a662b
08-29 00:10:20 com_github_MitjaNemec_ReplicateLayout.replicate_layout 991:Dst text UUid:949d4c8e-12b8-46d3-b1ce-11b25e28a224
08-29 00:10:20 com_github_MitjaNemec_ReplicateLayout.replicate_layout 990:Src text UUid:5e6fa8e6-c520-4ff8-ad92-32b11758bae4
08-29 00:10:20 com_github_MitjaNemec_ReplicateLayout.replicate_layout 991:Dst text UUid:74953faf-8b51-434d-ae04-f33ac7d1e2e6
08-29 00:10:20 com_github_MitjaNemec_ReplicateLayout.replicate_layout 870:Replicating footprints on sheet ['/SensorModule54/']
08-29 00:10:20 com_github_MitjaNemec_ReplicateLayout.replicate_layout 835:Src fp.id: '48CE2A11-6FA1-4816-8BEE-2E82038543FF'
08-29 00:10:20 com_github_MitjaNemec_ReplicateLayout.replicate_layout 839:Dst fp.id: '48CE2A11-6FA1-4816-8BEE-2E82038543FF'
08-29 00:10:20 com_github_MitjaNemec_ReplicateLayout.replicate_layout 888:Replicating footprint: 'Q2'
08-29 00:10:20 com_github_MitjaNemec_ReplicateLayout.replicate_layout 835:Src fp.id: 'D3B029CA-A78A-4AD0-B065-5E40F898A58E'
08-29 00:10:20 com_github_MitjaNemec_ReplicateLayout.replicate_layout 839:Dst fp.id: 'D3B029CA-A78A-4AD0-B065-5E40F898A58E'
08-29 00:10:20 com_github_MitjaNemec_ReplicateLayout.replicate_layout 895:found match in dst footprint: 'Q109'
08-29 00:10:20 com_github_MitjaNemec_ReplicateLayout.replicate_layout 990:Src text UUid:8132af40-9520-49cc-b94e-a768fdfb8d6a
08-29 00:10:20 com_github_MitjaNemec_ReplicateLayout.replicate_layout 991:Dst text UUid:9d130291-53bf-4e13-a9b0-f958e69b0b3d
08-29 00:10:20 com_github_MitjaNemec_ReplicateLayout.replicate_layout 990:Src text UUid:bf1c4316-bb3a-49d4-9c30-09e2a468388a
08-29 00:10:20 com_github_MitjaNemec_ReplicateLayout.replicate_layout 991:Dst text UUid:3d55260a-999a-42af-bb5b-8ba00c8e4442
08-29 00:10:20 com_github_MitjaNemec_ReplicateLayout.replicate_layout 990:Src text UUid:78cf5bb7-f5b3-4597-8f69-50bf1c3f6479
08-29 00:10:20 com_github_MitjaNemec_ReplicateLayout.replicate_layout 991:Dst text UUid:f7a18f2a-9724-48eb-aab9-f3dd04bdc425
08-29 00:10:20 com_github_MitjaNemec_ReplicateLayout.replicate_layout 888:Replicating footprint: 'C1'
08-29 00:10:20 com_github_MitjaNemec_ReplicateLayout.replicate_layout 835:Src fp.id: '48CE2A11-6FA1-4816-8BEE-2E82038543FF'
08-29 00:10:20 com_github_MitjaNemec_ReplicateLayout.replicate_layout 839:Dst fp.id: '48CE2A11-6FA1-4816-8BEE-2E82038543FF'
08-29 00:10:20 com_github_MitjaNemec_ReplicateLayout.replicate_layout 895:found match in dst footprint: 'C55'
08-29 00:10:20 com_github_MitjaNemec_ReplicateLayout.replicate_layout 990:Src text UUid:7ebf057b-ddf7-4527-92e9-d4d379b3431d
08-29 00:10:20 com_github_MitjaNemec_ReplicateLayout.replicate_layout 991:Dst text UUid:95023e9a-76d7-4bf5-832d-13192e3f7ba6
08-29 00:10:20 com_github_MitjaNemec_ReplicateLayout.replicate_layout 990:Src text UUid:e68fef10-595d-4034-b6ab-00179d33cd62
08-29 00:10:20 com_github_MitjaNemec_ReplicateLayout.replicate_layout 991:Dst text UUid:b97d3405-2964-479b-9eaa-cd785b0407c4
08-29 00:10:20 com_github_MitjaNemec_ReplicateLayout.replicate_layout 990:Src text UUid:c0a551a3-e5e8-4aa2-bad0-1dd864d71ba4
08-29 00:10:20 com_github_MitjaNemec_ReplicateLayout.replicate_layout 991:Dst text UUid:d9800f64-cdc5-4f00-b554-abde239d420b
08-29 00:10:20 com_github_MitjaNemec_ReplicateLayout.replicate_layout 888:Replicating footprint: 'R1'
08-29 00:10:20 com_github_MitjaNemec_ReplicateLayout.replicate_layout 835:Src fp.id: 'E3A00D99-EE45-46E5-9182-7CB5902749B3'
08-29 00:10:20 com_github_MitjaNemec_ReplicateLayout.replicate_layout 839:Dst fp.id: 'E3A00D99-EE45-46E5-9182-7CB5902749B3'
08-29 00:10:20 com_github_MitjaNemec_ReplicateLayout.replicate_layout 895:found match in dst footprint: 'R55'
08-29 00:10:20 com_github_MitjaNemec_ReplicateLayout.replicate_layout 990:Src text UUid:ba093b77-2243-40ba-81f8-483bbf0185db
08-29 00:10:20 com_github_MitjaNemec_ReplicateLayout.replicate_layout 991:Dst text UUid:dc1b428f-434b-4a62-a975-93314c315365
08-29 00:10:20 com_github_MitjaNemec_ReplicateLayout.replicate_layout 990:Src text UUid:46ba2679-716b-4cb2-98d0-cdb6119821d1
08-29 00:10:20 com_github_MitjaNemec_ReplicateLayout.replicate_layout 991:Dst text UUid:773edd8f-13ee-458a-ad5d-f3bf84bf4b3f
08-29 00:10:20 com_github_MitjaNemec_ReplicateLayout.replicate_layout 990:Src text UUid:a5803c3c-186e-40da-9549-6a79b6d8bf98
08-29 00:10:20 com_github_MitjaNemec_ReplicateLayout.replicate_layout 991:Dst text UUid:26866879-55e6-4ca8-a688-16c8023acc6e
08-29 00:10:20 com_github_MitjaNemec_ReplicateLayout.replicate_layout 888:Replicating footprint: 'TP93'
08-29 00:10:20 com_github_MitjaNemec_ReplicateLayout.replicate_layout 835:Src fp.id: '15175B47-07CC-4462-B3C9-5D963B871DFB'
08-29 00:10:20 com_github_MitjaNemec_ReplicateLayout.replicate_layout 839:Dst fp.id: '15175B47-07CC-4462-B3C9-5D963B871DFB'
08-29 00:10:20 com_github_MitjaNemec_ReplicateLayout.replicate_layout 895:found match in dst footprint: 'TP104'
08-29 00:10:20 com_github_MitjaNemec_ReplicateLayout.replicate_layout 990:Src text UUid:a29c5f2c-5368-470c-bf7d-3eb524a9f5a4
08-29 00:10:20 com_github_MitjaNemec_ReplicateLayout.replicate_layout 991:Dst text UUid:4d89a2a1-3a6d-4842-92e5-61f0a8639866
08-29 00:10:20 com_github_MitjaNemec_ReplicateLayout.replicate_layout 990:Src text UUid:b73aa0a7-756d-4772-a66b-825a940b4bb8
08-29 00:10:20 com_github_MitjaNemec_ReplicateLayout.replicate_layout 991:Dst text UUid:609125ad-d151-4c18-867c-08bfd467ff69
08-29 00:10:20 com_github_MitjaNemec_ReplicateLayout.replicate_layout 990:Src text UUid:b2d41304-451a-4f90-ae28-d1d150d70de9
08-29 00:10:20 com_github_MitjaNemec_ReplicateLayout.replicate_layout 991:Dst text UUid:0d5216ff-91f8-4a7f-9fc0-0d61567fe479
08-29 00:10:20 com_github_MitjaNemec_ReplicateLayout.replicate_layout 888:Replicating footprint: 'Q1'
08-29 00:10:20 com_github_MitjaNemec_ReplicateLayout.replicate_layout 835:Src fp.id: '8D847CB5-E00B-428D-BD6B-968281E3857C'
08-29 00:10:20 com_github_MitjaNemec_ReplicateLayout.replicate_layout 839:Dst fp.id: '8D847CB5-E00B-428D-BD6B-968281E3857C'
08-29 00:10:20 com_github_MitjaNemec_ReplicateLayout.replicate_layout 895:found match in dst footprint: 'Q110'
08-29 00:10:20 com_github_MitjaNemec_ReplicateLayout.replicate_layout 990:Src text UUid:b1604cc1-d053-4d3e-980d-232d8676de39
08-29 00:10:20 com_github_MitjaNemec_ReplicateLayout.replicate_layout 991:Dst text UUid:a26f7ed1-64d9-440d-b95a-f87ac770636a
08-29 00:10:20 com_github_MitjaNemec_ReplicateLayout.replicate_layout 990:Src text UUid:c0bb85bc-d328-41e7-bd97-31bf508a662b
08-29 00:10:20 com_github_MitjaNemec_ReplicateLayout.replicate_layout 991:Dst text UUid:236d8f7f-7628-469d-9dbe-ae613bcf2529
08-29 00:10:20 com_github_MitjaNemec_ReplicateLayout.replicate_layout 990:Src text UUid:5e6fa8e6-c520-4ff8-ad92-32b11758bae4
08-29 00:10:20 com_github_MitjaNemec_ReplicateLayout.replicate_layout 991:Dst text UUid:6531af13-8076-42f5-b3de-6ffcc061f758
08-29 00:10:20 root 345:updating GUI with: 79
08-29 00:10:20 com_github_MitjaNemec_ReplicateLayout.replicate_layout 870:Replicating footprints on sheet ['/SensorModule55/']
08-29 00:10:20 com_github_MitjaNemec_ReplicateLayout.replicate_layout 835:Src fp.id: '48CE2A11-6FA1-4816-8BEE-2E82038543FF'
08-29 00:10:20 com_github_MitjaNemec_ReplicateLayout.replicate_layout 839:Dst fp.id: '48CE2A11-6FA1-4816-8BEE-2E82038543FF'
08-29 00:10:20 com_github_MitjaNemec_ReplicateLayout.replicate_layout 888:Replicating footprint: 'Q2'
08-29 00:10:20 com_github_MitjaNemec_ReplicateLayout.replicate_layout 835:Src fp.id: 'D3B029CA-A78A-4AD0-B065-5E40F898A58E'
08-29 00:10:20 com_github_MitjaNemec_ReplicateLayout.replicate_layout 839:Dst fp.id: 'D3B029CA-A78A-4AD0-B065-5E40F898A58E'
08-29 00:10:20 com_github_MitjaNemec_ReplicateLayout.replicate_layout 895:found match in dst footprint: 'Q111'
08-29 00:10:20 com_github_MitjaNemec_ReplicateLayout.replicate_layout 990:Src text UUid:8132af40-9520-49cc-b94e-a768fdfb8d6a
08-29 00:10:20 com_github_MitjaNemec_ReplicateLayout.replicate_layout 991:Dst text UUid:18a1a277-1806-4390-ae22-adc4b9f23a05
08-29 00:10:20 com_github_MitjaNemec_ReplicateLayout.replicate_layout 990:Src text UUid:bf1c4316-bb3a-49d4-9c30-09e2a468388a
08-29 00:10:20 com_github_MitjaNemec_ReplicateLayout.replicate_layout 991:Dst text UUid:52f16614-8624-45f0-aeb6-fd98ff77f81b
08-29 00:10:20 com_github_MitjaNemec_ReplicateLayout.replicate_layout 990:Src text UUid:78cf5bb7-f5b3-4597-8f69-50bf1c3f6479
08-29 00:10:20 com_github_MitjaNemec_ReplicateLayout.replicate_layout 991:Dst text UUid:c7d72f09-cde9-41bf-82f2-5146f84fcb8a
08-29 00:10:20 com_github_MitjaNemec_ReplicateLayout.replicate_layout 888:Replicating footprint: 'C1'
08-29 00:10:20 com_github_MitjaNemec_ReplicateLayout.replicate_layout 835:Src fp.id: '48CE2A11-6FA1-4816-8BEE-2E82038543FF'
08-29 00:10:20 com_github_MitjaNemec_ReplicateLayout.replicate_layout 839:Dst fp.id: '48CE2A11-6FA1-4816-8BEE-2E82038543FF'
08-29 00:10:20 com_github_MitjaNemec_ReplicateLayout.replicate_layout 895:found match in dst footprint: 'C56'
08-29 00:10:20 com_github_MitjaNemec_ReplicateLayout.replicate_layout 990:Src text UUid:7ebf057b-ddf7-4527-92e9-d4d379b3431d
08-29 00:10:20 com_github_MitjaNemec_ReplicateLayout.replicate_layout 991:Dst text UUid:ab1d955e-6727-44a9-828b-74e46b3fe731
08-29 00:10:20 com_github_MitjaNemec_ReplicateLayout.replicate_layout 990:Src text UUid:e68fef10-595d-4034-b6ab-00179d33cd62
08-29 00:10:20 com_github_MitjaNemec_ReplicateLayout.replicate_layout 991:Dst text UUid:18992d85-35ea-436e-ba25-5249e3ee9425
08-29 00:10:20 com_github_MitjaNemec_ReplicateLayout.replicate_layout 990:Src text UUid:c0a551a3-e5e8-4aa2-bad0-1dd864d71ba4
08-29 00:10:20 com_github_MitjaNemec_ReplicateLayout.replicate_layout 991:Dst text UUid:3c166e3e-767a-49e0-a279-13790c2df831
08-29 00:10:20 com_github_MitjaNemec_ReplicateLayout.replicate_layout 888:Replicating footprint: 'R1'
08-29 00:10:20 com_github_MitjaNemec_ReplicateLayout.replicate_layout 835:Src fp.id: 'E3A00D99-EE45-46E5-9182-7CB5902749B3'
08-29 00:10:20 com_github_MitjaNemec_ReplicateLayout.replicate_layout 839:Dst fp.id: 'E3A00D99-EE45-46E5-9182-7CB5902749B3'
08-29 00:10:20 com_github_MitjaNemec_ReplicateLayout.replicate_layout 895:found match in dst footprint: 'R56'
08-29 00:10:20 com_github_MitjaNemec_ReplicateLayout.replicate_layout 990:Src text UUid:ba093b77-2243-40ba-81f8-483bbf0185db
08-29 00:10:20 com_github_MitjaNemec_ReplicateLayout.replicate_layout 991:Dst text UUid:0a2128bb-f78c-47cd-9884-e26fff70a1f9
08-29 00:10:20 com_github_MitjaNemec_ReplicateLayout.replicate_layout 990:Src text UUid:46ba2679-716b-4cb2-98d0-cdb6119821d1
08-29 00:10:20 com_github_MitjaNemec_ReplicateLayout.replicate_layout 991:Dst text UUid:0aa1e0af-f519-493f-bd76-2ea84a329df2
08-29 00:10:20 com_github_MitjaNemec_ReplicateLayout.replicate_layout 990:Src text UUid:a5803c3c-186e-40da-9549-6a79b6d8bf98
08-29 00:10:20 com_github_MitjaNemec_ReplicateLayout.replicate_layout 991:Dst text UUid:9247ae18-4644-4677-947a-2f4c098b8327
08-29 00:10:20 com_github_MitjaNemec_ReplicateLayout.replicate_layout 888:Replicating footprint: 'TP93'
08-29 00:10:20 com_github_MitjaNemec_ReplicateLayout.replicate_layout 835:Src fp.id: '15175B47-07CC-4462-B3C9-5D963B871DFB'
08-29 00:10:20 com_github_MitjaNemec_ReplicateLayout.replicate_layout 839:Dst fp.id: '15175B47-07CC-4462-B3C9-5D963B871DFB'
08-29 00:10:20 com_github_MitjaNemec_ReplicateLayout.replicate_layout 895:found match in dst footprint: 'TP105'
08-29 00:10:20 com_github_MitjaNemec_ReplicateLayout.replicate_layout 990:Src text UUid:a29c5f2c-5368-470c-bf7d-3eb524a9f5a4
08-29 00:10:20 com_github_MitjaNemec_ReplicateLayout.replicate_layout 991:Dst text UUid:f50c9928-e6e3-4f74-b9f3-b6857a6eec43
08-29 00:10:20 com_github_MitjaNemec_ReplicateLayout.replicate_layout 990:Src text UUid:b73aa0a7-756d-4772-a66b-825a940b4bb8
08-29 00:10:20 com_github_MitjaNemec_ReplicateLayout.replicate_layout 991:Dst text UUid:3ea036c6-c684-41db-809d-3c342a255424
08-29 00:10:20 com_github_MitjaNemec_ReplicateLayout.replicate_layout 990:Src text UUid:b2d41304-451a-4f90-ae28-d1d150d70de9
08-29 00:10:20 com_github_MitjaNemec_ReplicateLayout.replicate_layout 991:Dst text UUid:71f4efed-2468-4cd5-a008-8bb3eb1621ef
08-29 00:10:20 com_github_MitjaNemec_ReplicateLayout.replicate_layout 888:Replicating footprint: 'Q1'
08-29 00:10:20 com_github_MitjaNemec_ReplicateLayout.replicate_layout 835:Src fp.id: '8D847CB5-E00B-428D-BD6B-968281E3857C'
08-29 00:10:20 com_github_MitjaNemec_ReplicateLayout.replicate_layout 839:Dst fp.id: '8D847CB5-E00B-428D-BD6B-968281E3857C'
08-29 00:10:20 com_github_MitjaNemec_ReplicateLayout.replicate_layout 895:found match in dst footprint: 'Q112'
08-29 00:10:20 com_github_MitjaNemec_ReplicateLayout.replicate_layout 990:Src text UUid:b1604cc1-d053-4d3e-980d-232d8676de39
08-29 00:10:20 com_github_MitjaNemec_ReplicateLayout.replicate_layout 991:Dst text UUid:09929397-b91f-4e22-85c7-bf417432fc00
08-29 00:10:20 com_github_MitjaNemec_ReplicateLayout.replicate_layout 990:Src text UUid:c0bb85bc-d328-41e7-bd97-31bf508a662b
08-29 00:10:20 com_github_MitjaNemec_ReplicateLayout.replicate_layout 991:Dst text UUid:35aec799-6b21-4a61-8696-8d61e576c25f
08-29 00:10:20 com_github_MitjaNemec_ReplicateLayout.replicate_layout 990:Src text UUid:5e6fa8e6-c520-4ff8-ad92-32b11758bae4
08-29 00:10:20 com_github_MitjaNemec_ReplicateLayout.replicate_layout 991:Dst text UUid:1ae69714-4d26-43b7-bd23-15994ba1aa64
08-29 00:10:20 com_github_MitjaNemec_ReplicateLayout.replicate_layout 870:Replicating footprints on sheet ['/SensorModule56/']
08-29 00:10:20 com_github_MitjaNemec_ReplicateLayout.replicate_layout 835:Src fp.id: '48CE2A11-6FA1-4816-8BEE-2E82038543FF'
08-29 00:10:20 com_github_MitjaNemec_ReplicateLayout.replicate_layout 839:Dst fp.id: '48CE2A11-6FA1-4816-8BEE-2E82038543FF'
08-29 00:10:20 com_github_MitjaNemec_ReplicateLayout.replicate_layout 888:Replicating footprint: 'Q2'
08-29 00:10:20 com_github_MitjaNemec_ReplicateLayout.replicate_layout 835:Src fp.id: 'D3B029CA-A78A-4AD0-B065-5E40F898A58E'
08-29 00:10:20 com_github_MitjaNemec_ReplicateLayout.replicate_layout 839:Dst fp.id: 'D3B029CA-A78A-4AD0-B065-5E40F898A58E'
08-29 00:10:20 com_github_MitjaNemec_ReplicateLayout.replicate_layout 895:found match in dst footprint: 'Q113'
08-29 00:10:20 com_github_MitjaNemec_ReplicateLayout.replicate_layout 990:Src text UUid:8132af40-9520-49cc-b94e-a768fdfb8d6a
08-29 00:10:20 com_github_MitjaNemec_ReplicateLayout.replicate_layout 991:Dst text UUid:ad429057-23f0-4157-9eb9-14864bf6e2a6
08-29 00:10:20 com_github_MitjaNemec_ReplicateLayout.replicate_layout 990:Src text UUid:bf1c4316-bb3a-49d4-9c30-09e2a468388a
08-29 00:10:20 com_github_MitjaNemec_ReplicateLayout.replicate_layout 991:Dst text UUid:4f6cbe16-be90-43e2-8335-7ed6a5b5ac36
08-29 00:10:20 com_github_MitjaNemec_ReplicateLayout.replicate_layout 990:Src text UUid:78cf5bb7-f5b3-4597-8f69-50bf1c3f6479
08-29 00:10:20 com_github_MitjaNemec_ReplicateLayout.replicate_layout 991:Dst text UUid:e6bee588-e03a-457f-8524-58bd150d261d
08-29 00:10:20 com_github_MitjaNemec_ReplicateLayout.replicate_layout 888:Replicating footprint: 'C1'
08-29 00:10:20 com_github_MitjaNemec_ReplicateLayout.replicate_layout 835:Src fp.id: '48CE2A11-6FA1-4816-8BEE-2E82038543FF'
08-29 00:10:20 com_github_MitjaNemec_ReplicateLayout.replicate_layout 839:Dst fp.id: '48CE2A11-6FA1-4816-8BEE-2E82038543FF'
08-29 00:10:20 com_github_MitjaNemec_ReplicateLayout.replicate_layout 895:found match in dst footprint: 'C57'
08-29 00:10:20 com_github_MitjaNemec_ReplicateLayout.replicate_layout 990:Src text UUid:7ebf057b-ddf7-4527-92e9-d4d379b3431d
08-29 00:10:20 com_github_MitjaNemec_ReplicateLayout.replicate_layout 991:Dst text UUid:98f7055c-921b-41da-a88a-c050317dbbaa
08-29 00:10:20 com_github_MitjaNemec_ReplicateLayout.replicate_layout 990:Src text UUid:e68fef10-595d-4034-b6ab-00179d33cd62
08-29 00:10:20 com_github_MitjaNemec_ReplicateLayout.replicate_layout 991:Dst text UUid:6585e304-bb61-4941-b775-750320d4d8da
08-29 00:10:20 com_github_MitjaNemec_ReplicateLayout.replicate_layout 990:Src text UUid:c0a551a3-e5e8-4aa2-bad0-1dd864d71ba4
08-29 00:10:20 com_github_MitjaNemec_ReplicateLayout.replicate_layout 991:Dst text UUid:ef8e0cd2-8666-4821-b655-2e0e2f83db4c
08-29 00:10:20 com_github_MitjaNemec_ReplicateLayout.replicate_layout 888:Replicating footprint: 'R1'
08-29 00:10:20 com_github_MitjaNemec_ReplicateLayout.replicate_layout 835:Src fp.id: 'E3A00D99-EE45-46E5-9182-7CB5902749B3'
08-29 00:10:20 com_github_MitjaNemec_ReplicateLayout.replicate_layout 839:Dst fp.id: 'E3A00D99-EE45-46E5-9182-7CB5902749B3'
08-29 00:10:20 com_github_MitjaNemec_ReplicateLayout.replicate_layout 895:found match in dst footprint: 'R57'
08-29 00:10:20 com_github_MitjaNemec_ReplicateLayout.replicate_layout 990:Src text UUid:ba093b77-2243-40ba-81f8-483bbf0185db
08-29 00:10:20 com_github_MitjaNemec_ReplicateLayout.replicate_layout 991:Dst text UUid:bf9e6b62-efd2-43c0-86b7-69d1f2615eb2
08-29 00:10:20 com_github_MitjaNemec_ReplicateLayout.replicate_layout 990:Src text UUid:46ba2679-716b-4cb2-98d0-cdb6119821d1
08-29 00:10:20 com_github_MitjaNemec_ReplicateLayout.replicate_layout 991:Dst text UUid:11da287c-fa3e-4472-bf43-23ec6b8c48b9
08-29 00:10:20 com_github_MitjaNemec_ReplicateLayout.replicate_layout 990:Src text UUid:a5803c3c-186e-40da-9549-6a79b6d8bf98
08-29 00:10:20 com_github_MitjaNemec_ReplicateLayout.replicate_layout 991:Dst text UUid:fa350572-0b88-44ad-aedc-79f0014935f6
08-29 00:10:20 com_github_MitjaNemec_ReplicateLayout.replicate_layout 888:Replicating footprint: 'TP93'
08-29 00:10:20 com_github_MitjaNemec_ReplicateLayout.replicate_layout 835:Src fp.id: '15175B47-07CC-4462-B3C9-5D963B871DFB'
08-29 00:10:20 com_github_MitjaNemec_ReplicateLayout.replicate_layout 839:Dst fp.id: '15175B47-07CC-4462-B3C9-5D963B871DFB'
08-29 00:10:20 com_github_MitjaNemec_ReplicateLayout.replicate_layout 895:found match in dst footprint: 'TP106'
08-29 00:10:20 com_github_MitjaNemec_ReplicateLayout.replicate_layout 990:Src text UUid:a29c5f2c-5368-470c-bf7d-3eb524a9f5a4
08-29 00:10:20 com_github_MitjaNemec_ReplicateLayout.replicate_layout 991:Dst text UUid:44ac31ec-1d83-4a14-8830-03ca7478a4d5
08-29 00:10:20 com_github_MitjaNemec_ReplicateLayout.replicate_layout 990:Src text UUid:b73aa0a7-756d-4772-a66b-825a940b4bb8
08-29 00:10:20 com_github_MitjaNemec_ReplicateLayout.replicate_layout 991:Dst text UUid:17ee86fe-6131-447b-9d7f-2341ce2d2b08
08-29 00:10:20 com_github_MitjaNemec_ReplicateLayout.replicate_layout 990:Src text UUid:b2d41304-451a-4f90-ae28-d1d150d70de9
08-29 00:10:20 com_github_MitjaNemec_ReplicateLayout.replicate_layout 991:Dst text UUid:8f07bcd1-9938-4d54-88df-c7672ec1c7d2
08-29 00:10:20 com_github_MitjaNemec_ReplicateLayout.replicate_layout 888:Replicating footprint: 'Q1'
08-29 00:10:20 com_github_MitjaNemec_ReplicateLayout.replicate_layout 835:Src fp.id: '8D847CB5-E00B-428D-BD6B-968281E3857C'
08-29 00:10:20 com_github_MitjaNemec_ReplicateLayout.replicate_layout 839:Dst fp.id: '8D847CB5-E00B-428D-BD6B-968281E3857C'
08-29 00:10:20 com_github_MitjaNemec_ReplicateLayout.replicate_layout 895:found match in dst footprint: 'Q114'
08-29 00:10:20 com_github_MitjaNemec_ReplicateLayout.replicate_layout 990:Src text UUid:b1604cc1-d053-4d3e-980d-232d8676de39
08-29 00:10:20 com_github_MitjaNemec_ReplicateLayout.replicate_layout 991:Dst text UUid:55f592be-ade8-4e66-9671-04dfd23b105c
08-29 00:10:20 com_github_MitjaNemec_ReplicateLayout.replicate_layout 990:Src text UUid:c0bb85bc-d328-41e7-bd97-31bf508a662b
08-29 00:10:20 com_github_MitjaNemec_ReplicateLayout.replicate_layout 991:Dst text UUid:aa3efb05-ff60-4135-8a16-fb4151f8e741
08-29 00:10:20 com_github_MitjaNemec_ReplicateLayout.replicate_layout 990:Src text UUid:5e6fa8e6-c520-4ff8-ad92-32b11758bae4
08-29 00:10:20 com_github_MitjaNemec_ReplicateLayout.replicate_layout 991:Dst text UUid:e96cf929-758d-49e0-bda8-56b373819deb
08-29 00:10:20 com_github_MitjaNemec_ReplicateLayout.replicate_layout 870:Replicating footprints on sheet ['/SensorModule57/']
08-29 00:10:20 com_github_MitjaNemec_ReplicateLayout.replicate_layout 835:Src fp.id: '48CE2A11-6FA1-4816-8BEE-2E82038543FF'
08-29 00:10:20 com_github_MitjaNemec_ReplicateLayout.replicate_layout 839:Dst fp.id: '48CE2A11-6FA1-4816-8BEE-2E82038543FF'
08-29 00:10:20 com_github_MitjaNemec_ReplicateLayout.replicate_layout 888:Replicating footprint: 'Q2'
08-29 00:10:20 root 345:updating GUI with: 82
08-29 00:10:20 com_github_MitjaNemec_ReplicateLayout.replicate_layout 835:Src fp.id: 'D3B029CA-A78A-4AD0-B065-5E40F898A58E'
08-29 00:10:20 com_github_MitjaNemec_ReplicateLayout.replicate_layout 839:Dst fp.id: 'D3B029CA-A78A-4AD0-B065-5E40F898A58E'
08-29 00:10:20 com_github_MitjaNemec_ReplicateLayout.replicate_layout 895:found match in dst footprint: 'Q115'
08-29 00:10:20 com_github_MitjaNemec_ReplicateLayout.replicate_layout 990:Src text UUid:8132af40-9520-49cc-b94e-a768fdfb8d6a
08-29 00:10:20 com_github_MitjaNemec_ReplicateLayout.replicate_layout 991:Dst text UUid:e794e0ee-bc78-4631-87a5-47a3008f3c46
08-29 00:10:20 com_github_MitjaNemec_ReplicateLayout.replicate_layout 990:Src text UUid:bf1c4316-bb3a-49d4-9c30-09e2a468388a
08-29 00:10:20 com_github_MitjaNemec_ReplicateLayout.replicate_layout 991:Dst text UUid:5b578986-dd4b-41e2-af75-3b5e07cfd576
08-29 00:10:20 com_github_MitjaNemec_ReplicateLayout.replicate_layout 990:Src text UUid:78cf5bb7-f5b3-4597-8f69-50bf1c3f6479
08-29 00:10:20 com_github_MitjaNemec_ReplicateLayout.replicate_layout 991:Dst text UUid:008ece34-f161-42f9-bf13-eb8ac2200710
08-29 00:10:20 com_github_MitjaNemec_ReplicateLayout.replicate_layout 888:Replicating footprint: 'C1'
08-29 00:10:20 com_github_MitjaNemec_ReplicateLayout.replicate_layout 835:Src fp.id: '48CE2A11-6FA1-4816-8BEE-2E82038543FF'
08-29 00:10:20 com_github_MitjaNemec_ReplicateLayout.replicate_layout 839:Dst fp.id: '48CE2A11-6FA1-4816-8BEE-2E82038543FF'
08-29 00:10:20 com_github_MitjaNemec_ReplicateLayout.replicate_layout 895:found match in dst footprint: 'C58'
08-29 00:10:20 com_github_MitjaNemec_ReplicateLayout.replicate_layout 990:Src text UUid:7ebf057b-ddf7-4527-92e9-d4d379b3431d
08-29 00:10:20 com_github_MitjaNemec_ReplicateLayout.replicate_layout 991:Dst text UUid:475e7dc0-f542-4967-9a1d-26fab213dec9
08-29 00:10:20 com_github_MitjaNemec_ReplicateLayout.replicate_layout 990:Src text UUid:e68fef10-595d-4034-b6ab-00179d33cd62
08-29 00:10:20 com_github_MitjaNemec_ReplicateLayout.replicate_layout 991:Dst text UUid:542c6105-7267-41a9-8ef7-472694dca944
08-29 00:10:20 com_github_MitjaNemec_ReplicateLayout.replicate_layout 990:Src text UUid:c0a551a3-e5e8-4aa2-bad0-1dd864d71ba4
08-29 00:10:20 com_github_MitjaNemec_ReplicateLayout.replicate_layout 991:Dst text UUid:21e68861-3234-4f43-aa5d-7add951e1579
08-29 00:10:20 com_github_MitjaNemec_ReplicateLayout.replicate_layout 888:Replicating footprint: 'R1'
08-29 00:10:20 com_github_MitjaNemec_ReplicateLayout.replicate_layout 835:Src fp.id: 'E3A00D99-EE45-46E5-9182-7CB5902749B3'
08-29 00:10:20 com_github_MitjaNemec_ReplicateLayout.replicate_layout 839:Dst fp.id: 'E3A00D99-EE45-46E5-9182-7CB5902749B3'
08-29 00:10:20 com_github_MitjaNemec_ReplicateLayout.replicate_layout 895:found match in dst footprint: 'R58'
08-29 00:10:20 com_github_MitjaNemec_ReplicateLayout.replicate_layout 990:Src text UUid:ba093b77-2243-40ba-81f8-483bbf0185db
08-29 00:10:20 com_github_MitjaNemec_ReplicateLayout.replicate_layout 991:Dst text UUid:a0414de6-8af2-400f-9142-06f4ea46ad9a
08-29 00:10:20 com_github_MitjaNemec_ReplicateLayout.replicate_layout 990:Src text UUid:46ba2679-716b-4cb2-98d0-cdb6119821d1
08-29 00:10:20 com_github_MitjaNemec_ReplicateLayout.replicate_layout 991:Dst text UUid:a9661efb-74a4-489a-b93c-372e780e8598
08-29 00:10:20 com_github_MitjaNemec_ReplicateLayout.replicate_layout 990:Src text UUid:a5803c3c-186e-40da-9549-6a79b6d8bf98
08-29 00:10:20 com_github_MitjaNemec_ReplicateLayout.replicate_layout 991:Dst text UUid:ea712f43-7313-42fa-9b35-bfd5d664e591
08-29 00:10:20 com_github_MitjaNemec_ReplicateLayout.replicate_layout 888:Replicating footprint: 'TP93'
08-29 00:10:20 com_github_MitjaNemec_ReplicateLayout.replicate_layout 835:Src fp.id: '15175B47-07CC-4462-B3C9-5D963B871DFB'
08-29 00:10:20 com_github_MitjaNemec_ReplicateLayout.replicate_layout 839:Dst fp.id: '15175B47-07CC-4462-B3C9-5D963B871DFB'
08-29 00:10:20 com_github_MitjaNemec_ReplicateLayout.replicate_layout 895:found match in dst footprint: 'TP107'
08-29 00:10:20 com_github_MitjaNemec_ReplicateLayout.replicate_layout 990:Src text UUid:a29c5f2c-5368-470c-bf7d-3eb524a9f5a4
08-29 00:10:20 com_github_MitjaNemec_ReplicateLayout.replicate_layout 991:Dst text UUid:711e77af-d711-4f6d-87c6-2f71eb47455f
08-29 00:10:20 com_github_MitjaNemec_ReplicateLayout.replicate_layout 990:Src text UUid:b73aa0a7-756d-4772-a66b-825a940b4bb8
08-29 00:10:20 com_github_MitjaNemec_ReplicateLayout.replicate_layout 991:Dst text UUid:61f445a4-dad4-430d-bf2e-a83dabd919a0
08-29 00:10:20 com_github_MitjaNemec_ReplicateLayout.replicate_layout 990:Src text UUid:b2d41304-451a-4f90-ae28-d1d150d70de9
08-29 00:10:20 com_github_MitjaNemec_ReplicateLayout.replicate_layout 991:Dst text UUid:d8ba600c-65d2-411c-89ee-a284c3a1497f
08-29 00:10:20 com_github_MitjaNemec_ReplicateLayout.replicate_layout 888:Replicating footprint: 'Q1'
08-29 00:10:20 com_github_MitjaNemec_ReplicateLayout.replicate_layout 835:Src fp.id: '8D847CB5-E00B-428D-BD6B-968281E3857C'
08-29 00:10:20 com_github_MitjaNemec_ReplicateLayout.replicate_layout 839:Dst fp.id: '8D847CB5-E00B-428D-BD6B-968281E3857C'
08-29 00:10:20 com_github_MitjaNemec_ReplicateLayout.replicate_layout 895:found match in dst footprint: 'Q116'
08-29 00:10:20 com_github_MitjaNemec_ReplicateLayout.replicate_layout 990:Src text UUid:b1604cc1-d053-4d3e-980d-232d8676de39
08-29 00:10:20 com_github_MitjaNemec_ReplicateLayout.replicate_layout 991:Dst text UUid:6f4401c2-012f-4a12-95ea-baf5ebb0f4bd
08-29 00:10:20 com_github_MitjaNemec_ReplicateLayout.replicate_layout 990:Src text UUid:c0bb85bc-d328-41e7-bd97-31bf508a662b
08-29 00:10:20 com_github_MitjaNemec_ReplicateLayout.replicate_layout 991:Dst text UUid:0b1d96fc-8efc-43e0-a502-5c24818a4546
08-29 00:10:20 com_github_MitjaNemec_ReplicateLayout.replicate_layout 990:Src text UUid:5e6fa8e6-c520-4ff8-ad92-32b11758bae4
08-29 00:10:20 com_github_MitjaNemec_ReplicateLayout.replicate_layout 991:Dst text UUid:cfb4649b-d8b3-406e-b6aa-ba1fe6389842
08-29 00:10:20 com_github_MitjaNemec_ReplicateLayout.replicate_layout 870:Replicating footprints on sheet ['/SensorModule58/']
08-29 00:10:20 com_github_MitjaNemec_ReplicateLayout.replicate_layout 835:Src fp.id: '48CE2A11-6FA1-4816-8BEE-2E82038543FF'
08-29 00:10:20 com_github_MitjaNemec_ReplicateLayout.replicate_layout 839:Dst fp.id: '48CE2A11-6FA1-4816-8BEE-2E82038543FF'
08-29 00:10:20 com_github_MitjaNemec_ReplicateLayout.replicate_layout 888:Replicating footprint: 'Q2'
08-29 00:10:20 com_github_MitjaNemec_ReplicateLayout.replicate_layout 835:Src fp.id: 'D3B029CA-A78A-4AD0-B065-5E40F898A58E'
08-29 00:10:20 com_github_MitjaNemec_ReplicateLayout.replicate_layout 839:Dst fp.id: 'D3B029CA-A78A-4AD0-B065-5E40F898A58E'
08-29 00:10:20 com_github_MitjaNemec_ReplicateLayout.replicate_layout 895:found match in dst footprint: 'Q117'
08-29 00:10:20 com_github_MitjaNemec_ReplicateLayout.replicate_layout 990:Src text UUid:8132af40-9520-49cc-b94e-a768fdfb8d6a
08-29 00:10:20 com_github_MitjaNemec_ReplicateLayout.replicate_layout 991:Dst text UUid:5e66019c-7284-4acd-949f-49154ca65683
08-29 00:10:20 com_github_MitjaNemec_ReplicateLayout.replicate_layout 990:Src text UUid:bf1c4316-bb3a-49d4-9c30-09e2a468388a
08-29 00:10:20 com_github_MitjaNemec_ReplicateLayout.replicate_layout 991:Dst text UUid:76eec819-3cfb-4639-b5f7-07a1ca4579f7
08-29 00:10:20 com_github_MitjaNemec_ReplicateLayout.replicate_layout 990:Src text UUid:78cf5bb7-f5b3-4597-8f69-50bf1c3f6479
08-29 00:10:20 com_github_MitjaNemec_ReplicateLayout.replicate_layout 991:Dst text UUid:2184dd3c-bb8e-4fe7-af08-af5666c06833
08-29 00:10:20 com_github_MitjaNemec_ReplicateLayout.replicate_layout 888:Replicating footprint: 'C1'
08-29 00:10:20 com_github_MitjaNemec_ReplicateLayout.replicate_layout 835:Src fp.id: '48CE2A11-6FA1-4816-8BEE-2E82038543FF'
08-29 00:10:20 com_github_MitjaNemec_ReplicateLayout.replicate_layout 839:Dst fp.id: '48CE2A11-6FA1-4816-8BEE-2E82038543FF'
08-29 00:10:20 com_github_MitjaNemec_ReplicateLayout.replicate_layout 895:found match in dst footprint: 'C59'
08-29 00:10:20 com_github_MitjaNemec_ReplicateLayout.replicate_layout 990:Src text UUid:7ebf057b-ddf7-4527-92e9-d4d379b3431d
08-29 00:10:20 com_github_MitjaNemec_ReplicateLayout.replicate_layout 991:Dst text UUid:2edc07d8-2bcf-4ebf-8cba-3cec955f9a39
08-29 00:10:20 com_github_MitjaNemec_ReplicateLayout.replicate_layout 990:Src text UUid:e68fef10-595d-4034-b6ab-00179d33cd62
08-29 00:10:20 com_github_MitjaNemec_ReplicateLayout.replicate_layout 991:Dst text UUid:a640a5be-3e9e-482c-b6a2-25252dbd5929
08-29 00:10:20 com_github_MitjaNemec_ReplicateLayout.replicate_layout 990:Src text UUid:c0a551a3-e5e8-4aa2-bad0-1dd864d71ba4
08-29 00:10:20 com_github_MitjaNemec_ReplicateLayout.replicate_layout 991:Dst text UUid:92cddc2a-f155-416b-94f6-042b60d4264a
08-29 00:10:20 com_github_MitjaNemec_ReplicateLayout.replicate_layout 888:Replicating footprint: 'R1'
08-29 00:10:20 com_github_MitjaNemec_ReplicateLayout.replicate_layout 835:Src fp.id: 'E3A00D99-EE45-46E5-9182-7CB5902749B3'
08-29 00:10:20 com_github_MitjaNemec_ReplicateLayout.replicate_layout 839:Dst fp.id: 'E3A00D99-EE45-46E5-9182-7CB5902749B3'
08-29 00:10:20 com_github_MitjaNemec_ReplicateLayout.replicate_layout 895:found match in dst footprint: 'R59'
08-29 00:10:20 com_github_MitjaNemec_ReplicateLayout.replicate_layout 990:Src text UUid:ba093b77-2243-40ba-81f8-483bbf0185db
08-29 00:10:20 com_github_MitjaNemec_ReplicateLayout.replicate_layout 991:Dst text UUid:60229dc0-6f98-4b56-8fd7-7e59036d9e0b
08-29 00:10:20 com_github_MitjaNemec_ReplicateLayout.replicate_layout 990:Src text UUid:46ba2679-716b-4cb2-98d0-cdb6119821d1
08-29 00:10:20 com_github_MitjaNemec_ReplicateLayout.replicate_layout 991:Dst text UUid:f78864de-d566-4dee-9f7f-c96054621eaf
08-29 00:10:20 com_github_MitjaNemec_ReplicateLayout.replicate_layout 990:Src text UUid:a5803c3c-186e-40da-9549-6a79b6d8bf98
08-29 00:10:20 com_github_MitjaNemec_ReplicateLayout.replicate_layout 991:Dst text UUid:516d97ae-7519-4675-a8d2-71702711903f
08-29 00:10:20 com_github_MitjaNemec_ReplicateLayout.replicate_layout 888:Replicating footprint: 'TP93'
08-29 00:10:20 com_github_MitjaNemec_ReplicateLayout.replicate_layout 835:Src fp.id: '15175B47-07CC-4462-B3C9-5D963B871DFB'
08-29 00:10:20 com_github_MitjaNemec_ReplicateLayout.replicate_layout 839:Dst fp.id: '15175B47-07CC-4462-B3C9-5D963B871DFB'
08-29 00:10:20 com_github_MitjaNemec_ReplicateLayout.replicate_layout 895:found match in dst footprint: 'TP108'
08-29 00:10:20 com_github_MitjaNemec_ReplicateLayout.replicate_layout 990:Src text UUid:a29c5f2c-5368-470c-bf7d-3eb524a9f5a4
08-29 00:10:20 com_github_MitjaNemec_ReplicateLayout.replicate_layout 991:Dst text UUid:cae6b03b-48bc-4117-a599-51cfa89f7044
08-29 00:10:20 com_github_MitjaNemec_ReplicateLayout.replicate_layout 990:Src text UUid:b73aa0a7-756d-4772-a66b-825a940b4bb8
08-29 00:10:20 com_github_MitjaNemec_ReplicateLayout.replicate_layout 991:Dst text UUid:3345d1b8-d555-4302-8826-a97829020f15
08-29 00:10:20 com_github_MitjaNemec_ReplicateLayout.replicate_layout 990:Src text UUid:b2d41304-451a-4f90-ae28-d1d150d70de9
08-29 00:10:20 com_github_MitjaNemec_ReplicateLayout.replicate_layout 991:Dst text UUid:0175ed83-863b-4bc7-996b-5d8ede7568f5
08-29 00:10:20 com_github_MitjaNemec_ReplicateLayout.replicate_layout 888:Replicating footprint: 'Q1'
08-29 00:10:20 com_github_MitjaNemec_ReplicateLayout.replicate_layout 835:Src fp.id: '8D847CB5-E00B-428D-BD6B-968281E3857C'
08-29 00:10:20 com_github_MitjaNemec_ReplicateLayout.replicate_layout 839:Dst fp.id: '8D847CB5-E00B-428D-BD6B-968281E3857C'
08-29 00:10:20 com_github_MitjaNemec_ReplicateLayout.replicate_layout 895:found match in dst footprint: 'Q118'
08-29 00:10:20 com_github_MitjaNemec_ReplicateLayout.replicate_layout 990:Src text UUid:b1604cc1-d053-4d3e-980d-232d8676de39
08-29 00:10:20 com_github_MitjaNemec_ReplicateLayout.replicate_layout 991:Dst text UUid:410dfa52-d216-476a-b6e2-f041d38342f2
08-29 00:10:20 com_github_MitjaNemec_ReplicateLayout.replicate_layout 990:Src text UUid:c0bb85bc-d328-41e7-bd97-31bf508a662b
08-29 00:10:20 com_github_MitjaNemec_ReplicateLayout.replicate_layout 991:Dst text UUid:a16d9f2c-20cc-4550-ac5d-65d45badf3bb
08-29 00:10:20 com_github_MitjaNemec_ReplicateLayout.replicate_layout 990:Src text UUid:5e6fa8e6-c520-4ff8-ad92-32b11758bae4
08-29 00:10:20 com_github_MitjaNemec_ReplicateLayout.replicate_layout 991:Dst text UUid:a88f344f-b9a7-4a24-b0dc-e31102ffa58a
08-29 00:10:20 com_github_MitjaNemec_ReplicateLayout.replicate_layout 870:Replicating footprints on sheet ['/SensorModule59/']
08-29 00:10:20 com_github_MitjaNemec_ReplicateLayout.replicate_layout 835:Src fp.id: '48CE2A11-6FA1-4816-8BEE-2E82038543FF'
08-29 00:10:20 com_github_MitjaNemec_ReplicateLayout.replicate_layout 839:Dst fp.id: '48CE2A11-6FA1-4816-8BEE-2E82038543FF'
08-29 00:10:20 com_github_MitjaNemec_ReplicateLayout.replicate_layout 888:Replicating footprint: 'Q2'
08-29 00:10:20 root 345:updating GUI with: 86
08-29 00:10:20 com_github_MitjaNemec_ReplicateLayout.replicate_layout 835:Src fp.id: 'D3B029CA-A78A-4AD0-B065-5E40F898A58E'
08-29 00:10:20 com_github_MitjaNemec_ReplicateLayout.replicate_layout 839:Dst fp.id: 'D3B029CA-A78A-4AD0-B065-5E40F898A58E'
08-29 00:10:20 com_github_MitjaNemec_ReplicateLayout.replicate_layout 895:found match in dst footprint: 'Q119'
08-29 00:10:20 com_github_MitjaNemec_ReplicateLayout.replicate_layout 990:Src text UUid:8132af40-9520-49cc-b94e-a768fdfb8d6a
08-29 00:10:20 com_github_MitjaNemec_ReplicateLayout.replicate_layout 991:Dst text UUid:da8634ab-2411-44c7-a2b5-0d300960e259
08-29 00:10:20 com_github_MitjaNemec_ReplicateLayout.replicate_layout 990:Src text UUid:bf1c4316-bb3a-49d4-9c30-09e2a468388a
08-29 00:10:20 com_github_MitjaNemec_ReplicateLayout.replicate_layout 991:Dst text UUid:bea6ff8a-64cf-4286-96df-cd9260415b49
08-29 00:10:20 com_github_MitjaNemec_ReplicateLayout.replicate_layout 990:Src text UUid:78cf5bb7-f5b3-4597-8f69-50bf1c3f6479
08-29 00:10:20 com_github_MitjaNemec_ReplicateLayout.replicate_layout 991:Dst text UUid:2ee4f87c-d2db-4933-95ed-4a2fda16224f
08-29 00:10:20 com_github_MitjaNemec_ReplicateLayout.replicate_layout 888:Replicating footprint: 'C1'
08-29 00:10:20 com_github_MitjaNemec_ReplicateLayout.replicate_layout 835:Src fp.id: '48CE2A11-6FA1-4816-8BEE-2E82038543FF'
08-29 00:10:20 com_github_MitjaNemec_ReplicateLayout.replicate_layout 839:Dst fp.id: '48CE2A11-6FA1-4816-8BEE-2E82038543FF'
08-29 00:10:20 com_github_MitjaNemec_ReplicateLayout.replicate_layout 895:found match in dst footprint: 'C60'
08-29 00:10:20 com_github_MitjaNemec_ReplicateLayout.replicate_layout 990:Src text UUid:7ebf057b-ddf7-4527-92e9-d4d379b3431d
08-29 00:10:20 com_github_MitjaNemec_ReplicateLayout.replicate_layout 991:Dst text UUid:37e115a8-1c1e-4378-a3f7-1fdac0e2166b
08-29 00:10:20 com_github_MitjaNemec_ReplicateLayout.replicate_layout 990:Src text UUid:e68fef10-595d-4034-b6ab-00179d33cd62
08-29 00:10:20 com_github_MitjaNemec_ReplicateLayout.replicate_layout 991:Dst text UUid:ca64c2a4-a656-46cd-8945-862eaf19f7ff
08-29 00:10:20 com_github_MitjaNemec_ReplicateLayout.replicate_layout 990:Src text UUid:c0a551a3-e5e8-4aa2-bad0-1dd864d71ba4
08-29 00:10:20 com_github_MitjaNemec_ReplicateLayout.replicate_layout 991:Dst text UUid:ac0e9e20-e3c0-4487-ac0d-44b821ef1f5e
08-29 00:10:20 com_github_MitjaNemec_ReplicateLayout.replicate_layout 888:Replicating footprint: 'R1'
08-29 00:10:20 com_github_MitjaNemec_ReplicateLayout.replicate_layout 835:Src fp.id: 'E3A00D99-EE45-46E5-9182-7CB5902749B3'
08-29 00:10:20 com_github_MitjaNemec_ReplicateLayout.replicate_layout 839:Dst fp.id: 'E3A00D99-EE45-46E5-9182-7CB5902749B3'
08-29 00:10:20 com_github_MitjaNemec_ReplicateLayout.replicate_layout 895:found match in dst footprint: 'R60'
08-29 00:10:20 com_github_MitjaNemec_ReplicateLayout.replicate_layout 990:Src text UUid:ba093b77-2243-40ba-81f8-483bbf0185db
08-29 00:10:20 com_github_MitjaNemec_ReplicateLayout.replicate_layout 991:Dst text UUid:73239987-bcc1-421f-ba57-725eec03c365
08-29 00:10:20 com_github_MitjaNemec_ReplicateLayout.replicate_layout 990:Src text UUid:46ba2679-716b-4cb2-98d0-cdb6119821d1
08-29 00:10:20 com_github_MitjaNemec_ReplicateLayout.replicate_layout 991:Dst text UUid:7e90960c-0913-4474-9a3a-0c5e9f013c46
08-29 00:10:20 com_github_MitjaNemec_ReplicateLayout.replicate_layout 990:Src text UUid:a5803c3c-186e-40da-9549-6a79b6d8bf98
08-29 00:10:20 com_github_MitjaNemec_ReplicateLayout.replicate_layout 991:Dst text UUid:0101acff-5713-48ad-a9ea-87a005f05668
08-29 00:10:20 com_github_MitjaNemec_ReplicateLayout.replicate_layout 888:Replicating footprint: 'TP93'
08-29 00:10:20 com_github_MitjaNemec_ReplicateLayout.replicate_layout 835:Src fp.id: '15175B47-07CC-4462-B3C9-5D963B871DFB'
08-29 00:10:20 com_github_MitjaNemec_ReplicateLayout.replicate_layout 839:Dst fp.id: '15175B47-07CC-4462-B3C9-5D963B871DFB'
08-29 00:10:20 com_github_MitjaNemec_ReplicateLayout.replicate_layout 895:found match in dst footprint: 'TP109'
08-29 00:10:20 com_github_MitjaNemec_ReplicateLayout.replicate_layout 990:Src text UUid:a29c5f2c-5368-470c-bf7d-3eb524a9f5a4
08-29 00:10:20 com_github_MitjaNemec_ReplicateLayout.replicate_layout 991:Dst text UUid:892f9246-f590-41cb-95a5-2ff4c6cb2cb0
08-29 00:10:20 com_github_MitjaNemec_ReplicateLayout.replicate_layout 990:Src text UUid:b73aa0a7-756d-4772-a66b-825a940b4bb8
08-29 00:10:20 com_github_MitjaNemec_ReplicateLayout.replicate_layout 991:Dst text UUid:7be3f019-979b-416f-9b22-7e5161b44844
08-29 00:10:20 com_github_MitjaNemec_ReplicateLayout.replicate_layout 990:Src text UUid:b2d41304-451a-4f90-ae28-d1d150d70de9
08-29 00:10:20 com_github_MitjaNemec_ReplicateLayout.replicate_layout 991:Dst text UUid:3fa0eb21-b3af-4d22-8a6a-b76203a91cdb
08-29 00:10:20 com_github_MitjaNemec_ReplicateLayout.replicate_layout 888:Replicating footprint: 'Q1'
08-29 00:10:20 com_github_MitjaNemec_ReplicateLayout.replicate_layout 835:Src fp.id: '8D847CB5-E00B-428D-BD6B-968281E3857C'
08-29 00:10:20 com_github_MitjaNemec_ReplicateLayout.replicate_layout 839:Dst fp.id: '8D847CB5-E00B-428D-BD6B-968281E3857C'
08-29 00:10:20 com_github_MitjaNemec_ReplicateLayout.replicate_layout 895:found match in dst footprint: 'Q120'
08-29 00:10:20 com_github_MitjaNemec_ReplicateLayout.replicate_layout 990:Src text UUid:b1604cc1-d053-4d3e-980d-232d8676de39
08-29 00:10:20 com_github_MitjaNemec_ReplicateLayout.replicate_layout 991:Dst text UUid:49676d19-6c27-421c-b666-081edfce4cb0
08-29 00:10:20 com_github_MitjaNemec_ReplicateLayout.replicate_layout 990:Src text UUid:c0bb85bc-d328-41e7-bd97-31bf508a662b
08-29 00:10:20 com_github_MitjaNemec_ReplicateLayout.replicate_layout 991:Dst text UUid:640f4499-3075-4f99-862a-fb586f372dc9
08-29 00:10:20 com_github_MitjaNemec_ReplicateLayout.replicate_layout 990:Src text UUid:5e6fa8e6-c520-4ff8-ad92-32b11758bae4
08-29 00:10:20 com_github_MitjaNemec_ReplicateLayout.replicate_layout 991:Dst text UUid:3388178f-e341-46e6-bb41-1443f2044025
08-29 00:10:20 com_github_MitjaNemec_ReplicateLayout.replicate_layout 870:Replicating footprints on sheet ['/SensorModule6/']
08-29 00:10:20 com_github_MitjaNemec_ReplicateLayout.replicate_layout 835:Src fp.id: '48CE2A11-6FA1-4816-8BEE-2E82038543FF'
08-29 00:10:20 com_github_MitjaNemec_ReplicateLayout.replicate_layout 839:Dst fp.id: '48CE2A11-6FA1-4816-8BEE-2E82038543FF'
08-29 00:10:20 com_github_MitjaNemec_ReplicateLayout.replicate_layout 888:Replicating footprint: 'Q2'
08-29 00:10:20 com_github_MitjaNemec_ReplicateLayout.replicate_layout 835:Src fp.id: 'D3B029CA-A78A-4AD0-B065-5E40F898A58E'
08-29 00:10:20 com_github_MitjaNemec_ReplicateLayout.replicate_layout 839:Dst fp.id: 'D3B029CA-A78A-4AD0-B065-5E40F898A58E'
08-29 00:10:20 com_github_MitjaNemec_ReplicateLayout.replicate_layout 895:found match in dst footprint: 'Q13'
08-29 00:10:20 com_github_MitjaNemec_ReplicateLayout.replicate_layout 990:Src text UUid:8132af40-9520-49cc-b94e-a768fdfb8d6a
08-29 00:10:20 com_github_MitjaNemec_ReplicateLayout.replicate_layout 991:Dst text UUid:ee95b1ed-d513-4fbb-82df-aa25ec1e8b16
08-29 00:10:20 com_github_MitjaNemec_ReplicateLayout.replicate_layout 990:Src text UUid:bf1c4316-bb3a-49d4-9c30-09e2a468388a
08-29 00:10:20 com_github_MitjaNemec_ReplicateLayout.replicate_layout 991:Dst text UUid:27a17f2f-aa0f-4876-b09b-05efdb2f12e0
08-29 00:10:20 com_github_MitjaNemec_ReplicateLayout.replicate_layout 990:Src text UUid:78cf5bb7-f5b3-4597-8f69-50bf1c3f6479
08-29 00:10:20 com_github_MitjaNemec_ReplicateLayout.replicate_layout 991:Dst text UUid:6a9baaf4-d462-4856-af5d-8c5805fb2683
08-29 00:10:20 com_github_MitjaNemec_ReplicateLayout.replicate_layout 888:Replicating footprint: 'C1'
08-29 00:10:20 com_github_MitjaNemec_ReplicateLayout.replicate_layout 835:Src fp.id: '48CE2A11-6FA1-4816-8BEE-2E82038543FF'
08-29 00:10:20 com_github_MitjaNemec_ReplicateLayout.replicate_layout 839:Dst fp.id: '48CE2A11-6FA1-4816-8BEE-2E82038543FF'
08-29 00:10:20 com_github_MitjaNemec_ReplicateLayout.replicate_layout 895:found match in dst footprint: 'C7'
08-29 00:10:20 com_github_MitjaNemec_ReplicateLayout.replicate_layout 990:Src text UUid:7ebf057b-ddf7-4527-92e9-d4d379b3431d
08-29 00:10:20 com_github_MitjaNemec_ReplicateLayout.replicate_layout 991:Dst text UUid:f541ff2c-515e-433d-9499-eab088aca0e8
08-29 00:10:20 com_github_MitjaNemec_ReplicateLayout.replicate_layout 990:Src text UUid:e68fef10-595d-4034-b6ab-00179d33cd62
08-29 00:10:20 com_github_MitjaNemec_ReplicateLayout.replicate_layout 991:Dst text UUid:b0a74550-9f9d-4957-87c5-55b4af048846
08-29 00:10:20 com_github_MitjaNemec_ReplicateLayout.replicate_layout 990:Src text UUid:c0a551a3-e5e8-4aa2-bad0-1dd864d71ba4
08-29 00:10:20 com_github_MitjaNemec_ReplicateLayout.replicate_layout 991:Dst text UUid:18bfae07-b1be-4966-b750-40fc76511099
08-29 00:10:20 com_github_MitjaNemec_ReplicateLayout.replicate_layout 888:Replicating footprint: 'R1'
08-29 00:10:20 com_github_MitjaNemec_ReplicateLayout.replicate_layout 835:Src fp.id: 'E3A00D99-EE45-46E5-9182-7CB5902749B3'
08-29 00:10:20 com_github_MitjaNemec_ReplicateLayout.replicate_layout 839:Dst fp.id: 'E3A00D99-EE45-46E5-9182-7CB5902749B3'
08-29 00:10:20 com_github_MitjaNemec_ReplicateLayout.replicate_layout 895:found match in dst footprint: 'R7'
08-29 00:10:20 com_github_MitjaNemec_ReplicateLayout.replicate_layout 990:Src text UUid:ba093b77-2243-40ba-81f8-483bbf0185db
08-29 00:10:20 com_github_MitjaNemec_ReplicateLayout.replicate_layout 991:Dst text UUid:0aa495b9-c534-4199-ab72-e6792cbd3501
08-29 00:10:20 com_github_MitjaNemec_ReplicateLayout.replicate_layout 990:Src text UUid:46ba2679-716b-4cb2-98d0-cdb6119821d1
08-29 00:10:20 com_github_MitjaNemec_ReplicateLayout.replicate_layout 991:Dst text UUid:ec429fa3-41e9-4376-90a4-5dbfe53e6b10
08-29 00:10:20 com_github_MitjaNemec_ReplicateLayout.replicate_layout 990:Src text UUid:a5803c3c-186e-40da-9549-6a79b6d8bf98
08-29 00:10:20 com_github_MitjaNemec_ReplicateLayout.replicate_layout 991:Dst text UUid:a6da4444-c75b-4797-bfa5-54d2ab5e1cb7
08-29 00:10:20 com_github_MitjaNemec_ReplicateLayout.replicate_layout 888:Replicating footprint: 'TP93'
08-29 00:10:20 com_github_MitjaNemec_ReplicateLayout.replicate_layout 835:Src fp.id: '15175B47-07CC-4462-B3C9-5D963B871DFB'
08-29 00:10:20 com_github_MitjaNemec_ReplicateLayout.replicate_layout 839:Dst fp.id: '15175B47-07CC-4462-B3C9-5D963B871DFB'
08-29 00:10:20 com_github_MitjaNemec_ReplicateLayout.replicate_layout 895:found match in dst footprint: 'TP7'
08-29 00:10:20 com_github_MitjaNemec_ReplicateLayout.replicate_layout 990:Src text UUid:a29c5f2c-5368-470c-bf7d-3eb524a9f5a4
08-29 00:10:20 com_github_MitjaNemec_ReplicateLayout.replicate_layout 991:Dst text UUid:53bfe780-ea43-4a87-b2ff-6d8a7bc0aebe
08-29 00:10:20 com_github_MitjaNemec_ReplicateLayout.replicate_layout 990:Src text UUid:b73aa0a7-756d-4772-a66b-825a940b4bb8
08-29 00:10:20 com_github_MitjaNemec_ReplicateLayout.replicate_layout 991:Dst text UUid:e76c20dd-0088-48bb-a7df-aa9ca0006f8c
08-29 00:10:20 com_github_MitjaNemec_ReplicateLayout.replicate_layout 990:Src text UUid:b2d41304-451a-4f90-ae28-d1d150d70de9
08-29 00:10:20 com_github_MitjaNemec_ReplicateLayout.replicate_layout 991:Dst text UUid:f1d076b1-b6e5-4915-8347-6b437bcef573
08-29 00:10:20 com_github_MitjaNemec_ReplicateLayout.replicate_layout 888:Replicating footprint: 'Q1'
08-29 00:10:20 com_github_MitjaNemec_ReplicateLayout.replicate_layout 835:Src fp.id: '8D847CB5-E00B-428D-BD6B-968281E3857C'
08-29 00:10:20 com_github_MitjaNemec_ReplicateLayout.replicate_layout 839:Dst fp.id: '8D847CB5-E00B-428D-BD6B-968281E3857C'
08-29 00:10:20 com_github_MitjaNemec_ReplicateLayout.replicate_layout 895:found match in dst footprint: 'Q14'
08-29 00:10:20 com_github_MitjaNemec_ReplicateLayout.replicate_layout 990:Src text UUid:b1604cc1-d053-4d3e-980d-232d8676de39
08-29 00:10:20 com_github_MitjaNemec_ReplicateLayout.replicate_layout 991:Dst text UUid:5ae1e2b0-bfc4-431a-9177-699dada4388b
08-29 00:10:20 com_github_MitjaNemec_ReplicateLayout.replicate_layout 990:Src text UUid:c0bb85bc-d328-41e7-bd97-31bf508a662b
08-29 00:10:20 com_github_MitjaNemec_ReplicateLayout.replicate_layout 991:Dst text UUid:a4f6f8cc-5546-4fa1-8f44-51efb0611691
08-29 00:10:20 com_github_MitjaNemec_ReplicateLayout.replicate_layout 990:Src text UUid:5e6fa8e6-c520-4ff8-ad92-32b11758bae4
08-29 00:10:20 com_github_MitjaNemec_ReplicateLayout.replicate_layout 991:Dst text UUid:c0122181-9cb8-4e54-904b-d4c8ca29dd6e
08-29 00:10:20 com_github_MitjaNemec_ReplicateLayout.replicate_layout 870:Replicating footprints on sheet ['/SensorModule60/']
08-29 00:10:20 com_github_MitjaNemec_ReplicateLayout.replicate_layout 835:Src fp.id: '48CE2A11-6FA1-4816-8BEE-2E82038543FF'
08-29 00:10:20 com_github_MitjaNemec_ReplicateLayout.replicate_layout 839:Dst fp.id: '48CE2A11-6FA1-4816-8BEE-2E82038543FF'
08-29 00:10:20 com_github_MitjaNemec_ReplicateLayout.replicate_layout 888:Replicating footprint: 'Q2'
08-29 00:10:20 root 345:updating GUI with: 89
08-29 00:10:20 com_github_MitjaNemec_ReplicateLayout.replicate_layout 835:Src fp.id: 'D3B029CA-A78A-4AD0-B065-5E40F898A58E'
08-29 00:10:20 com_github_MitjaNemec_ReplicateLayout.replicate_layout 839:Dst fp.id: 'D3B029CA-A78A-4AD0-B065-5E40F898A58E'
08-29 00:10:20 com_github_MitjaNemec_ReplicateLayout.replicate_layout 895:found match in dst footprint: 'Q121'
08-29 00:10:20 com_github_MitjaNemec_ReplicateLayout.replicate_layout 990:Src text UUid:8132af40-9520-49cc-b94e-a768fdfb8d6a
08-29 00:10:20 com_github_MitjaNemec_ReplicateLayout.replicate_layout 991:Dst text UUid:e33e54d4-4fbc-42b0-91c5-724b1366ab13
08-29 00:10:20 com_github_MitjaNemec_ReplicateLayout.replicate_layout 990:Src text UUid:bf1c4316-bb3a-49d4-9c30-09e2a468388a
08-29 00:10:20 com_github_MitjaNemec_ReplicateLayout.replicate_layout 991:Dst text UUid:181cfc43-809c-4741-9807-0c139c589abb
08-29 00:10:20 com_github_MitjaNemec_ReplicateLayout.replicate_layout 990:Src text UUid:78cf5bb7-f5b3-4597-8f69-50bf1c3f6479
08-29 00:10:20 com_github_MitjaNemec_ReplicateLayout.replicate_layout 991:Dst text UUid:52c3d54b-ddb9-4eee-8027-98a0068d7039
08-29 00:10:20 com_github_MitjaNemec_ReplicateLayout.replicate_layout 888:Replicating footprint: 'C1'
08-29 00:10:20 com_github_MitjaNemec_ReplicateLayout.replicate_layout 835:Src fp.id: '48CE2A11-6FA1-4816-8BEE-2E82038543FF'
08-29 00:10:20 com_github_MitjaNemec_ReplicateLayout.replicate_layout 839:Dst fp.id: '48CE2A11-6FA1-4816-8BEE-2E82038543FF'
08-29 00:10:20 com_github_MitjaNemec_ReplicateLayout.replicate_layout 895:found match in dst footprint: 'C61'
08-29 00:10:20 com_github_MitjaNemec_ReplicateLayout.replicate_layout 990:Src text UUid:7ebf057b-ddf7-4527-92e9-d4d379b3431d
08-29 00:10:20 com_github_MitjaNemec_ReplicateLayout.replicate_layout 991:Dst text UUid:ea5bf50d-f1ff-4fd6-9743-afcdfd3c61d5
08-29 00:10:20 com_github_MitjaNemec_ReplicateLayout.replicate_layout 990:Src text UUid:e68fef10-595d-4034-b6ab-00179d33cd62
08-29 00:10:20 com_github_MitjaNemec_ReplicateLayout.replicate_layout 991:Dst text UUid:6b87bf5d-1a4b-44f5-8486-9338ab1dd106
08-29 00:10:20 com_github_MitjaNemec_ReplicateLayout.replicate_layout 990:Src text UUid:c0a551a3-e5e8-4aa2-bad0-1dd864d71ba4
08-29 00:10:20 com_github_MitjaNemec_ReplicateLayout.replicate_layout 991:Dst text UUid:6ea9c2dc-7a62-4c3a-875b-c5c480eab67e
08-29 00:10:20 com_github_MitjaNemec_ReplicateLayout.replicate_layout 888:Replicating footprint: 'R1'
08-29 00:10:20 com_github_MitjaNemec_ReplicateLayout.replicate_layout 835:Src fp.id: 'E3A00D99-EE45-46E5-9182-7CB5902749B3'
08-29 00:10:20 com_github_MitjaNemec_ReplicateLayout.replicate_layout 839:Dst fp.id: 'E3A00D99-EE45-46E5-9182-7CB5902749B3'
08-29 00:10:20 com_github_MitjaNemec_ReplicateLayout.replicate_layout 895:found match in dst footprint: 'R61'
08-29 00:10:20 com_github_MitjaNemec_ReplicateLayout.replicate_layout 990:Src text UUid:ba093b77-2243-40ba-81f8-483bbf0185db
08-29 00:10:20 com_github_MitjaNemec_ReplicateLayout.replicate_layout 991:Dst text UUid:57390037-f132-4dde-bba9-5a0aadfcf1b6
08-29 00:10:20 com_github_MitjaNemec_ReplicateLayout.replicate_layout 990:Src text UUid:46ba2679-716b-4cb2-98d0-cdb6119821d1
08-29 00:10:20 com_github_MitjaNemec_ReplicateLayout.replicate_layout 991:Dst text UUid:931aa6e9-7e49-4ba8-bde6-85104578fa26
08-29 00:10:20 com_github_MitjaNemec_ReplicateLayout.replicate_layout 990:Src text UUid:a5803c3c-186e-40da-9549-6a79b6d8bf98
08-29 00:10:20 com_github_MitjaNemec_ReplicateLayout.replicate_layout 991:Dst text UUid:230d78b1-1b8b-4cc1-bb2f-84c9f8fb20a9
08-29 00:10:20 com_github_MitjaNemec_ReplicateLayout.replicate_layout 888:Replicating footprint: 'TP93'
08-29 00:10:20 com_github_MitjaNemec_ReplicateLayout.replicate_layout 835:Src fp.id: '15175B47-07CC-4462-B3C9-5D963B871DFB'
08-29 00:10:20 com_github_MitjaNemec_ReplicateLayout.replicate_layout 839:Dst fp.id: '15175B47-07CC-4462-B3C9-5D963B871DFB'
08-29 00:10:20 com_github_MitjaNemec_ReplicateLayout.replicate_layout 895:found match in dst footprint: 'TP110'
08-29 00:10:20 com_github_MitjaNemec_ReplicateLayout.replicate_layout 990:Src text UUid:a29c5f2c-5368-470c-bf7d-3eb524a9f5a4
08-29 00:10:20 com_github_MitjaNemec_ReplicateLayout.replicate_layout 991:Dst text UUid:15ec7c2d-8097-45f0-b768-2558d01a29e8
08-29 00:10:20 com_github_MitjaNemec_ReplicateLayout.replicate_layout 990:Src text UUid:b73aa0a7-756d-4772-a66b-825a940b4bb8
08-29 00:10:20 com_github_MitjaNemec_ReplicateLayout.replicate_layout 991:Dst text UUid:795e8a5e-bd39-438a-a88c-39dd0e19a667
08-29 00:10:20 com_github_MitjaNemec_ReplicateLayout.replicate_layout 990:Src text UUid:b2d41304-451a-4f90-ae28-d1d150d70de9
08-29 00:10:20 com_github_MitjaNemec_ReplicateLayout.replicate_layout 991:Dst text UUid:3bab61f1-61c5-4c6a-b2cf-44f535bc72c4
08-29 00:10:20 com_github_MitjaNemec_ReplicateLayout.replicate_layout 888:Replicating footprint: 'Q1'
08-29 00:10:20 com_github_MitjaNemec_ReplicateLayout.replicate_layout 835:Src fp.id: '8D847CB5-E00B-428D-BD6B-968281E3857C'
08-29 00:10:20 com_github_MitjaNemec_ReplicateLayout.replicate_layout 839:Dst fp.id: '8D847CB5-E00B-428D-BD6B-968281E3857C'
08-29 00:10:20 com_github_MitjaNemec_ReplicateLayout.replicate_layout 895:found match in dst footprint: 'Q122'
08-29 00:10:20 com_github_MitjaNemec_ReplicateLayout.replicate_layout 990:Src text UUid:b1604cc1-d053-4d3e-980d-232d8676de39
08-29 00:10:20 com_github_MitjaNemec_ReplicateLayout.replicate_layout 991:Dst text UUid:06418726-4b70-43ec-a38d-ca8a132c1837
08-29 00:10:20 com_github_MitjaNemec_ReplicateLayout.replicate_layout 990:Src text UUid:c0bb85bc-d328-41e7-bd97-31bf508a662b
08-29 00:10:20 com_github_MitjaNemec_ReplicateLayout.replicate_layout 991:Dst text UUid:721393cc-bdec-499f-8a50-fca970a9d188
08-29 00:10:20 com_github_MitjaNemec_ReplicateLayout.replicate_layout 990:Src text UUid:5e6fa8e6-c520-4ff8-ad92-32b11758bae4
08-29 00:10:20 com_github_MitjaNemec_ReplicateLayout.replicate_layout 991:Dst text UUid:28a837f9-dd98-41b1-bdca-b87628c0141d
08-29 00:10:20 com_github_MitjaNemec_ReplicateLayout.replicate_layout 870:Replicating footprints on sheet ['/SensorModule61/']
08-29 00:10:20 com_github_MitjaNemec_ReplicateLayout.replicate_layout 835:Src fp.id: '48CE2A11-6FA1-4816-8BEE-2E82038543FF'
08-29 00:10:20 com_github_MitjaNemec_ReplicateLayout.replicate_layout 839:Dst fp.id: '48CE2A11-6FA1-4816-8BEE-2E82038543FF'
08-29 00:10:20 com_github_MitjaNemec_ReplicateLayout.replicate_layout 888:Replicating footprint: 'Q2'
08-29 00:10:20 com_github_MitjaNemec_ReplicateLayout.replicate_layout 835:Src fp.id: 'D3B029CA-A78A-4AD0-B065-5E40F898A58E'
08-29 00:10:20 com_github_MitjaNemec_ReplicateLayout.replicate_layout 839:Dst fp.id: 'D3B029CA-A78A-4AD0-B065-5E40F898A58E'
08-29 00:10:20 com_github_MitjaNemec_ReplicateLayout.replicate_layout 895:found match in dst footprint: 'Q123'
08-29 00:10:20 com_github_MitjaNemec_ReplicateLayout.replicate_layout 990:Src text UUid:8132af40-9520-49cc-b94e-a768fdfb8d6a
08-29 00:10:20 com_github_MitjaNemec_ReplicateLayout.replicate_layout 991:Dst text UUid:915eaf64-f578-40d7-ab7e-467e844c93d6
08-29 00:10:20 com_github_MitjaNemec_ReplicateLayout.replicate_layout 990:Src text UUid:bf1c4316-bb3a-49d4-9c30-09e2a468388a
08-29 00:10:20 com_github_MitjaNemec_ReplicateLayout.replicate_layout 991:Dst text UUid:fef083fd-ab2b-4faf-adea-cefe7ba5f484
08-29 00:10:20 com_github_MitjaNemec_ReplicateLayout.replicate_layout 990:Src text UUid:78cf5bb7-f5b3-4597-8f69-50bf1c3f6479
08-29 00:10:20 com_github_MitjaNemec_ReplicateLayout.replicate_layout 991:Dst text UUid:c7f45254-1416-4715-a9e7-d5f50dfd4092
08-29 00:10:20 com_github_MitjaNemec_ReplicateLayout.replicate_layout 888:Replicating footprint: 'C1'
08-29 00:10:20 com_github_MitjaNemec_ReplicateLayout.replicate_layout 835:Src fp.id: '48CE2A11-6FA1-4816-8BEE-2E82038543FF'
08-29 00:10:20 com_github_MitjaNemec_ReplicateLayout.replicate_layout 839:Dst fp.id: '48CE2A11-6FA1-4816-8BEE-2E82038543FF'
08-29 00:10:20 com_github_MitjaNemec_ReplicateLayout.replicate_layout 895:found match in dst footprint: 'C62'
08-29 00:10:20 com_github_MitjaNemec_ReplicateLayout.replicate_layout 990:Src text UUid:7ebf057b-ddf7-4527-92e9-d4d379b3431d
08-29 00:10:20 com_github_MitjaNemec_ReplicateLayout.replicate_layout 991:Dst text UUid:9e38358b-3077-4449-b4a7-d19fd295c5b3
08-29 00:10:20 com_github_MitjaNemec_ReplicateLayout.replicate_layout 990:Src text UUid:e68fef10-595d-4034-b6ab-00179d33cd62
08-29 00:10:20 com_github_MitjaNemec_ReplicateLayout.replicate_layout 991:Dst text UUid:e7182545-d272-41cc-9783-b71fc8edc2cd
08-29 00:10:20 com_github_MitjaNemec_ReplicateLayout.replicate_layout 990:Src text UUid:c0a551a3-e5e8-4aa2-bad0-1dd864d71ba4
08-29 00:10:20 com_github_MitjaNemec_ReplicateLayout.replicate_layout 991:Dst text UUid:5b142485-8b11-4d5d-8c89-dabec7458c04
08-29 00:10:20 com_github_MitjaNemec_ReplicateLayout.replicate_layout 888:Replicating footprint: 'R1'
08-29 00:10:20 com_github_MitjaNemec_ReplicateLayout.replicate_layout 835:Src fp.id: 'E3A00D99-EE45-46E5-9182-7CB5902749B3'
08-29 00:10:20 com_github_MitjaNemec_ReplicateLayout.replicate_layout 839:Dst fp.id: 'E3A00D99-EE45-46E5-9182-7CB5902749B3'
08-29 00:10:20 com_github_MitjaNemec_ReplicateLayout.replicate_layout 895:found match in dst footprint: 'R62'
08-29 00:10:20 com_github_MitjaNemec_ReplicateLayout.replicate_layout 990:Src text UUid:ba093b77-2243-40ba-81f8-483bbf0185db
08-29 00:10:20 com_github_MitjaNemec_ReplicateLayout.replicate_layout 991:Dst text UUid:52bced6f-2c5e-468e-8317-d3eb713f09e9
08-29 00:10:20 com_github_MitjaNemec_ReplicateLayout.replicate_layout 990:Src text UUid:46ba2679-716b-4cb2-98d0-cdb6119821d1
08-29 00:10:20 com_github_MitjaNemec_ReplicateLayout.replicate_layout 991:Dst text UUid:a0938e4e-65db-4fb6-a758-f341dd2dd1c5
08-29 00:10:20 com_github_MitjaNemec_ReplicateLayout.replicate_layout 990:Src text UUid:a5803c3c-186e-40da-9549-6a79b6d8bf98
08-29 00:10:20 com_github_MitjaNemec_ReplicateLayout.replicate_layout 991:Dst text UUid:560a576b-2478-4286-9ccd-54320a71c0ff
08-29 00:10:20 com_github_MitjaNemec_ReplicateLayout.replicate_layout 888:Replicating footprint: 'TP93'
08-29 00:10:20 com_github_MitjaNemec_ReplicateLayout.replicate_layout 835:Src fp.id: '15175B47-07CC-4462-B3C9-5D963B871DFB'
08-29 00:10:20 com_github_MitjaNemec_ReplicateLayout.replicate_layout 839:Dst fp.id: '15175B47-07CC-4462-B3C9-5D963B871DFB'
08-29 00:10:20 com_github_MitjaNemec_ReplicateLayout.replicate_layout 895:found match in dst footprint: 'TP111'
08-29 00:10:20 com_github_MitjaNemec_ReplicateLayout.replicate_layout 990:Src text UUid:a29c5f2c-5368-470c-bf7d-3eb524a9f5a4
08-29 00:10:20 com_github_MitjaNemec_ReplicateLayout.replicate_layout 991:Dst text UUid:5aaece4e-ee7e-4492-8530-cbc8ec7540b1
08-29 00:10:20 com_github_MitjaNemec_ReplicateLayout.replicate_layout 990:Src text UUid:b73aa0a7-756d-4772-a66b-825a940b4bb8
08-29 00:10:20 com_github_MitjaNemec_ReplicateLayout.replicate_layout 991:Dst text UUid:af7d4c07-4da3-487e-9eda-ac3a134dc49b
08-29 00:10:20 com_github_MitjaNemec_ReplicateLayout.replicate_layout 990:Src text UUid:b2d41304-451a-4f90-ae28-d1d150d70de9
08-29 00:10:20 com_github_MitjaNemec_ReplicateLayout.replicate_layout 991:Dst text UUid:9054710f-2846-41db-b9d3-bb27706b3855
08-29 00:10:20 com_github_MitjaNemec_ReplicateLayout.replicate_layout 888:Replicating footprint: 'Q1'
08-29 00:10:20 com_github_MitjaNemec_ReplicateLayout.replicate_layout 835:Src fp.id: '8D847CB5-E00B-428D-BD6B-968281E3857C'
08-29 00:10:20 com_github_MitjaNemec_ReplicateLayout.replicate_layout 839:Dst fp.id: '8D847CB5-E00B-428D-BD6B-968281E3857C'
08-29 00:10:20 com_github_MitjaNemec_ReplicateLayout.replicate_layout 895:found match in dst footprint: 'Q124'
08-29 00:10:20 com_github_MitjaNemec_ReplicateLayout.replicate_layout 990:Src text UUid:b1604cc1-d053-4d3e-980d-232d8676de39
08-29 00:10:20 com_github_MitjaNemec_ReplicateLayout.replicate_layout 991:Dst text UUid:8b96acb2-ca9f-49c8-bc69-af8f993f5c53
08-29 00:10:20 com_github_MitjaNemec_ReplicateLayout.replicate_layout 990:Src text UUid:c0bb85bc-d328-41e7-bd97-31bf508a662b
08-29 00:10:20 com_github_MitjaNemec_ReplicateLayout.replicate_layout 991:Dst text UUid:2bf79cd8-5d54-47e8-95a6-7a7fa23dd528
08-29 00:10:20 com_github_MitjaNemec_ReplicateLayout.replicate_layout 990:Src text UUid:5e6fa8e6-c520-4ff8-ad92-32b11758bae4
08-29 00:10:20 com_github_MitjaNemec_ReplicateLayout.replicate_layout 991:Dst text UUid:bfcd5449-2cd3-4786-b7e1-70696ac620c8
08-29 00:10:20 com_github_MitjaNemec_ReplicateLayout.replicate_layout 870:Replicating footprints on sheet ['/SensorModule62/']
08-29 00:10:20 com_github_MitjaNemec_ReplicateLayout.replicate_layout 835:Src fp.id: '48CE2A11-6FA1-4816-8BEE-2E82038543FF'
08-29 00:10:20 com_github_MitjaNemec_ReplicateLayout.replicate_layout 839:Dst fp.id: '48CE2A11-6FA1-4816-8BEE-2E82038543FF'
08-29 00:10:20 com_github_MitjaNemec_ReplicateLayout.replicate_layout 888:Replicating footprint: 'Q2'
08-29 00:10:20 com_github_MitjaNemec_ReplicateLayout.replicate_layout 835:Src fp.id: 'D3B029CA-A78A-4AD0-B065-5E40F898A58E'
08-29 00:10:20 com_github_MitjaNemec_ReplicateLayout.replicate_layout 839:Dst fp.id: 'D3B029CA-A78A-4AD0-B065-5E40F898A58E'
08-29 00:10:20 com_github_MitjaNemec_ReplicateLayout.replicate_layout 895:found match in dst footprint: 'Q125'
08-29 00:10:20 com_github_MitjaNemec_ReplicateLayout.replicate_layout 990:Src text UUid:8132af40-9520-49cc-b94e-a768fdfb8d6a
08-29 00:10:20 com_github_MitjaNemec_ReplicateLayout.replicate_layout 991:Dst text UUid:09561919-0031-4b3a-984b-5dc63b9f9479
08-29 00:10:20 com_github_MitjaNemec_ReplicateLayout.replicate_layout 990:Src text UUid:bf1c4316-bb3a-49d4-9c30-09e2a468388a
08-29 00:10:20 com_github_MitjaNemec_ReplicateLayout.replicate_layout 991:Dst text UUid:cca6d115-e18c-45d1-92f2-f677d187d30a
08-29 00:10:20 com_github_MitjaNemec_ReplicateLayout.replicate_layout 990:Src text UUid:78cf5bb7-f5b3-4597-8f69-50bf1c3f6479
08-29 00:10:20 com_github_MitjaNemec_ReplicateLayout.replicate_layout 991:Dst text UUid:485d63d6-dcb5-4b48-a3fe-2db5fa7922c9
08-29 00:10:20 com_github_MitjaNemec_ReplicateLayout.replicate_layout 888:Replicating footprint: 'C1'
08-29 00:10:20 com_github_MitjaNemec_ReplicateLayout.replicate_layout 835:Src fp.id: '48CE2A11-6FA1-4816-8BEE-2E82038543FF'
08-29 00:10:20 com_github_MitjaNemec_ReplicateLayout.replicate_layout 839:Dst fp.id: '48CE2A11-6FA1-4816-8BEE-2E82038543FF'
08-29 00:10:20 com_github_MitjaNemec_ReplicateLayout.replicate_layout 895:found match in dst footprint: 'C63'
08-29 00:10:20 com_github_MitjaNemec_ReplicateLayout.replicate_layout 990:Src text UUid:7ebf057b-ddf7-4527-92e9-d4d379b3431d
08-29 00:10:20 com_github_MitjaNemec_ReplicateLayout.replicate_layout 991:Dst text UUid:9b89caed-da46-4341-8cf8-2f61bbbbc003
08-29 00:10:20 com_github_MitjaNemec_ReplicateLayout.replicate_layout 990:Src text UUid:e68fef10-595d-4034-b6ab-00179d33cd62
08-29 00:10:20 com_github_MitjaNemec_ReplicateLayout.replicate_layout 991:Dst text UUid:7cb76002-ff43-4b47-b74b-ea06ab2fc5e1
08-29 00:10:20 com_github_MitjaNemec_ReplicateLayout.replicate_layout 990:Src text UUid:c0a551a3-e5e8-4aa2-bad0-1dd864d71ba4
08-29 00:10:20 com_github_MitjaNemec_ReplicateLayout.replicate_layout 991:Dst text UUid:f76f03ca-bbae-42f6-b2e3-baae7f3f511a
08-29 00:10:20 com_github_MitjaNemec_ReplicateLayout.replicate_layout 888:Replicating footprint: 'R1'
08-29 00:10:20 com_github_MitjaNemec_ReplicateLayout.replicate_layout 835:Src fp.id: 'E3A00D99-EE45-46E5-9182-7CB5902749B3'
08-29 00:10:20 com_github_MitjaNemec_ReplicateLayout.replicate_layout 839:Dst fp.id: 'E3A00D99-EE45-46E5-9182-7CB5902749B3'
08-29 00:10:20 com_github_MitjaNemec_ReplicateLayout.replicate_layout 895:found match in dst footprint: 'R63'
08-29 00:10:20 com_github_MitjaNemec_ReplicateLayout.replicate_layout 990:Src text UUid:ba093b77-2243-40ba-81f8-483bbf0185db
08-29 00:10:20 com_github_MitjaNemec_ReplicateLayout.replicate_layout 991:Dst text UUid:0bb065e7-9690-40d0-95ce-cd0b8f8130ef
08-29 00:10:20 com_github_MitjaNemec_ReplicateLayout.replicate_layout 990:Src text UUid:46ba2679-716b-4cb2-98d0-cdb6119821d1
08-29 00:10:20 com_github_MitjaNemec_ReplicateLayout.replicate_layout 991:Dst text UUid:cf18e93c-d46d-4dcc-b9eb-e420edec9029
08-29 00:10:20 com_github_MitjaNemec_ReplicateLayout.replicate_layout 990:Src text UUid:a5803c3c-186e-40da-9549-6a79b6d8bf98
08-29 00:10:20 com_github_MitjaNemec_ReplicateLayout.replicate_layout 991:Dst text UUid:8bad35c9-1a1c-445e-8e7b-5f5e856b11df
08-29 00:10:20 com_github_MitjaNemec_ReplicateLayout.replicate_layout 888:Replicating footprint: 'TP93'
08-29 00:10:20 root 345:updating GUI with: 93
08-29 00:10:20 com_github_MitjaNemec_ReplicateLayout.replicate_layout 835:Src fp.id: '15175B47-07CC-4462-B3C9-5D963B871DFB'
08-29 00:10:20 com_github_MitjaNemec_ReplicateLayout.replicate_layout 839:Dst fp.id: '15175B47-07CC-4462-B3C9-5D963B871DFB'
08-29 00:10:20 com_github_MitjaNemec_ReplicateLayout.replicate_layout 895:found match in dst footprint: 'TP112'
08-29 00:10:20 com_github_MitjaNemec_ReplicateLayout.replicate_layout 990:Src text UUid:a29c5f2c-5368-470c-bf7d-3eb524a9f5a4
08-29 00:10:20 com_github_MitjaNemec_ReplicateLayout.replicate_layout 991:Dst text UUid:2192d0da-763d-4169-82b8-c157b68865b8
08-29 00:10:20 com_github_MitjaNemec_ReplicateLayout.replicate_layout 990:Src text UUid:b73aa0a7-756d-4772-a66b-825a940b4bb8
08-29 00:10:20 com_github_MitjaNemec_ReplicateLayout.replicate_layout 991:Dst text UUid:d062acf8-4a0e-43a1-bc8f-a1e3e911840f
08-29 00:10:20 com_github_MitjaNemec_ReplicateLayout.replicate_layout 990:Src text UUid:b2d41304-451a-4f90-ae28-d1d150d70de9
08-29 00:10:20 com_github_MitjaNemec_ReplicateLayout.replicate_layout 991:Dst text UUid:812ee917-6d24-40d7-b1b2-6b7fc60092d4
08-29 00:10:20 com_github_MitjaNemec_ReplicateLayout.replicate_layout 888:Replicating footprint: 'Q1'
08-29 00:10:20 com_github_MitjaNemec_ReplicateLayout.replicate_layout 835:Src fp.id: '8D847CB5-E00B-428D-BD6B-968281E3857C'
08-29 00:10:20 com_github_MitjaNemec_ReplicateLayout.replicate_layout 839:Dst fp.id: '8D847CB5-E00B-428D-BD6B-968281E3857C'
08-29 00:10:20 com_github_MitjaNemec_ReplicateLayout.replicate_layout 895:found match in dst footprint: 'Q126'
08-29 00:10:20 com_github_MitjaNemec_ReplicateLayout.replicate_layout 990:Src text UUid:b1604cc1-d053-4d3e-980d-232d8676de39
08-29 00:10:20 com_github_MitjaNemec_ReplicateLayout.replicate_layout 991:Dst text UUid:2a027faa-b860-4cec-84c0-2a7b0fafb874
08-29 00:10:20 com_github_MitjaNemec_ReplicateLayout.replicate_layout 990:Src text UUid:c0bb85bc-d328-41e7-bd97-31bf508a662b
08-29 00:10:20 com_github_MitjaNemec_ReplicateLayout.replicate_layout 991:Dst text UUid:e46c024d-cad7-44c1-9910-234db49ad81c
08-29 00:10:20 com_github_MitjaNemec_ReplicateLayout.replicate_layout 990:Src text UUid:5e6fa8e6-c520-4ff8-ad92-32b11758bae4
08-29 00:10:20 com_github_MitjaNemec_ReplicateLayout.replicate_layout 991:Dst text UUid:b0f43af3-bf0a-4130-aab5-2b119835d42e
08-29 00:10:20 com_github_MitjaNemec_ReplicateLayout.replicate_layout 870:Replicating footprints on sheet ['/SensorModule63/']
08-29 00:10:20 com_github_MitjaNemec_ReplicateLayout.replicate_layout 835:Src fp.id: '48CE2A11-6FA1-4816-8BEE-2E82038543FF'
08-29 00:10:20 com_github_MitjaNemec_ReplicateLayout.replicate_layout 839:Dst fp.id: '48CE2A11-6FA1-4816-8BEE-2E82038543FF'
08-29 00:10:20 com_github_MitjaNemec_ReplicateLayout.replicate_layout 888:Replicating footprint: 'Q2'
08-29 00:10:20 com_github_MitjaNemec_ReplicateLayout.replicate_layout 835:Src fp.id: 'D3B029CA-A78A-4AD0-B065-5E40F898A58E'
08-29 00:10:20 com_github_MitjaNemec_ReplicateLayout.replicate_layout 839:Dst fp.id: 'D3B029CA-A78A-4AD0-B065-5E40F898A58E'
08-29 00:10:20 com_github_MitjaNemec_ReplicateLayout.replicate_layout 895:found match in dst footprint: 'Q127'
08-29 00:10:20 com_github_MitjaNemec_ReplicateLayout.replicate_layout 990:Src text UUid:8132af40-9520-49cc-b94e-a768fdfb8d6a
08-29 00:10:20 com_github_MitjaNemec_ReplicateLayout.replicate_layout 991:Dst text UUid:8a6fb9de-104b-4a03-a807-0eb409217fa2
08-29 00:10:20 com_github_MitjaNemec_ReplicateLayout.replicate_layout 990:Src text UUid:bf1c4316-bb3a-49d4-9c30-09e2a468388a
08-29 00:10:20 com_github_MitjaNemec_ReplicateLayout.replicate_layout 991:Dst text UUid:74dfcb85-c95a-42a9-b2cc-a6af698308bc
08-29 00:10:20 com_github_MitjaNemec_ReplicateLayout.replicate_layout 990:Src text UUid:78cf5bb7-f5b3-4597-8f69-50bf1c3f6479
08-29 00:10:20 com_github_MitjaNemec_ReplicateLayout.replicate_layout 991:Dst text UUid:7b16e83d-a728-4d50-b874-e42a175b9308
08-29 00:10:20 com_github_MitjaNemec_ReplicateLayout.replicate_layout 888:Replicating footprint: 'C1'
08-29 00:10:20 com_github_MitjaNemec_ReplicateLayout.replicate_layout 835:Src fp.id: '48CE2A11-6FA1-4816-8BEE-2E82038543FF'
08-29 00:10:20 com_github_MitjaNemec_ReplicateLayout.replicate_layout 839:Dst fp.id: '48CE2A11-6FA1-4816-8BEE-2E82038543FF'
08-29 00:10:20 com_github_MitjaNemec_ReplicateLayout.replicate_layout 895:found match in dst footprint: 'C64'
08-29 00:10:20 com_github_MitjaNemec_ReplicateLayout.replicate_layout 990:Src text UUid:7ebf057b-ddf7-4527-92e9-d4d379b3431d
08-29 00:10:20 com_github_MitjaNemec_ReplicateLayout.replicate_layout 991:Dst text UUid:c29436af-f7b5-415c-aa7e-893fc20578a0
08-29 00:10:20 com_github_MitjaNemec_ReplicateLayout.replicate_layout 990:Src text UUid:e68fef10-595d-4034-b6ab-00179d33cd62
08-29 00:10:20 com_github_MitjaNemec_ReplicateLayout.replicate_layout 991:Dst text UUid:418dd81f-1492-4f84-bb72-e613e25ca120
08-29 00:10:20 com_github_MitjaNemec_ReplicateLayout.replicate_layout 990:Src text UUid:c0a551a3-e5e8-4aa2-bad0-1dd864d71ba4
08-29 00:10:20 com_github_MitjaNemec_ReplicateLayout.replicate_layout 991:Dst text UUid:3ed179b7-4aab-4558-bf54-dd9e985ee087
08-29 00:10:20 com_github_MitjaNemec_ReplicateLayout.replicate_layout 888:Replicating footprint: 'R1'
08-29 00:10:20 com_github_MitjaNemec_ReplicateLayout.replicate_layout 835:Src fp.id: 'E3A00D99-EE45-46E5-9182-7CB5902749B3'
08-29 00:10:20 com_github_MitjaNemec_ReplicateLayout.replicate_layout 839:Dst fp.id: 'E3A00D99-EE45-46E5-9182-7CB5902749B3'
08-29 00:10:20 com_github_MitjaNemec_ReplicateLayout.replicate_layout 895:found match in dst footprint: 'R64'
08-29 00:10:20 com_github_MitjaNemec_ReplicateLayout.replicate_layout 990:Src text UUid:ba093b77-2243-40ba-81f8-483bbf0185db
08-29 00:10:20 com_github_MitjaNemec_ReplicateLayout.replicate_layout 991:Dst text UUid:fda29dde-a943-42e0-aa5f-18ad1f0fedbf
08-29 00:10:20 com_github_MitjaNemec_ReplicateLayout.replicate_layout 990:Src text UUid:46ba2679-716b-4cb2-98d0-cdb6119821d1
08-29 00:10:20 com_github_MitjaNemec_ReplicateLayout.replicate_layout 991:Dst text UUid:d8496aba-c50e-44a8-9e4c-bd43bdb3404e
08-29 00:10:20 com_github_MitjaNemec_ReplicateLayout.replicate_layout 990:Src text UUid:a5803c3c-186e-40da-9549-6a79b6d8bf98
08-29 00:10:20 com_github_MitjaNemec_ReplicateLayout.replicate_layout 991:Dst text UUid:30afa797-5fa4-4909-8974-71666d0cd7fe
08-29 00:10:20 com_github_MitjaNemec_ReplicateLayout.replicate_layout 888:Replicating footprint: 'TP93'
08-29 00:10:20 com_github_MitjaNemec_ReplicateLayout.replicate_layout 835:Src fp.id: '15175B47-07CC-4462-B3C9-5D963B871DFB'
08-29 00:10:20 com_github_MitjaNemec_ReplicateLayout.replicate_layout 839:Dst fp.id: '15175B47-07CC-4462-B3C9-5D963B871DFB'
08-29 00:10:20 com_github_MitjaNemec_ReplicateLayout.replicate_layout 895:found match in dst footprint: 'TP113'
08-29 00:10:20 com_github_MitjaNemec_ReplicateLayout.replicate_layout 990:Src text UUid:a29c5f2c-5368-470c-bf7d-3eb524a9f5a4
08-29 00:10:20 com_github_MitjaNemec_ReplicateLayout.replicate_layout 991:Dst text UUid:6a421253-4def-4ea4-ab93-349eb19ab1ef
08-29 00:10:20 com_github_MitjaNemec_ReplicateLayout.replicate_layout 990:Src text UUid:b73aa0a7-756d-4772-a66b-825a940b4bb8
08-29 00:10:20 com_github_MitjaNemec_ReplicateLayout.replicate_layout 991:Dst text UUid:8c4c7d1a-16fd-42c1-9925-5bd9a1b3c385
08-29 00:10:20 com_github_MitjaNemec_ReplicateLayout.replicate_layout 990:Src text UUid:b2d41304-451a-4f90-ae28-d1d150d70de9
08-29 00:10:20 com_github_MitjaNemec_ReplicateLayout.replicate_layout 991:Dst text UUid:c326e0d6-1457-4f8f-8cca-45f5a434ee16
08-29 00:10:20 com_github_MitjaNemec_ReplicateLayout.replicate_layout 888:Replicating footprint: 'Q1'
08-29 00:10:20 com_github_MitjaNemec_ReplicateLayout.replicate_layout 835:Src fp.id: '8D847CB5-E00B-428D-BD6B-968281E3857C'
08-29 00:10:20 com_github_MitjaNemec_ReplicateLayout.replicate_layout 839:Dst fp.id: '8D847CB5-E00B-428D-BD6B-968281E3857C'
08-29 00:10:20 com_github_MitjaNemec_ReplicateLayout.replicate_layout 895:found match in dst footprint: 'Q128'
08-29 00:10:20 com_github_MitjaNemec_ReplicateLayout.replicate_layout 990:Src text UUid:b1604cc1-d053-4d3e-980d-232d8676de39
08-29 00:10:20 com_github_MitjaNemec_ReplicateLayout.replicate_layout 991:Dst text UUid:f6e42950-af0f-401f-9cff-6ffa18ef6dfe
08-29 00:10:20 com_github_MitjaNemec_ReplicateLayout.replicate_layout 990:Src text UUid:c0bb85bc-d328-41e7-bd97-31bf508a662b
08-29 00:10:20 com_github_MitjaNemec_ReplicateLayout.replicate_layout 991:Dst text UUid:836f72e9-4785-44f3-aefb-d95aeaded7b0
08-29 00:10:20 com_github_MitjaNemec_ReplicateLayout.replicate_layout 990:Src text UUid:5e6fa8e6-c520-4ff8-ad92-32b11758bae4
08-29 00:10:20 com_github_MitjaNemec_ReplicateLayout.replicate_layout 991:Dst text UUid:48605c41-1ab7-4b20-8aa5-7fd0923a5f32
08-29 00:10:20 com_github_MitjaNemec_ReplicateLayout.replicate_layout 870:Replicating footprints on sheet ['/SensorModule7/']
08-29 00:10:20 com_github_MitjaNemec_ReplicateLayout.replicate_layout 835:Src fp.id: '48CE2A11-6FA1-4816-8BEE-2E82038543FF'
08-29 00:10:20 com_github_MitjaNemec_ReplicateLayout.replicate_layout 839:Dst fp.id: '48CE2A11-6FA1-4816-8BEE-2E82038543FF'
08-29 00:10:20 com_github_MitjaNemec_ReplicateLayout.replicate_layout 888:Replicating footprint: 'Q2'
08-29 00:10:20 com_github_MitjaNemec_ReplicateLayout.replicate_layout 835:Src fp.id: 'D3B029CA-A78A-4AD0-B065-5E40F898A58E'
08-29 00:10:20 com_github_MitjaNemec_ReplicateLayout.replicate_layout 839:Dst fp.id: 'D3B029CA-A78A-4AD0-B065-5E40F898A58E'
08-29 00:10:20 com_github_MitjaNemec_ReplicateLayout.replicate_layout 895:found match in dst footprint: 'Q15'
08-29 00:10:20 com_github_MitjaNemec_ReplicateLayout.replicate_layout 990:Src text UUid:8132af40-9520-49cc-b94e-a768fdfb8d6a
08-29 00:10:20 com_github_MitjaNemec_ReplicateLayout.replicate_layout 991:Dst text UUid:df7e0533-b7da-4fad-bb64-4e9981fdad47
08-29 00:10:20 com_github_MitjaNemec_ReplicateLayout.replicate_layout 990:Src text UUid:bf1c4316-bb3a-49d4-9c30-09e2a468388a
08-29 00:10:20 com_github_MitjaNemec_ReplicateLayout.replicate_layout 991:Dst text UUid:8ad8008a-f0f0-4a93-9126-af4d083c851c
08-29 00:10:20 com_github_MitjaNemec_ReplicateLayout.replicate_layout 990:Src text UUid:78cf5bb7-f5b3-4597-8f69-50bf1c3f6479
08-29 00:10:20 com_github_MitjaNemec_ReplicateLayout.replicate_layout 991:Dst text UUid:793f92a0-a33f-4e6b-a1ca-bb7811b592d9
08-29 00:10:20 com_github_MitjaNemec_ReplicateLayout.replicate_layout 888:Replicating footprint: 'C1'
08-29 00:10:20 com_github_MitjaNemec_ReplicateLayout.replicate_layout 835:Src fp.id: '48CE2A11-6FA1-4816-8BEE-2E82038543FF'
08-29 00:10:20 com_github_MitjaNemec_ReplicateLayout.replicate_layout 839:Dst fp.id: '48CE2A11-6FA1-4816-8BEE-2E82038543FF'
08-29 00:10:20 com_github_MitjaNemec_ReplicateLayout.replicate_layout 895:found match in dst footprint: 'C8'
08-29 00:10:20 com_github_MitjaNemec_ReplicateLayout.replicate_layout 990:Src text UUid:7ebf057b-ddf7-4527-92e9-d4d379b3431d
08-29 00:10:20 com_github_MitjaNemec_ReplicateLayout.replicate_layout 991:Dst text UUid:a78b736d-4f94-4ddb-bad7-d3d53860c012
08-29 00:10:20 com_github_MitjaNemec_ReplicateLayout.replicate_layout 990:Src text UUid:e68fef10-595d-4034-b6ab-00179d33cd62
08-29 00:10:20 com_github_MitjaNemec_ReplicateLayout.replicate_layout 991:Dst text UUid:955cc1a6-3ae8-4a9d-93d7-6fe2cbcbe0b6
08-29 00:10:20 com_github_MitjaNemec_ReplicateLayout.replicate_layout 990:Src text UUid:c0a551a3-e5e8-4aa2-bad0-1dd864d71ba4
08-29 00:10:20 com_github_MitjaNemec_ReplicateLayout.replicate_layout 991:Dst text UUid:0da4e378-7e94-4a4b-8cab-b6835967d672
08-29 00:10:20 com_github_MitjaNemec_ReplicateLayout.replicate_layout 888:Replicating footprint: 'R1'
08-29 00:10:20 com_github_MitjaNemec_ReplicateLayout.replicate_layout 835:Src fp.id: 'E3A00D99-EE45-46E5-9182-7CB5902749B3'
08-29 00:10:20 com_github_MitjaNemec_ReplicateLayout.replicate_layout 839:Dst fp.id: 'E3A00D99-EE45-46E5-9182-7CB5902749B3'
08-29 00:10:20 com_github_MitjaNemec_ReplicateLayout.replicate_layout 895:found match in dst footprint: 'R8'
08-29 00:10:20 com_github_MitjaNemec_ReplicateLayout.replicate_layout 990:Src text UUid:ba093b77-2243-40ba-81f8-483bbf0185db
08-29 00:10:20 com_github_MitjaNemec_ReplicateLayout.replicate_layout 991:Dst text UUid:4cfcf795-764d-4aa6-a80d-5719efdc95e8
08-29 00:10:20 com_github_MitjaNemec_ReplicateLayout.replicate_layout 990:Src text UUid:46ba2679-716b-4cb2-98d0-cdb6119821d1
08-29 00:10:20 com_github_MitjaNemec_ReplicateLayout.replicate_layout 991:Dst text UUid:1a270474-1853-4cb9-9354-d6fb20ac22a2
08-29 00:10:20 com_github_MitjaNemec_ReplicateLayout.replicate_layout 990:Src text UUid:a5803c3c-186e-40da-9549-6a79b6d8bf98
08-29 00:10:20 com_github_MitjaNemec_ReplicateLayout.replicate_layout 991:Dst text UUid:7e21691c-1ff3-41a8-99c0-7d9942c751fd
08-29 00:10:20 com_github_MitjaNemec_ReplicateLayout.replicate_layout 888:Replicating footprint: 'TP93'
08-29 00:10:20 com_github_MitjaNemec_ReplicateLayout.replicate_layout 835:Src fp.id: '15175B47-07CC-4462-B3C9-5D963B871DFB'
08-29 00:10:20 com_github_MitjaNemec_ReplicateLayout.replicate_layout 839:Dst fp.id: '15175B47-07CC-4462-B3C9-5D963B871DFB'
08-29 00:10:20 com_github_MitjaNemec_ReplicateLayout.replicate_layout 895:found match in dst footprint: 'TP1'
08-29 00:10:20 com_github_MitjaNemec_ReplicateLayout.replicate_layout 990:Src text UUid:a29c5f2c-5368-470c-bf7d-3eb524a9f5a4
08-29 00:10:20 com_github_MitjaNemec_ReplicateLayout.replicate_layout 991:Dst text UUid:5296162a-9132-44c2-96fe-f6416f2ae9a4
08-29 00:10:20 com_github_MitjaNemec_ReplicateLayout.replicate_layout 990:Src text UUid:b73aa0a7-756d-4772-a66b-825a940b4bb8
08-29 00:10:20 com_github_MitjaNemec_ReplicateLayout.replicate_layout 991:Dst text UUid:1d90f3fb-4760-4a17-9e9d-38f998252c3a
08-29 00:10:20 com_github_MitjaNemec_ReplicateLayout.replicate_layout 990:Src text UUid:b2d41304-451a-4f90-ae28-d1d150d70de9
08-29 00:10:20 com_github_MitjaNemec_ReplicateLayout.replicate_layout 991:Dst text UUid:53525c6a-751a-481f-857d-a3f64986a589
08-29 00:10:20 com_github_MitjaNemec_ReplicateLayout.replicate_layout 888:Replicating footprint: 'Q1'
08-29 00:10:20 com_github_MitjaNemec_ReplicateLayout.replicate_layout 835:Src fp.id: '8D847CB5-E00B-428D-BD6B-968281E3857C'
08-29 00:10:20 com_github_MitjaNemec_ReplicateLayout.replicate_layout 839:Dst fp.id: '8D847CB5-E00B-428D-BD6B-968281E3857C'
08-29 00:10:20 com_github_MitjaNemec_ReplicateLayout.replicate_layout 895:found match in dst footprint: 'Q16'
08-29 00:10:20 com_github_MitjaNemec_ReplicateLayout.replicate_layout 990:Src text UUid:b1604cc1-d053-4d3e-980d-232d8676de39
08-29 00:10:20 com_github_MitjaNemec_ReplicateLayout.replicate_layout 991:Dst text UUid:c5e05a90-6560-4398-8fda-490a75e912be
08-29 00:10:20 com_github_MitjaNemec_ReplicateLayout.replicate_layout 990:Src text UUid:c0bb85bc-d328-41e7-bd97-31bf508a662b
08-29 00:10:20 com_github_MitjaNemec_ReplicateLayout.replicate_layout 991:Dst text UUid:7fdd96c2-11e5-45ef-8a0b-7889df506cf8
08-29 00:10:20 com_github_MitjaNemec_ReplicateLayout.replicate_layout 990:Src text UUid:5e6fa8e6-c520-4ff8-ad92-32b11758bae4
08-29 00:10:20 com_github_MitjaNemec_ReplicateLayout.replicate_layout 991:Dst text UUid:8ef0223b-39e8-4a74-8c19-ef77bec39e52
08-29 00:10:20 com_github_MitjaNemec_ReplicateLayout.replicate_layout 870:Replicating footprints on sheet ['/SensorModule8/']
08-29 00:10:20 com_github_MitjaNemec_ReplicateLayout.replicate_layout 835:Src fp.id: '48CE2A11-6FA1-4816-8BEE-2E82038543FF'
08-29 00:10:20 com_github_MitjaNemec_ReplicateLayout.replicate_layout 839:Dst fp.id: '48CE2A11-6FA1-4816-8BEE-2E82038543FF'
08-29 00:10:20 com_github_MitjaNemec_ReplicateLayout.replicate_layout 888:Replicating footprint: 'Q2'
08-29 00:10:20 com_github_MitjaNemec_ReplicateLayout.replicate_layout 835:Src fp.id: 'D3B029CA-A78A-4AD0-B065-5E40F898A58E'
08-29 00:10:20 com_github_MitjaNemec_ReplicateLayout.replicate_layout 839:Dst fp.id: 'D3B029CA-A78A-4AD0-B065-5E40F898A58E'
08-29 00:10:20 com_github_MitjaNemec_ReplicateLayout.replicate_layout 895:found match in dst footprint: 'Q17'
08-29 00:10:20 com_github_MitjaNemec_ReplicateLayout.replicate_layout 990:Src text UUid:8132af40-9520-49cc-b94e-a768fdfb8d6a
08-29 00:10:20 com_github_MitjaNemec_ReplicateLayout.replicate_layout 991:Dst text UUid:3f073bde-cc37-4d45-827a-2349dda4a550
08-29 00:10:20 com_github_MitjaNemec_ReplicateLayout.replicate_layout 990:Src text UUid:bf1c4316-bb3a-49d4-9c30-09e2a468388a
08-29 00:10:20 com_github_MitjaNemec_ReplicateLayout.replicate_layout 991:Dst text UUid:88da1942-2e9e-4125-b97c-e2ec015c9397
08-29 00:10:20 com_github_MitjaNemec_ReplicateLayout.replicate_layout 990:Src text UUid:78cf5bb7-f5b3-4597-8f69-50bf1c3f6479
08-29 00:10:20 com_github_MitjaNemec_ReplicateLayout.replicate_layout 991:Dst text UUid:863b0223-f305-4e77-8484-5bc802413de4
08-29 00:10:20 com_github_MitjaNemec_ReplicateLayout.replicate_layout 888:Replicating footprint: 'C1'
08-29 00:10:20 root 345:updating GUI with: 97
08-29 00:10:20 com_github_MitjaNemec_ReplicateLayout.replicate_layout 835:Src fp.id: '48CE2A11-6FA1-4816-8BEE-2E82038543FF'
08-29 00:10:20 com_github_MitjaNemec_ReplicateLayout.replicate_layout 839:Dst fp.id: '48CE2A11-6FA1-4816-8BEE-2E82038543FF'
08-29 00:10:20 com_github_MitjaNemec_ReplicateLayout.replicate_layout 895:found match in dst footprint: 'C9'
08-29 00:10:20 com_github_MitjaNemec_ReplicateLayout.replicate_layout 990:Src text UUid:7ebf057b-ddf7-4527-92e9-d4d379b3431d
08-29 00:10:20 com_github_MitjaNemec_ReplicateLayout.replicate_layout 991:Dst text UUid:a68c8d2a-fe24-4dde-be3b-5d175d64be2b
08-29 00:10:20 com_github_MitjaNemec_ReplicateLayout.replicate_layout 990:Src text UUid:e68fef10-595d-4034-b6ab-00179d33cd62
08-29 00:10:20 com_github_MitjaNemec_ReplicateLayout.replicate_layout 991:Dst text UUid:f0ca8936-d34d-4dc9-9ef4-6e40eae1dd79
08-29 00:10:20 com_github_MitjaNemec_ReplicateLayout.replicate_layout 990:Src text UUid:c0a551a3-e5e8-4aa2-bad0-1dd864d71ba4
08-29 00:10:20 com_github_MitjaNemec_ReplicateLayout.replicate_layout 991:Dst text UUid:1c40a145-c05c-4b9d-987f-0132dd208e83
08-29 00:10:20 com_github_MitjaNemec_ReplicateLayout.replicate_layout 888:Replicating footprint: 'R1'
08-29 00:10:20 com_github_MitjaNemec_ReplicateLayout.replicate_layout 835:Src fp.id: 'E3A00D99-EE45-46E5-9182-7CB5902749B3'
08-29 00:10:20 com_github_MitjaNemec_ReplicateLayout.replicate_layout 839:Dst fp.id: 'E3A00D99-EE45-46E5-9182-7CB5902749B3'
08-29 00:10:20 com_github_MitjaNemec_ReplicateLayout.replicate_layout 895:found match in dst footprint: 'R9'
08-29 00:10:20 com_github_MitjaNemec_ReplicateLayout.replicate_layout 990:Src text UUid:ba093b77-2243-40ba-81f8-483bbf0185db
08-29 00:10:20 com_github_MitjaNemec_ReplicateLayout.replicate_layout 991:Dst text UUid:8e87b66c-441d-4294-9b84-4153ab29e903
08-29 00:10:20 com_github_MitjaNemec_ReplicateLayout.replicate_layout 990:Src text UUid:46ba2679-716b-4cb2-98d0-cdb6119821d1
08-29 00:10:20 com_github_MitjaNemec_ReplicateLayout.replicate_layout 991:Dst text UUid:e80fc85f-216d-42f6-8216-a6d99d216989
08-29 00:10:20 com_github_MitjaNemec_ReplicateLayout.replicate_layout 990:Src text UUid:a5803c3c-186e-40da-9549-6a79b6d8bf98
08-29 00:10:20 com_github_MitjaNemec_ReplicateLayout.replicate_layout 991:Dst text UUid:60e7804b-92b6-4c3f-8001-990f68cce8d6
08-29 00:10:20 com_github_MitjaNemec_ReplicateLayout.replicate_layout 888:Replicating footprint: 'TP93'
08-29 00:10:20 com_github_MitjaNemec_ReplicateLayout.replicate_layout 835:Src fp.id: '15175B47-07CC-4462-B3C9-5D963B871DFB'
08-29 00:10:20 com_github_MitjaNemec_ReplicateLayout.replicate_layout 839:Dst fp.id: '15175B47-07CC-4462-B3C9-5D963B871DFB'
08-29 00:10:20 com_github_MitjaNemec_ReplicateLayout.replicate_layout 895:found match in dst footprint: 'TP2'
08-29 00:10:20 com_github_MitjaNemec_ReplicateLayout.replicate_layout 990:Src text UUid:a29c5f2c-5368-470c-bf7d-3eb524a9f5a4
08-29 00:10:20 com_github_MitjaNemec_ReplicateLayout.replicate_layout 991:Dst text UUid:4517edf9-e8b6-438b-ab3c-dae00658c504
08-29 00:10:20 com_github_MitjaNemec_ReplicateLayout.replicate_layout 990:Src text UUid:b73aa0a7-756d-4772-a66b-825a940b4bb8
08-29 00:10:20 com_github_MitjaNemec_ReplicateLayout.replicate_layout 991:Dst text UUid:fe93abf9-f91f-4c35-ae5d-d55a0b2b371c
08-29 00:10:20 com_github_MitjaNemec_ReplicateLayout.replicate_layout 990:Src text UUid:b2d41304-451a-4f90-ae28-d1d150d70de9
08-29 00:10:20 com_github_MitjaNemec_ReplicateLayout.replicate_layout 991:Dst text UUid:e9a4c809-1da8-465d-a20b-6cc0f1bc5846
08-29 00:10:20 com_github_MitjaNemec_ReplicateLayout.replicate_layout 888:Replicating footprint: 'Q1'
08-29 00:10:20 com_github_MitjaNemec_ReplicateLayout.replicate_layout 835:Src fp.id: '8D847CB5-E00B-428D-BD6B-968281E3857C'
08-29 00:10:20 com_github_MitjaNemec_ReplicateLayout.replicate_layout 839:Dst fp.id: '8D847CB5-E00B-428D-BD6B-968281E3857C'
08-29 00:10:20 com_github_MitjaNemec_ReplicateLayout.replicate_layout 895:found match in dst footprint: 'Q18'
08-29 00:10:20 com_github_MitjaNemec_ReplicateLayout.replicate_layout 990:Src text UUid:b1604cc1-d053-4d3e-980d-232d8676de39
08-29 00:10:20 com_github_MitjaNemec_ReplicateLayout.replicate_layout 991:Dst text UUid:fa73796b-60a6-4ef7-a2d1-e30fd3f9203f
08-29 00:10:20 com_github_MitjaNemec_ReplicateLayout.replicate_layout 990:Src text UUid:c0bb85bc-d328-41e7-bd97-31bf508a662b
08-29 00:10:20 com_github_MitjaNemec_ReplicateLayout.replicate_layout 991:Dst text UUid:a822b9d6-c2a5-4e85-b4b1-f09a88ca6ca7
08-29 00:10:20 com_github_MitjaNemec_ReplicateLayout.replicate_layout 990:Src text UUid:5e6fa8e6-c520-4ff8-ad92-32b11758bae4
08-29 00:10:20 com_github_MitjaNemec_ReplicateLayout.replicate_layout 991:Dst text UUid:e7206c9f-1336-40cb-9cdc-5b9e96f49d3d
08-29 00:10:20 com_github_MitjaNemec_ReplicateLayout.replicate_layout 870:Replicating footprints on sheet ['/SensorModule9/']
08-29 00:10:20 com_github_MitjaNemec_ReplicateLayout.replicate_layout 835:Src fp.id: '48CE2A11-6FA1-4816-8BEE-2E82038543FF'
08-29 00:10:20 com_github_MitjaNemec_ReplicateLayout.replicate_layout 839:Dst fp.id: '48CE2A11-6FA1-4816-8BEE-2E82038543FF'
08-29 00:10:20 com_github_MitjaNemec_ReplicateLayout.replicate_layout 888:Replicating footprint: 'Q2'
08-29 00:10:20 com_github_MitjaNemec_ReplicateLayout.replicate_layout 835:Src fp.id: 'D3B029CA-A78A-4AD0-B065-5E40F898A58E'
08-29 00:10:20 com_github_MitjaNemec_ReplicateLayout.replicate_layout 839:Dst fp.id: 'D3B029CA-A78A-4AD0-B065-5E40F898A58E'
08-29 00:10:20 com_github_MitjaNemec_ReplicateLayout.replicate_layout 895:found match in dst footprint: 'Q19'
08-29 00:10:20 com_github_MitjaNemec_ReplicateLayout.replicate_layout 990:Src text UUid:8132af40-9520-49cc-b94e-a768fdfb8d6a
08-29 00:10:20 com_github_MitjaNemec_ReplicateLayout.replicate_layout 991:Dst text UUid:f4490ef2-33af-469e-9687-878686692693
08-29 00:10:20 com_github_MitjaNemec_ReplicateLayout.replicate_layout 990:Src text UUid:bf1c4316-bb3a-49d4-9c30-09e2a468388a
08-29 00:10:20 com_github_MitjaNemec_ReplicateLayout.replicate_layout 991:Dst text UUid:fc576e92-2fea-4864-9c42-1d88a43473d5
08-29 00:10:20 com_github_MitjaNemec_ReplicateLayout.replicate_layout 990:Src text UUid:78cf5bb7-f5b3-4597-8f69-50bf1c3f6479
08-29 00:10:20 com_github_MitjaNemec_ReplicateLayout.replicate_layout 991:Dst text UUid:44cc9765-7031-4fbe-8a64-bb7ac1897218
08-29 00:10:20 com_github_MitjaNemec_ReplicateLayout.replicate_layout 888:Replicating footprint: 'C1'
08-29 00:10:20 com_github_MitjaNemec_ReplicateLayout.replicate_layout 835:Src fp.id: '48CE2A11-6FA1-4816-8BEE-2E82038543FF'
08-29 00:10:20 com_github_MitjaNemec_ReplicateLayout.replicate_layout 839:Dst fp.id: '48CE2A11-6FA1-4816-8BEE-2E82038543FF'
08-29 00:10:20 com_github_MitjaNemec_ReplicateLayout.replicate_layout 895:found match in dst footprint: 'C10'
08-29 00:10:20 com_github_MitjaNemec_ReplicateLayout.replicate_layout 990:Src text UUid:7ebf057b-ddf7-4527-92e9-d4d379b3431d
08-29 00:10:20 com_github_MitjaNemec_ReplicateLayout.replicate_layout 991:Dst text UUid:d6a84a9e-537d-4a9e-a0a4-987ead09afce
08-29 00:10:20 com_github_MitjaNemec_ReplicateLayout.replicate_layout 990:Src text UUid:e68fef10-595d-4034-b6ab-00179d33cd62
08-29 00:10:20 com_github_MitjaNemec_ReplicateLayout.replicate_layout 991:Dst text UUid:61d8ce8f-7ce5-4a25-88e6-fa7ab443efc1
08-29 00:10:20 com_github_MitjaNemec_ReplicateLayout.replicate_layout 990:Src text UUid:c0a551a3-e5e8-4aa2-bad0-1dd864d71ba4
08-29 00:10:20 com_github_MitjaNemec_ReplicateLayout.replicate_layout 991:Dst text UUid:f7b56a7a-0228-4eeb-a0f5-f3afa309df8e
08-29 00:10:20 com_github_MitjaNemec_ReplicateLayout.replicate_layout 888:Replicating footprint: 'R1'
08-29 00:10:20 com_github_MitjaNemec_ReplicateLayout.replicate_layout 835:Src fp.id: 'E3A00D99-EE45-46E5-9182-7CB5902749B3'
08-29 00:10:20 com_github_MitjaNemec_ReplicateLayout.replicate_layout 839:Dst fp.id: 'E3A00D99-EE45-46E5-9182-7CB5902749B3'
08-29 00:10:20 com_github_MitjaNemec_ReplicateLayout.replicate_layout 895:found match in dst footprint: 'R10'
08-29 00:10:20 com_github_MitjaNemec_ReplicateLayout.replicate_layout 990:Src text UUid:ba093b77-2243-40ba-81f8-483bbf0185db
08-29 00:10:20 com_github_MitjaNemec_ReplicateLayout.replicate_layout 991:Dst text UUid:f1e11b59-4134-45b3-99fd-7de354480541
08-29 00:10:20 com_github_MitjaNemec_ReplicateLayout.replicate_layout 990:Src text UUid:46ba2679-716b-4cb2-98d0-cdb6119821d1
08-29 00:10:20 com_github_MitjaNemec_ReplicateLayout.replicate_layout 991:Dst text UUid:849e897a-bc20-4706-81e5-c988ac69cb3d
08-29 00:10:20 com_github_MitjaNemec_ReplicateLayout.replicate_layout 990:Src text UUid:a5803c3c-186e-40da-9549-6a79b6d8bf98
08-29 00:10:20 com_github_MitjaNemec_ReplicateLayout.replicate_layout 991:Dst text UUid:3f12991e-d2cf-4924-b1b7-56bfeed4f3af
08-29 00:10:20 com_github_MitjaNemec_ReplicateLayout.replicate_layout 888:Replicating footprint: 'TP93'
08-29 00:10:20 com_github_MitjaNemec_ReplicateLayout.replicate_layout 835:Src fp.id: '15175B47-07CC-4462-B3C9-5D963B871DFB'
08-29 00:10:20 com_github_MitjaNemec_ReplicateLayout.replicate_layout 839:Dst fp.id: '15175B47-07CC-4462-B3C9-5D963B871DFB'
08-29 00:10:20 com_github_MitjaNemec_ReplicateLayout.replicate_layout 895:found match in dst footprint: 'TP3'
08-29 00:10:20 com_github_MitjaNemec_ReplicateLayout.replicate_layout 990:Src text UUid:a29c5f2c-5368-470c-bf7d-3eb524a9f5a4
08-29 00:10:20 com_github_MitjaNemec_ReplicateLayout.replicate_layout 991:Dst text UUid:fceb6fef-c2c4-495b-9001-7eb7bf2727f3
08-29 00:10:20 com_github_MitjaNemec_ReplicateLayout.replicate_layout 990:Src text UUid:b73aa0a7-756d-4772-a66b-825a940b4bb8
08-29 00:10:20 com_github_MitjaNemec_ReplicateLayout.replicate_layout 991:Dst text UUid:494b98be-3448-46a6-b495-5248d1185e70
08-29 00:10:20 com_github_MitjaNemec_ReplicateLayout.replicate_layout 990:Src text UUid:b2d41304-451a-4f90-ae28-d1d150d70de9
08-29 00:10:20 com_github_MitjaNemec_ReplicateLayout.replicate_layout 991:Dst text UUid:ac2e5558-e765-42f5-9f98-a491e3cf9c80
08-29 00:10:20 com_github_MitjaNemec_ReplicateLayout.replicate_layout 888:Replicating footprint: 'Q1'
08-29 00:10:20 com_github_MitjaNemec_ReplicateLayout.replicate_layout 835:Src fp.id: '8D847CB5-E00B-428D-BD6B-968281E3857C'
08-29 00:10:20 com_github_MitjaNemec_ReplicateLayout.replicate_layout 839:Dst fp.id: '8D847CB5-E00B-428D-BD6B-968281E3857C'
08-29 00:10:20 com_github_MitjaNemec_ReplicateLayout.replicate_layout 895:found match in dst footprint: 'Q20'
08-29 00:10:20 com_github_MitjaNemec_ReplicateLayout.replicate_layout 990:Src text UUid:b1604cc1-d053-4d3e-980d-232d8676de39
08-29 00:10:20 com_github_MitjaNemec_ReplicateLayout.replicate_layout 991:Dst text UUid:a95d8efc-07ff-4221-a312-e2f705b2708f
08-29 00:10:20 com_github_MitjaNemec_ReplicateLayout.replicate_layout 990:Src text UUid:c0bb85bc-d328-41e7-bd97-31bf508a662b
08-29 00:10:20 com_github_MitjaNemec_ReplicateLayout.replicate_layout 991:Dst text UUid:b98dcf68-ab52-4947-8081-92a4ae414412
08-29 00:10:20 com_github_MitjaNemec_ReplicateLayout.replicate_layout 990:Src text UUid:5e6fa8e6-c520-4ff8-ad92-32b11758bae4
08-29 00:10:20 com_github_MitjaNemec_ReplicateLayout.replicate_layout 991:Dst text UUid:32585882-b153-4d89-80bb-ee93b282bcae
08-29 00:10:20 root 340:updating GUI message: 'Replicating tracks'
08-29 00:10:20 com_github_MitjaNemec_ReplicateLayout.replicate_layout 1014:Replicating tracks
08-29 00:10:20 com_github_MitjaNemec_ReplicateLayout.replicate_layout 1020:Replicating tracks on sheet ['/SensorModule1/']
08-29 00:10:20 com_github_MitjaNemec_ReplicateLayout.replicate_layout 835:Src fp.id: '48CE2A11-6FA1-4816-8BEE-2E82038543FF'
08-29 00:10:20 com_github_MitjaNemec_ReplicateLayout.replicate_layout 839:Dst fp.id: '48CE2A11-6FA1-4816-8BEE-2E82038543FF'
08-29 00:10:20 com_github_MitjaNemec_ReplicateLayout.replicate_layout 792:Net pairs for sheet ['/SensorModule1/'] :[('GND', 'GND'), ('/SensorModule/SigOut', '/SensorModule1/SigOut'), ('/SensorModule/ControlSig', '/SensorModule1/ControlSig'), ('Net-(Q1-G)', 'Net-(Q3-C)'), ('+5V', '+5V')]
08-29 00:10:20 com_github_MitjaNemec_ReplicateLayout.replicate_layout 1020:Replicating tracks on sheet ['/SensorModule10/']
08-29 00:10:20 com_github_MitjaNemec_ReplicateLayout.replicate_layout 835:Src fp.id: '48CE2A11-6FA1-4816-8BEE-2E82038543FF'
08-29 00:10:20 com_github_MitjaNemec_ReplicateLayout.replicate_layout 839:Dst fp.id: '48CE2A11-6FA1-4816-8BEE-2E82038543FF'
08-29 00:10:20 com_github_MitjaNemec_ReplicateLayout.replicate_layout 792:Net pairs for sheet ['/SensorModule10/'] :[('Net-(Q1-G)', 'Net-(Q21-C)'), ('/SensorModule/ControlSig', '/SensorModule10/ControlSig'), ('GND', 'GND'), ('/SensorModule/SigOut', '/SensorModule10/SigOut'), ('+5V', '+5V')]
08-29 00:10:20 root 345:updating GUI with: 1
08-29 00:10:20 com_github_MitjaNemec_ReplicateLayout.replicate_layout 1020:Replicating tracks on sheet ['/SensorModule11/']
08-29 00:10:20 com_github_MitjaNemec_ReplicateLayout.replicate_layout 835:Src fp.id: '48CE2A11-6FA1-4816-8BEE-2E82038543FF'
08-29 00:10:20 com_github_MitjaNemec_ReplicateLayout.replicate_layout 839:Dst fp.id: '48CE2A11-6FA1-4816-8BEE-2E82038543FF'
08-29 00:10:20 com_github_MitjaNemec_ReplicateLayout.replicate_layout 792:Net pairs for sheet ['/SensorModule11/'] :[('/SensorModule/ControlSig', '/SensorModule11/ControlSig'), ('GND', 'GND'), ('Net-(Q1-G)', 'Net-(Q23-C)'), ('/SensorModule/SigOut', '/SensorModule11/SigOut'), ('+5V', '+5V')]
08-29 00:10:20 com_github_MitjaNemec_ReplicateLayout.replicate_layout 1020:Replicating tracks on sheet ['/SensorModule12/']
08-29 00:10:20 com_github_MitjaNemec_ReplicateLayout.replicate_layout 835:Src fp.id: '48CE2A11-6FA1-4816-8BEE-2E82038543FF'
08-29 00:10:20 com_github_MitjaNemec_ReplicateLayout.replicate_layout 839:Dst fp.id: '48CE2A11-6FA1-4816-8BEE-2E82038543FF'
08-29 00:10:20 com_github_MitjaNemec_ReplicateLayout.replicate_layout 792:Net pairs for sheet ['/SensorModule12/'] :[('/SensorModule/SigOut', '/SensorModule12/SigOut'), ('GND', 'GND'), ('/SensorModule/ControlSig', '/SensorModule12/ControlSig'), ('Net-(Q1-G)', 'Net-(Q25-C)'), ('+5V', '+5V')]
08-29 00:10:20 com_github_MitjaNemec_ReplicateLayout.replicate_layout 1020:Replicating tracks on sheet ['/SensorModule13/']
08-29 00:10:20 com_github_MitjaNemec_ReplicateLayout.replicate_layout 835:Src fp.id: '48CE2A11-6FA1-4816-8BEE-2E82038543FF'
08-29 00:10:20 com_github_MitjaNemec_ReplicateLayout.replicate_layout 839:Dst fp.id: '48CE2A11-6FA1-4816-8BEE-2E82038543FF'
08-29 00:10:20 com_github_MitjaNemec_ReplicateLayout.replicate_layout 792:Net pairs for sheet ['/SensorModule13/'] :[('/SensorModule/ControlSig', '/SensorModule13/ControlSig'), ('GND', 'GND'), ('Net-(Q1-G)', 'Net-(Q27-C)'), ('/SensorModule/SigOut', '/SensorModule13/SigOut'), ('+5V', '+5V')]
08-29 00:10:20 com_github_MitjaNemec_ReplicateLayout.replicate_layout 1020:Replicating tracks on sheet ['/SensorModule14/']
08-29 00:10:20 com_github_MitjaNemec_ReplicateLayout.replicate_layout 835:Src fp.id: '48CE2A11-6FA1-4816-8BEE-2E82038543FF'
08-29 00:10:20 com_github_MitjaNemec_ReplicateLayout.replicate_layout 839:Dst fp.id: '48CE2A11-6FA1-4816-8BEE-2E82038543FF'
08-29 00:10:20 com_github_MitjaNemec_ReplicateLayout.replicate_layout 792:Net pairs for sheet ['/SensorModule14/'] :[('/SensorModule/ControlSig', '/SensorModule14/ControlSig'), ('Net-(Q1-G)', 'Net-(Q29-C)'), ('GND', 'GND'), ('/SensorModule/SigOut', '/SensorModule14/SigOut'), ('+5V', '+5V')]
08-29 00:10:20 com_github_MitjaNemec_ReplicateLayout.replicate_layout 1020:Replicating tracks on sheet ['/SensorModule15/']
08-29 00:10:20 com_github_MitjaNemec_ReplicateLayout.replicate_layout 835:Src fp.id: '48CE2A11-6FA1-4816-8BEE-2E82038543FF'
08-29 00:10:20 com_github_MitjaNemec_ReplicateLayout.replicate_layout 839:Dst fp.id: '48CE2A11-6FA1-4816-8BEE-2E82038543FF'
08-29 00:10:20 com_github_MitjaNemec_ReplicateLayout.replicate_layout 792:Net pairs for sheet ['/SensorModule15/'] :[('/SensorModule/SigOut', '/SensorModule15/SigOut'), ('Net-(Q1-G)', 'Net-(Q31-C)'), ('GND', 'GND'), ('/SensorModule/ControlSig', '/SensorModule15/ControlSig'), ('+5V', '+5V')]
08-29 00:10:20 com_github_MitjaNemec_ReplicateLayout.replicate_layout 1020:Replicating tracks on sheet ['/SensorModule16/']
08-29 00:10:20 com_github_MitjaNemec_ReplicateLayout.replicate_layout 835:Src fp.id: '48CE2A11-6FA1-4816-8BEE-2E82038543FF'
08-29 00:10:20 com_github_MitjaNemec_ReplicateLayout.replicate_layout 839:Dst fp.id: '48CE2A11-6FA1-4816-8BEE-2E82038543FF'
08-29 00:10:20 com_github_MitjaNemec_ReplicateLayout.replicate_layout 792:Net pairs for sheet ['/SensorModule16/'] :[('GND', 'GND'), ('Net-(Q1-G)', 'Net-(Q33-C)'), ('/SensorModule/ControlSig', '/SensorModule16/ControlSig'), ('/SensorModule/SigOut', '/SensorModule16/SigOut'), ('+5V', '+5V')]
08-29 00:10:20 com_github_MitjaNemec_ReplicateLayout.replicate_layout 1020:Replicating tracks on sheet ['/SensorModule17/']
08-29 00:10:20 com_github_MitjaNemec_ReplicateLayout.replicate_layout 835:Src fp.id: '48CE2A11-6FA1-4816-8BEE-2E82038543FF'
08-29 00:10:20 com_github_MitjaNemec_ReplicateLayout.replicate_layout 839:Dst fp.id: '48CE2A11-6FA1-4816-8BEE-2E82038543FF'
08-29 00:10:20 com_github_MitjaNemec_ReplicateLayout.replicate_layout 792:Net pairs for sheet ['/SensorModule17/'] :[('GND', 'GND'), ('/SensorModule/ControlSig', '/SensorModule17/ControlSig'), ('Net-(Q1-G)', 'Net-(Q35-C)'), ('/SensorModule/SigOut', '/SensorModule17/SigOut'), ('+5V', '+5V')]
08-29 00:10:20 com_github_MitjaNemec_ReplicateLayout.replicate_layout 1020:Replicating tracks on sheet ['/SensorModule18/']
08-29 00:10:20 com_github_MitjaNemec_ReplicateLayout.replicate_layout 835:Src fp.id: '48CE2A11-6FA1-4816-8BEE-2E82038543FF'
08-29 00:10:20 com_github_MitjaNemec_ReplicateLayout.replicate_layout 839:Dst fp.id: '48CE2A11-6FA1-4816-8BEE-2E82038543FF'
08-29 00:10:20 com_github_MitjaNemec_ReplicateLayout.replicate_layout 792:Net pairs for sheet ['/SensorModule18/'] :[('/SensorModule/ControlSig', '/SensorModule18/ControlSig'), ('/SensorModule/SigOut', '/SensorModule18/SigOut'), ('GND', 'GND'), ('Net-(Q1-G)', 'Net-(Q37-C)'), ('+5V', '+5V')]
08-29 00:10:20 root 345:updating GUI with: 14
08-29 00:10:20 com_github_MitjaNemec_ReplicateLayout.replicate_layout 1020:Replicating tracks on sheet ['/SensorModule19/']
08-29 00:10:20 com_github_MitjaNemec_ReplicateLayout.replicate_layout 835:Src fp.id: '48CE2A11-6FA1-4816-8BEE-2E82038543FF'
08-29 00:10:20 com_github_MitjaNemec_ReplicateLayout.replicate_layout 839:Dst fp.id: '48CE2A11-6FA1-4816-8BEE-2E82038543FF'
08-29 00:10:20 com_github_MitjaNemec_ReplicateLayout.replicate_layout 792:Net pairs for sheet ['/SensorModule19/'] :[('/SensorModule/ControlSig', '/SensorModule19/ControlSig'), ('Net-(Q1-G)', 'Net-(Q39-C)'), ('GND', 'GND'), ('/SensorModule/SigOut', '/SensorModule19/SigOut'), ('+5V', '+5V')]
08-29 00:10:20 com_github_MitjaNemec_ReplicateLayout.replicate_layout 1020:Replicating tracks on sheet ['/SensorModule2/']
08-29 00:10:20 com_github_MitjaNemec_ReplicateLayout.replicate_layout 835:Src fp.id: '48CE2A11-6FA1-4816-8BEE-2E82038543FF'
08-29 00:10:20 com_github_MitjaNemec_ReplicateLayout.replicate_layout 839:Dst fp.id: '48CE2A11-6FA1-4816-8BEE-2E82038543FF'
08-29 00:10:20 com_github_MitjaNemec_ReplicateLayout.replicate_layout 792:Net pairs for sheet ['/SensorModule2/'] :[('/SensorModule/SigOut', '/SensorModule2/SigOut'), ('GND', 'GND'), ('/SensorModule/ControlSig', '/SensorModule2/ControlSig'), ('Net-(Q1-G)', 'Net-(Q5-C)'), ('+5V', '+5V')]
08-29 00:10:20 com_github_MitjaNemec_ReplicateLayout.replicate_layout 1020:Replicating tracks on sheet ['/SensorModule20/']
08-29 00:10:20 com_github_MitjaNemec_ReplicateLayout.replicate_layout 835:Src fp.id: '48CE2A11-6FA1-4816-8BEE-2E82038543FF'
08-29 00:10:20 com_github_MitjaNemec_ReplicateLayout.replicate_layout 839:Dst fp.id: '48CE2A11-6FA1-4816-8BEE-2E82038543FF'
08-29 00:10:20 com_github_MitjaNemec_ReplicateLayout.replicate_layout 792:Net pairs for sheet ['/SensorModule20/'] :[('Net-(Q1-G)', 'Net-(Q41-C)'), ('GND', 'GND'), ('/SensorModule/ControlSig', '/SensorModule20/ControlSig'), ('/SensorModule/SigOut', '/SensorModule20/SigOut'), ('+5V', '+5V')]
08-29 00:10:20 com_github_MitjaNemec_ReplicateLayout.replicate_layout 1020:Replicating tracks on sheet ['/SensorModule21/']
08-29 00:10:20 com_github_MitjaNemec_ReplicateLayout.replicate_layout 835:Src fp.id: '48CE2A11-6FA1-4816-8BEE-2E82038543FF'
08-29 00:10:20 com_github_MitjaNemec_ReplicateLayout.replicate_layout 839:Dst fp.id: '48CE2A11-6FA1-4816-8BEE-2E82038543FF'
08-29 00:10:20 com_github_MitjaNemec_ReplicateLayout.replicate_layout 792:Net pairs for sheet ['/SensorModule21/'] :[('GND', 'GND'), ('/SensorModule/SigOut', '/SensorModule21/SigOut'), ('/SensorModule/ControlSig', '/SensorModule21/ControlSig'), ('Net-(Q1-G)', 'Net-(Q43-C)'), ('+5V', '+5V')]
08-29 00:10:20 com_github_MitjaNemec_ReplicateLayout.replicate_layout 1020:Replicating tracks on sheet ['/SensorModule22/']
08-29 00:10:20 com_github_MitjaNemec_ReplicateLayout.replicate_layout 835:Src fp.id: '48CE2A11-6FA1-4816-8BEE-2E82038543FF'
08-29 00:10:20 com_github_MitjaNemec_ReplicateLayout.replicate_layout 839:Dst fp.id: '48CE2A11-6FA1-4816-8BEE-2E82038543FF'
08-29 00:10:20 com_github_MitjaNemec_ReplicateLayout.replicate_layout 792:Net pairs for sheet ['/SensorModule22/'] :[('GND', 'GND'), ('/SensorModule/SigOut', '/SensorModule22/SigOut'), ('Net-(Q1-G)', 'Net-(Q45-C)'), ('/SensorModule/ControlSig', '/SensorModule22/ControlSig'), ('+5V', '+5V')]
08-29 00:10:20 com_github_MitjaNemec_ReplicateLayout.replicate_layout 1020:Replicating tracks on sheet ['/SensorModule23/']
08-29 00:10:20 com_github_MitjaNemec_ReplicateLayout.replicate_layout 835:Src fp.id: '48CE2A11-6FA1-4816-8BEE-2E82038543FF'
08-29 00:10:20 com_github_MitjaNemec_ReplicateLayout.replicate_layout 839:Dst fp.id: '48CE2A11-6FA1-4816-8BEE-2E82038543FF'
08-29 00:10:20 com_github_MitjaNemec_ReplicateLayout.replicate_layout 792:Net pairs for sheet ['/SensorModule23/'] :[('GND', 'GND'), ('Net-(Q1-G)', 'Net-(Q47-C)'), ('/SensorModule/SigOut', '/SensorModule23/SigOut'), ('/SensorModule/ControlSig', '/SensorModule23/ControlSig'), ('+5V', '+5V')]
08-29 00:10:20 com_github_MitjaNemec_ReplicateLayout.replicate_layout 1020:Replicating tracks on sheet ['/SensorModule24/']
08-29 00:10:20 com_github_MitjaNemec_ReplicateLayout.replicate_layout 835:Src fp.id: '48CE2A11-6FA1-4816-8BEE-2E82038543FF'
08-29 00:10:20 com_github_MitjaNemec_ReplicateLayout.replicate_layout 839:Dst fp.id: '48CE2A11-6FA1-4816-8BEE-2E82038543FF'
08-29 00:10:20 com_github_MitjaNemec_ReplicateLayout.replicate_layout 792:Net pairs for sheet ['/SensorModule24/'] :[('/SensorModule/SigOut', '/SensorModule24/SigOut'), ('/SensorModule/ControlSig', '/SensorModule24/ControlSig'), ('Net-(Q1-G)', 'Net-(Q49-C)'), ('GND', 'GND'), ('+5V', '+5V')]
08-29 00:10:20 root 345:updating GUI with: 25
08-29 00:10:20 com_github_MitjaNemec_ReplicateLayout.replicate_layout 1020:Replicating tracks on sheet ['/SensorModule25/']
08-29 00:10:20 com_github_MitjaNemec_ReplicateLayout.replicate_layout 835:Src fp.id: '48CE2A11-6FA1-4816-8BEE-2E82038543FF'
08-29 00:10:20 com_github_MitjaNemec_ReplicateLayout.replicate_layout 839:Dst fp.id: '48CE2A11-6FA1-4816-8BEE-2E82038543FF'
08-29 00:10:20 com_github_MitjaNemec_ReplicateLayout.replicate_layout 792:Net pairs for sheet ['/SensorModule25/'] :[('GND', 'GND'), ('Net-(Q1-G)', 'Net-(Q51-C)'), ('/SensorModule/ControlSig', '/SensorModule25/ControlSig'), ('/SensorModule/SigOut', '/SensorModule25/SigOut'), ('+5V', '+5V')]
08-29 00:10:20 com_github_MitjaNemec_ReplicateLayout.replicate_layout 1020:Replicating tracks on sheet ['/SensorModule26/']
08-29 00:10:20 com_github_MitjaNemec_ReplicateLayout.replicate_layout 835:Src fp.id: '48CE2A11-6FA1-4816-8BEE-2E82038543FF'
08-29 00:10:20 com_github_MitjaNemec_ReplicateLayout.replicate_layout 839:Dst fp.id: '48CE2A11-6FA1-4816-8BEE-2E82038543FF'
08-29 00:10:20 com_github_MitjaNemec_ReplicateLayout.replicate_layout 792:Net pairs for sheet ['/SensorModule26/'] :[('/SensorModule/ControlSig', '/SensorModule26/ControlSig'), ('GND', 'GND'), ('/SensorModule/SigOut', '/SensorModule26/SigOut'), ('Net-(Q1-G)', 'Net-(Q53-C)'), ('+5V', '+5V')]
08-29 00:10:20 com_github_MitjaNemec_ReplicateLayout.replicate_layout 1020:Replicating tracks on sheet ['/SensorModule27/']
08-29 00:10:20 com_github_MitjaNemec_ReplicateLayout.replicate_layout 835:Src fp.id: '48CE2A11-6FA1-4816-8BEE-2E82038543FF'
08-29 00:10:20 com_github_MitjaNemec_ReplicateLayout.replicate_layout 839:Dst fp.id: '48CE2A11-6FA1-4816-8BEE-2E82038543FF'
08-29 00:10:20 com_github_MitjaNemec_ReplicateLayout.replicate_layout 792:Net pairs for sheet ['/SensorModule27/'] :[('/SensorModule/SigOut', '/SensorModule27/SigOut'), ('/SensorModule/ControlSig', '/SensorModule27/ControlSig'), ('GND', 'GND'), ('Net-(Q1-G)', 'Net-(Q55-C)'), ('+5V', '+5V')]
08-29 00:10:20 com_github_MitjaNemec_ReplicateLayout.replicate_layout 1020:Replicating tracks on sheet ['/SensorModule28/']
08-29 00:10:20 com_github_MitjaNemec_ReplicateLayout.replicate_layout 835:Src fp.id: '48CE2A11-6FA1-4816-8BEE-2E82038543FF'
08-29 00:10:20 com_github_MitjaNemec_ReplicateLayout.replicate_layout 839:Dst fp.id: '48CE2A11-6FA1-4816-8BEE-2E82038543FF'
08-29 00:10:20 com_github_MitjaNemec_ReplicateLayout.replicate_layout 792:Net pairs for sheet ['/SensorModule28/'] :[('/SensorModule/ControlSig', '/SensorModule28/ControlSig'), ('GND', 'GND'), ('/SensorModule/SigOut', '/SensorModule28/SigOut'), ('Net-(Q1-G)', 'Net-(Q57-C)'), ('+5V', '+5V')]
08-29 00:10:20 com_github_MitjaNemec_ReplicateLayout.replicate_layout 1020:Replicating tracks on sheet ['/SensorModule29/']
08-29 00:10:20 com_github_MitjaNemec_ReplicateLayout.replicate_layout 835:Src fp.id: '48CE2A11-6FA1-4816-8BEE-2E82038543FF'
08-29 00:10:20 com_github_MitjaNemec_ReplicateLayout.replicate_layout 839:Dst fp.id: '48CE2A11-6FA1-4816-8BEE-2E82038543FF'
08-29 00:10:20 com_github_MitjaNemec_ReplicateLayout.replicate_layout 792:Net pairs for sheet ['/SensorModule29/'] :[('/SensorModule/ControlSig', '/SensorModule29/ControlSig'), ('GND', 'GND'), ('Net-(Q1-G)', 'Net-(Q59-C)'), ('/SensorModule/SigOut', '/SensorModule29/SigOut'), ('+5V', '+5V')]
08-29 00:10:20 com_github_MitjaNemec_ReplicateLayout.replicate_layout 1020:Replicating tracks on sheet ['/SensorModule3/']
08-29 00:10:20 com_github_MitjaNemec_ReplicateLayout.replicate_layout 835:Src fp.id: '48CE2A11-6FA1-4816-8BEE-2E82038543FF'
08-29 00:10:20 com_github_MitjaNemec_ReplicateLayout.replicate_layout 839:Dst fp.id: '48CE2A11-6FA1-4816-8BEE-2E82038543FF'
08-29 00:10:20 com_github_MitjaNemec_ReplicateLayout.replicate_layout 792:Net pairs for sheet ['/SensorModule3/'] :[('GND', 'GND'), ('/SensorModule/ControlSig', '/SensorModule3/ControlSig'), ('Net-(Q1-G)', 'Net-(Q7-C)'), ('/SensorModule/SigOut', '/SensorModule3/SigOut'), ('+5V', '+5V')]
08-29 00:10:20 com_github_MitjaNemec_ReplicateLayout.replicate_layout 1020:Replicating tracks on sheet ['/SensorModule30/']
08-29 00:10:20 com_github_MitjaNemec_ReplicateLayout.replicate_layout 835:Src fp.id: '48CE2A11-6FA1-4816-8BEE-2E82038543FF'
08-29 00:10:20 com_github_MitjaNemec_ReplicateLayout.replicate_layout 839:Dst fp.id: '48CE2A11-6FA1-4816-8BEE-2E82038543FF'
08-29 00:10:20 com_github_MitjaNemec_ReplicateLayout.replicate_layout 792:Net pairs for sheet ['/SensorModule30/'] :[('GND', 'GND'), ('Net-(Q1-G)', 'Net-(Q61-C)'), ('/SensorModule/SigOut', '/SensorModule30/SigOut'), ('/SensorModule/ControlSig', '/SensorModule30/ControlSig'), ('+5V', '+5V')]
08-29 00:10:20 com_github_MitjaNemec_ReplicateLayout.replicate_layout 1020:Replicating tracks on sheet ['/SensorModule31/']
08-29 00:10:20 com_github_MitjaNemec_ReplicateLayout.replicate_layout 835:Src fp.id: '48CE2A11-6FA1-4816-8BEE-2E82038543FF'
08-29 00:10:20 com_github_MitjaNemec_ReplicateLayout.replicate_layout 839:Dst fp.id: '48CE2A11-6FA1-4816-8BEE-2E82038543FF'
08-29 00:10:20 com_github_MitjaNemec_ReplicateLayout.replicate_layout 792:Net pairs for sheet ['/SensorModule31/'] :[('/SensorModule/SigOut', '/SensorModule31/SigOut'), ('GND', 'GND'), ('/SensorModule/ControlSig', '/SensorModule31/ControlSig'), ('Net-(Q1-G)', 'Net-(Q63-C)'), ('+5V', '+5V')]
08-29 00:10:20 root 345:updating GUI with: 38
08-29 00:10:20 com_github_MitjaNemec_ReplicateLayout.replicate_layout 1020:Replicating tracks on sheet ['/SensorModule32/']
08-29 00:10:20 com_github_MitjaNemec_ReplicateLayout.replicate_layout 835:Src fp.id: '48CE2A11-6FA1-4816-8BEE-2E82038543FF'
08-29 00:10:20 com_github_MitjaNemec_ReplicateLayout.replicate_layout 839:Dst fp.id: '48CE2A11-6FA1-4816-8BEE-2E82038543FF'
08-29 00:10:20 com_github_MitjaNemec_ReplicateLayout.replicate_layout 792:Net pairs for sheet ['/SensorModule32/'] :[('/SensorModule/ControlSig', '/SensorModule32/ControlSig'), ('GND', 'GND'), ('/SensorModule/SigOut', '/SensorModule32/SigOut'), ('Net-(Q1-G)', 'Net-(Q65-C)'), ('+5V', '+5V')]
08-29 00:10:20 com_github_MitjaNemec_ReplicateLayout.replicate_layout 1020:Replicating tracks on sheet ['/SensorModule33/']
08-29 00:10:20 com_github_MitjaNemec_ReplicateLayout.replicate_layout 835:Src fp.id: '48CE2A11-6FA1-4816-8BEE-2E82038543FF'
08-29 00:10:20 com_github_MitjaNemec_ReplicateLayout.replicate_layout 839:Dst fp.id: '48CE2A11-6FA1-4816-8BEE-2E82038543FF'
08-29 00:10:20 com_github_MitjaNemec_ReplicateLayout.replicate_layout 792:Net pairs for sheet ['/SensorModule33/'] :[('GND', 'GND'), ('/SensorModule/ControlSig', '/SensorModule33/ControlSig'), ('/SensorModule/SigOut', '/SensorModule33/SigOut'), ('Net-(Q1-G)', 'Net-(Q67-C)'), ('+5V', '+5V')]
08-29 00:10:20 com_github_MitjaNemec_ReplicateLayout.replicate_layout 1020:Replicating tracks on sheet ['/SensorModule34/']
08-29 00:10:20 com_github_MitjaNemec_ReplicateLayout.replicate_layout 835:Src fp.id: '48CE2A11-6FA1-4816-8BEE-2E82038543FF'
08-29 00:10:20 com_github_MitjaNemec_ReplicateLayout.replicate_layout 839:Dst fp.id: '48CE2A11-6FA1-4816-8BEE-2E82038543FF'
08-29 00:10:20 com_github_MitjaNemec_ReplicateLayout.replicate_layout 792:Net pairs for sheet ['/SensorModule34/'] :[('GND', 'GND'), ('/SensorModule/ControlSig', '/SensorModule34/ControlSig'), ('Net-(Q1-G)', 'Net-(Q69-C)'), ('/SensorModule/SigOut', '/SensorModule34/SigOut'), ('+5V', '+5V')]
08-29 00:10:20 com_github_MitjaNemec_ReplicateLayout.replicate_layout 1020:Replicating tracks on sheet ['/SensorModule35/']
08-29 00:10:20 com_github_MitjaNemec_ReplicateLayout.replicate_layout 835:Src fp.id: '48CE2A11-6FA1-4816-8BEE-2E82038543FF'
08-29 00:10:20 com_github_MitjaNemec_ReplicateLayout.replicate_layout 839:Dst fp.id: '48CE2A11-6FA1-4816-8BEE-2E82038543FF'
08-29 00:10:20 com_github_MitjaNemec_ReplicateLayout.replicate_layout 792:Net pairs for sheet ['/SensorModule35/'] :[('/SensorModule/ControlSig', '/SensorModule35/ControlSig'), ('Net-(Q1-G)', 'Net-(Q71-C)'), ('GND', 'GND'), ('/SensorModule/SigOut', '/SensorModule35/SigOut'), ('+5V', '+5V')]
08-29 00:10:20 com_github_MitjaNemec_ReplicateLayout.replicate_layout 1020:Replicating tracks on sheet ['/SensorModule36/']
08-29 00:10:20 com_github_MitjaNemec_ReplicateLayout.replicate_layout 835:Src fp.id: '48CE2A11-6FA1-4816-8BEE-2E82038543FF'
08-29 00:10:20 com_github_MitjaNemec_ReplicateLayout.replicate_layout 839:Dst fp.id: '48CE2A11-6FA1-4816-8BEE-2E82038543FF'
08-29 00:10:20 com_github_MitjaNemec_ReplicateLayout.replicate_layout 792:Net pairs for sheet ['/SensorModule36/'] :[('/SensorModule/SigOut', '/SensorModule36/SigOut'), ('GND', 'GND'), ('/SensorModule/ControlSig', '/SensorModule36/ControlSig'), ('Net-(Q1-G)', 'Net-(Q73-C)'), ('+5V', '+5V')]
08-29 00:10:20 com_github_MitjaNemec_ReplicateLayout.replicate_layout 1020:Replicating tracks on sheet ['/SensorModule37/']
08-29 00:10:20 com_github_MitjaNemec_ReplicateLayout.replicate_layout 835:Src fp.id: '48CE2A11-6FA1-4816-8BEE-2E82038543FF'
08-29 00:10:20 com_github_MitjaNemec_ReplicateLayout.replicate_layout 839:Dst fp.id: '48CE2A11-6FA1-4816-8BEE-2E82038543FF'
08-29 00:10:20 com_github_MitjaNemec_ReplicateLayout.replicate_layout 792:Net pairs for sheet ['/SensorModule37/'] :[('GND', 'GND'), ('/SensorModule/SigOut', '/SensorModule37/SigOut'), ('Net-(Q1-G)', 'Net-(Q75-C)'), ('/SensorModule/ControlSig', '/SensorModule37/ControlSig'), ('+5V', '+5V')]
08-29 00:10:20 com_github_MitjaNemec_ReplicateLayout.replicate_layout 1020:Replicating tracks on sheet ['/SensorModule38/']
08-29 00:10:20 com_github_MitjaNemec_ReplicateLayout.replicate_layout 835:Src fp.id: '48CE2A11-6FA1-4816-8BEE-2E82038543FF'
08-29 00:10:20 com_github_MitjaNemec_ReplicateLayout.replicate_layout 839:Dst fp.id: '48CE2A11-6FA1-4816-8BEE-2E82038543FF'
08-29 00:10:20 com_github_MitjaNemec_ReplicateLayout.replicate_layout 792:Net pairs for sheet ['/SensorModule38/'] :[('GND', 'GND'), ('Net-(Q1-G)', 'Net-(Q77-C)'), ('/SensorModule/ControlSig', '/SensorModule38/ControlSig'), ('/SensorModule/SigOut', '/SensorModule38/SigOut'), ('+5V', '+5V')]
08-29 00:10:20 root 345:updating GUI with: 49
08-29 00:10:20 com_github_MitjaNemec_ReplicateLayout.replicate_layout 1020:Replicating tracks on sheet ['/SensorModule39/']
08-29 00:10:20 com_github_MitjaNemec_ReplicateLayout.replicate_layout 835:Src fp.id: '48CE2A11-6FA1-4816-8BEE-2E82038543FF'
08-29 00:10:20 com_github_MitjaNemec_ReplicateLayout.replicate_layout 839:Dst fp.id: '48CE2A11-6FA1-4816-8BEE-2E82038543FF'
08-29 00:10:20 com_github_MitjaNemec_ReplicateLayout.replicate_layout 792:Net pairs for sheet ['/SensorModule39/'] :[('GND', 'GND'), ('/SensorModule/ControlSig', '/SensorModule39/ControlSig'), ('Net-(Q1-G)', 'Net-(Q79-C)'), ('/SensorModule/SigOut', '/SensorModule39/SigOut'), ('+5V', '+5V')]
08-29 00:10:20 com_github_MitjaNemec_ReplicateLayout.replicate_layout 1020:Replicating tracks on sheet ['/SensorModule4/']
08-29 00:10:20 com_github_MitjaNemec_ReplicateLayout.replicate_layout 835:Src fp.id: '48CE2A11-6FA1-4816-8BEE-2E82038543FF'
08-29 00:10:20 com_github_MitjaNemec_ReplicateLayout.replicate_layout 839:Dst fp.id: '48CE2A11-6FA1-4816-8BEE-2E82038543FF'
08-29 00:10:20 com_github_MitjaNemec_ReplicateLayout.replicate_layout 792:Net pairs for sheet ['/SensorModule4/'] :[('GND', 'GND'), ('/SensorModule/SigOut', '/SensorModule4/SigOut'), ('/SensorModule/ControlSig', '/SensorModule4/ControlSig'), ('Net-(Q1-G)', 'Net-(Q10-G)'), ('+5V', '+5V')]
08-29 00:10:20 com_github_MitjaNemec_ReplicateLayout.replicate_layout 1020:Replicating tracks on sheet ['/SensorModule40/']
08-29 00:10:20 com_github_MitjaNemec_ReplicateLayout.replicate_layout 835:Src fp.id: '48CE2A11-6FA1-4816-8BEE-2E82038543FF'
08-29 00:10:20 com_github_MitjaNemec_ReplicateLayout.replicate_layout 839:Dst fp.id: '48CE2A11-6FA1-4816-8BEE-2E82038543FF'
08-29 00:10:20 com_github_MitjaNemec_ReplicateLayout.replicate_layout 792:Net pairs for sheet ['/SensorModule40/'] :[('GND', 'GND'), ('Net-(Q1-G)', 'Net-(Q81-C)'), ('/SensorModule/ControlSig', '/SensorModule40/ControlSig'), ('/SensorModule/SigOut', '/SensorModule40/SigOut'), ('+5V', '+5V')]
08-29 00:10:20 com_github_MitjaNemec_ReplicateLayout.replicate_layout 1020:Replicating tracks on sheet ['/SensorModule41/']
08-29 00:10:20 com_github_MitjaNemec_ReplicateLayout.replicate_layout 835:Src fp.id: '48CE2A11-6FA1-4816-8BEE-2E82038543FF'
08-29 00:10:20 com_github_MitjaNemec_ReplicateLayout.replicate_layout 839:Dst fp.id: '48CE2A11-6FA1-4816-8BEE-2E82038543FF'
08-29 00:10:20 com_github_MitjaNemec_ReplicateLayout.replicate_layout 792:Net pairs for sheet ['/SensorModule41/'] :[('GND', 'GND'), ('Net-(Q1-G)', 'Net-(Q83-C)'), ('/SensorModule/ControlSig', '/SensorModule41/ControlSig'), ('/SensorModule/SigOut', '/SensorModule41/SigOut'), ('+5V', '+5V')]
08-29 00:10:20 com_github_MitjaNemec_ReplicateLayout.replicate_layout 1020:Replicating tracks on sheet ['/SensorModule42/']
08-29 00:10:20 com_github_MitjaNemec_ReplicateLayout.replicate_layout 835:Src fp.id: '48CE2A11-6FA1-4816-8BEE-2E82038543FF'
08-29 00:10:20 com_github_MitjaNemec_ReplicateLayout.replicate_layout 839:Dst fp.id: '48CE2A11-6FA1-4816-8BEE-2E82038543FF'
08-29 00:10:20 com_github_MitjaNemec_ReplicateLayout.replicate_layout 792:Net pairs for sheet ['/SensorModule42/'] :[('GND', 'GND'), ('/SensorModule/SigOut', '/SensorModule42/SigOut'), ('/SensorModule/ControlSig', '/SensorModule42/ControlSig'), ('Net-(Q1-G)', 'Net-(Q85-C)'), ('+5V', '+5V')]
08-29 00:10:20 com_github_MitjaNemec_ReplicateLayout.replicate_layout 1020:Replicating tracks on sheet ['/SensorModule43/']
08-29 00:10:20 com_github_MitjaNemec_ReplicateLayout.replicate_layout 835:Src fp.id: '48CE2A11-6FA1-4816-8BEE-2E82038543FF'
08-29 00:10:20 com_github_MitjaNemec_ReplicateLayout.replicate_layout 839:Dst fp.id: '48CE2A11-6FA1-4816-8BEE-2E82038543FF'
08-29 00:10:20 com_github_MitjaNemec_ReplicateLayout.replicate_layout 792:Net pairs for sheet ['/SensorModule43/'] :[('Net-(Q1-G)', 'Net-(Q87-C)'), ('GND', 'GND'), ('/SensorModule/ControlSig', '/SensorModule43/ControlSig'), ('/SensorModule/SigOut', '/SensorModule43/SigOut'), ('+5V', '+5V')]
08-29 00:10:20 com_github_MitjaNemec_ReplicateLayout.replicate_layout 1020:Replicating tracks on sheet ['/SensorModule44/']
08-29 00:10:20 com_github_MitjaNemec_ReplicateLayout.replicate_layout 835:Src fp.id: '48CE2A11-6FA1-4816-8BEE-2E82038543FF'
08-29 00:10:20 com_github_MitjaNemec_ReplicateLayout.replicate_layout 839:Dst fp.id: '48CE2A11-6FA1-4816-8BEE-2E82038543FF'
08-29 00:10:20 com_github_MitjaNemec_ReplicateLayout.replicate_layout 792:Net pairs for sheet ['/SensorModule44/'] :[('Net-(Q1-G)', 'Net-(Q89-C)'), ('GND', 'GND'), ('/SensorModule/SigOut', '/SensorModule44/SigOut'), ('/SensorModule/ControlSig', '/SensorModule44/ControlSig'), ('+5V', '+5V')]
08-29 00:10:20 com_github_MitjaNemec_ReplicateLayout.replicate_layout 1020:Replicating tracks on sheet ['/SensorModule45/']
08-29 00:10:20 com_github_MitjaNemec_ReplicateLayout.replicate_layout 835:Src fp.id: '48CE2A11-6FA1-4816-8BEE-2E82038543FF'
08-29 00:10:20 com_github_MitjaNemec_ReplicateLayout.replicate_layout 839:Dst fp.id: '48CE2A11-6FA1-4816-8BEE-2E82038543FF'
08-29 00:10:20 com_github_MitjaNemec_ReplicateLayout.replicate_layout 792:Net pairs for sheet ['/SensorModule45/'] :[('GND', 'GND'), ('/SensorModule/ControlSig', '/SensorModule45/ControlSig'), ('/SensorModule/SigOut', '/SensorModule45/SigOut'), ('Net-(Q1-G)', 'Net-(Q91-C)'), ('+5V', '+5V')]
08-29 00:10:20 root 345:updating GUI with: 62
08-29 00:10:20 com_github_MitjaNemec_ReplicateLayout.replicate_layout 1020:Replicating tracks on sheet ['/SensorModule46/']
08-29 00:10:20 com_github_MitjaNemec_ReplicateLayout.replicate_layout 835:Src fp.id: '48CE2A11-6FA1-4816-8BEE-2E82038543FF'
08-29 00:10:20 com_github_MitjaNemec_ReplicateLayout.replicate_layout 839:Dst fp.id: '48CE2A11-6FA1-4816-8BEE-2E82038543FF'
08-29 00:10:20 com_github_MitjaNemec_ReplicateLayout.replicate_layout 792:Net pairs for sheet ['/SensorModule46/'] :[('GND', 'GND'), ('/SensorModule/ControlSig', '/SensorModule46/ControlSig'), ('Net-(Q1-G)', 'Net-(Q93-C)'), ('/SensorModule/SigOut', '/SensorModule46/SigOut'), ('+5V', '+5V')]
08-29 00:10:20 com_github_MitjaNemec_ReplicateLayout.replicate_layout 1020:Replicating tracks on sheet ['/SensorModule47/']
08-29 00:10:20 com_github_MitjaNemec_ReplicateLayout.replicate_layout 835:Src fp.id: '48CE2A11-6FA1-4816-8BEE-2E82038543FF'
08-29 00:10:20 com_github_MitjaNemec_ReplicateLayout.replicate_layout 839:Dst fp.id: '48CE2A11-6FA1-4816-8BEE-2E82038543FF'
08-29 00:10:20 com_github_MitjaNemec_ReplicateLayout.replicate_layout 792:Net pairs for sheet ['/SensorModule47/'] :[('GND', 'GND'), ('/SensorModule/ControlSig', '/SensorModule47/ControlSig'), ('/SensorModule/SigOut', '/SensorModule47/SigOut'), ('Net-(Q1-G)', 'Net-(Q95-C)'), ('+5V', '+5V')]
08-29 00:10:20 com_github_MitjaNemec_ReplicateLayout.replicate_layout 1020:Replicating tracks on sheet ['/SensorModule48/']
08-29 00:10:20 com_github_MitjaNemec_ReplicateLayout.replicate_layout 835:Src fp.id: '48CE2A11-6FA1-4816-8BEE-2E82038543FF'
08-29 00:10:20 com_github_MitjaNemec_ReplicateLayout.replicate_layout 839:Dst fp.id: '48CE2A11-6FA1-4816-8BEE-2E82038543FF'
08-29 00:10:20 com_github_MitjaNemec_ReplicateLayout.replicate_layout 792:Net pairs for sheet ['/SensorModule48/'] :[('/SensorModule/ControlSig', '/SensorModule48/ControlSig'), ('GND', 'GND'), ('Net-(Q1-G)', 'Net-(Q97-C)'), ('/SensorModule/SigOut', '/SensorModule48/SigOut'), ('+5V', '+5V')]
08-29 00:10:20 com_github_MitjaNemec_ReplicateLayout.replicate_layout 1020:Replicating tracks on sheet ['/SensorModule49/']
08-29 00:10:20 com_github_MitjaNemec_ReplicateLayout.replicate_layout 835:Src fp.id: '48CE2A11-6FA1-4816-8BEE-2E82038543FF'
08-29 00:10:20 com_github_MitjaNemec_ReplicateLayout.replicate_layout 839:Dst fp.id: '48CE2A11-6FA1-4816-8BEE-2E82038543FF'
08-29 00:10:20 com_github_MitjaNemec_ReplicateLayout.replicate_layout 792:Net pairs for sheet ['/SensorModule49/'] :[('GND', 'GND'), ('/SensorModule/ControlSig', '/SensorModule49/ControlSig'), ('Net-(Q1-G)', 'Net-(Q100-G)'), ('/SensorModule/SigOut', '/SensorModule49/SigOut'), ('+5V', '+5V')]
08-29 00:10:20 com_github_MitjaNemec_ReplicateLayout.replicate_layout 1020:Replicating tracks on sheet ['/SensorModule5/']
08-29 00:10:20 com_github_MitjaNemec_ReplicateLayout.replicate_layout 835:Src fp.id: '48CE2A11-6FA1-4816-8BEE-2E82038543FF'
08-29 00:10:20 com_github_MitjaNemec_ReplicateLayout.replicate_layout 839:Dst fp.id: '48CE2A11-6FA1-4816-8BEE-2E82038543FF'
08-29 00:10:20 com_github_MitjaNemec_ReplicateLayout.replicate_layout 792:Net pairs for sheet ['/SensorModule5/'] :[('Net-(Q1-G)', 'Net-(Q11-C)'), ('GND', 'GND'), ('/SensorModule/ControlSig', '/SensorModule5/ControlSig'), ('/SensorModule/SigOut', '/SensorModule5/SigOut'), ('+5V', '+5V')]
08-29 00:10:20 com_github_MitjaNemec_ReplicateLayout.replicate_layout 1020:Replicating tracks on sheet ['/SensorModule50/']
08-29 00:10:20 com_github_MitjaNemec_ReplicateLayout.replicate_layout 835:Src fp.id: '48CE2A11-6FA1-4816-8BEE-2E82038543FF'
08-29 00:10:20 com_github_MitjaNemec_ReplicateLayout.replicate_layout 839:Dst fp.id: '48CE2A11-6FA1-4816-8BEE-2E82038543FF'
08-29 00:10:20 com_github_MitjaNemec_ReplicateLayout.replicate_layout 792:Net pairs for sheet ['/SensorModule50/'] :[('GND', 'GND'), ('Net-(Q1-G)', 'Net-(Q101-C)'), ('/SensorModule/ControlSig', '/SensorModule50/ControlSig'), ('/SensorModule/SigOut', '/SensorModule50/SigOut'), ('+5V', '+5V')]
08-29 00:10:20 com_github_MitjaNemec_ReplicateLayout.replicate_layout 1020:Replicating tracks on sheet ['/SensorModule51/']
08-29 00:10:20 com_github_MitjaNemec_ReplicateLayout.replicate_layout 835:Src fp.id: '48CE2A11-6FA1-4816-8BEE-2E82038543FF'
08-29 00:10:20 com_github_MitjaNemec_ReplicateLayout.replicate_layout 839:Dst fp.id: '48CE2A11-6FA1-4816-8BEE-2E82038543FF'
08-29 00:10:20 com_github_MitjaNemec_ReplicateLayout.replicate_layout 792:Net pairs for sheet ['/SensorModule51/'] :[('GND', 'GND'), ('Net-(Q1-G)', 'Net-(Q103-C)'), ('/SensorModule/ControlSig', '/SensorModule51/ControlSig'), ('/SensorModule/SigOut', '/SensorModule51/SigOut'), ('+5V', '+5V')]
08-29 00:10:20 com_github_MitjaNemec_ReplicateLayout.replicate_layout 1020:Replicating tracks on sheet ['/SensorModule52/']
08-29 00:10:20 com_github_MitjaNemec_ReplicateLayout.replicate_layout 835:Src fp.id: '48CE2A11-6FA1-4816-8BEE-2E82038543FF'
08-29 00:10:20 com_github_MitjaNemec_ReplicateLayout.replicate_layout 839:Dst fp.id: '48CE2A11-6FA1-4816-8BEE-2E82038543FF'
08-29 00:10:20 com_github_MitjaNemec_ReplicateLayout.replicate_layout 792:Net pairs for sheet ['/SensorModule52/'] :[('GND', 'GND'), ('Net-(Q1-G)', 'Net-(Q105-C)'), ('/SensorModule/SigOut', '/SensorModule52/SigOut'), ('/SensorModule/ControlSig', '/SensorModule52/ControlSig'), ('+5V', '+5V')]
08-29 00:10:20 root 345:updating GUI with: 74
08-29 00:10:20 com_github_MitjaNemec_ReplicateLayout.replicate_layout 1020:Replicating tracks on sheet ['/SensorModule53/']
08-29 00:10:20 com_github_MitjaNemec_ReplicateLayout.replicate_layout 835:Src fp.id: '48CE2A11-6FA1-4816-8BEE-2E82038543FF'
08-29 00:10:20 com_github_MitjaNemec_ReplicateLayout.replicate_layout 839:Dst fp.id: '48CE2A11-6FA1-4816-8BEE-2E82038543FF'
08-29 00:10:20 com_github_MitjaNemec_ReplicateLayout.replicate_layout 792:Net pairs for sheet ['/SensorModule53/'] :[('Net-(Q1-G)', 'Net-(Q107-C)'), ('/SensorModule/SigOut', '/SensorModule53/SigOut'), ('GND', 'GND'), ('/SensorModule/ControlSig', '/SensorModule53/ControlSig'), ('+5V', '+5V')]
08-29 00:10:20 com_github_MitjaNemec_ReplicateLayout.replicate_layout 1020:Replicating tracks on sheet ['/SensorModule54/']
08-29 00:10:20 com_github_MitjaNemec_ReplicateLayout.replicate_layout 835:Src fp.id: '48CE2A11-6FA1-4816-8BEE-2E82038543FF'
08-29 00:10:20 com_github_MitjaNemec_ReplicateLayout.replicate_layout 839:Dst fp.id: '48CE2A11-6FA1-4816-8BEE-2E82038543FF'
08-29 00:10:20 com_github_MitjaNemec_ReplicateLayout.replicate_layout 792:Net pairs for sheet ['/SensorModule54/'] :[('Net-(Q1-G)', 'Net-(Q109-C)'), ('/SensorModule/SigOut', '/SensorModule54/SigOut'), ('/SensorModule/ControlSig', '/SensorModule54/ControlSig'), ('GND', 'GND'), ('+5V', '+5V')]
08-29 00:10:20 com_github_MitjaNemec_ReplicateLayout.replicate_layout 1020:Replicating tracks on sheet ['/SensorModule55/']
08-29 00:10:20 com_github_MitjaNemec_ReplicateLayout.replicate_layout 835:Src fp.id: '48CE2A11-6FA1-4816-8BEE-2E82038543FF'
08-29 00:10:20 com_github_MitjaNemec_ReplicateLayout.replicate_layout 839:Dst fp.id: '48CE2A11-6FA1-4816-8BEE-2E82038543FF'
08-29 00:10:20 com_github_MitjaNemec_ReplicateLayout.replicate_layout 792:Net pairs for sheet ['/SensorModule55/'] :[('Net-(Q1-G)', 'Net-(Q111-C)'), ('GND', 'GND'), ('/SensorModule/SigOut', '/SensorModule55/SigOut'), ('/SensorModule/ControlSig', '/SensorModule55/ControlSig'), ('+5V', '+5V')]
08-29 00:10:20 com_github_MitjaNemec_ReplicateLayout.replicate_layout 1020:Replicating tracks on sheet ['/SensorModule56/']
08-29 00:10:20 com_github_MitjaNemec_ReplicateLayout.replicate_layout 835:Src fp.id: '48CE2A11-6FA1-4816-8BEE-2E82038543FF'
08-29 00:10:20 com_github_MitjaNemec_ReplicateLayout.replicate_layout 839:Dst fp.id: '48CE2A11-6FA1-4816-8BEE-2E82038543FF'
08-29 00:10:20 com_github_MitjaNemec_ReplicateLayout.replicate_layout 792:Net pairs for sheet ['/SensorModule56/'] :[('/SensorModule/SigOut', '/SensorModule56/SigOut'), ('GND', 'GND'), ('Net-(Q1-G)', 'Net-(Q113-C)'), ('/SensorModule/ControlSig', '/SensorModule56/ControlSig'), ('+5V', '+5V')]
08-29 00:10:20 com_github_MitjaNemec_ReplicateLayout.replicate_layout 1020:Replicating tracks on sheet ['/SensorModule57/']
08-29 00:10:20 com_github_MitjaNemec_ReplicateLayout.replicate_layout 835:Src fp.id: '48CE2A11-6FA1-4816-8BEE-2E82038543FF'
08-29 00:10:20 com_github_MitjaNemec_ReplicateLayout.replicate_layout 839:Dst fp.id: '48CE2A11-6FA1-4816-8BEE-2E82038543FF'
08-29 00:10:20 com_github_MitjaNemec_ReplicateLayout.replicate_layout 792:Net pairs for sheet ['/SensorModule57/'] :[('/SensorModule/SigOut', '/SensorModule57/SigOut'), ('GND', 'GND'), ('/SensorModule/ControlSig', '/SensorModule57/ControlSig'), ('Net-(Q1-G)', 'Net-(Q115-C)'), ('+5V', '+5V')]
08-29 00:10:20 com_github_MitjaNemec_ReplicateLayout.replicate_layout 1020:Replicating tracks on sheet ['/SensorModule58/']
08-29 00:10:20 com_github_MitjaNemec_ReplicateLayout.replicate_layout 835:Src fp.id: '48CE2A11-6FA1-4816-8BEE-2E82038543FF'
08-29 00:10:20 com_github_MitjaNemec_ReplicateLayout.replicate_layout 839:Dst fp.id: '48CE2A11-6FA1-4816-8BEE-2E82038543FF'
08-29 00:10:20 com_github_MitjaNemec_ReplicateLayout.replicate_layout 792:Net pairs for sheet ['/SensorModule58/'] :[('/SensorModule/SigOut', '/SensorModule58/SigOut'), ('GND', 'GND'), ('Net-(Q1-G)', 'Net-(Q117-C)'), ('/SensorModule/ControlSig', '/SensorModule58/ControlSig'), ('+5V', '+5V')]
08-29 00:10:20 com_github_MitjaNemec_ReplicateLayout.replicate_layout 1020:Replicating tracks on sheet ['/SensorModule59/']
08-29 00:10:20 com_github_MitjaNemec_ReplicateLayout.replicate_layout 835:Src fp.id: '48CE2A11-6FA1-4816-8BEE-2E82038543FF'
08-29 00:10:20 com_github_MitjaNemec_ReplicateLayout.replicate_layout 839:Dst fp.id: '48CE2A11-6FA1-4816-8BEE-2E82038543FF'
08-29 00:10:20 com_github_MitjaNemec_ReplicateLayout.replicate_layout 792:Net pairs for sheet ['/SensorModule59/'] :[('GND', 'GND'), ('/SensorModule/ControlSig', '/SensorModule59/ControlSig'), ('/SensorModule/SigOut', '/SensorModule59/SigOut'), ('Net-(Q1-G)', 'Net-(Q119-C)'), ('+5V', '+5V')]
08-29 00:10:20 root 345:updating GUI with: 85
08-29 00:10:20 com_github_MitjaNemec_ReplicateLayout.replicate_layout 1020:Replicating tracks on sheet ['/SensorModule6/']
08-29 00:10:20 com_github_MitjaNemec_ReplicateLayout.replicate_layout 835:Src fp.id: '48CE2A11-6FA1-4816-8BEE-2E82038543FF'
08-29 00:10:20 com_github_MitjaNemec_ReplicateLayout.replicate_layout 839:Dst fp.id: '48CE2A11-6FA1-4816-8BEE-2E82038543FF'
08-29 00:10:20 com_github_MitjaNemec_ReplicateLayout.replicate_layout 792:Net pairs for sheet ['/SensorModule6/'] :[('GND', 'GND'), ('Net-(Q1-G)', 'Net-(Q13-C)'), ('/SensorModule/ControlSig', '/SensorModule6/ControlSig'), ('/SensorModule/SigOut', '/SensorModule6/SigOut'), ('+5V', '+5V')]
08-29 00:10:20 com_github_MitjaNemec_ReplicateLayout.replicate_layout 1020:Replicating tracks on sheet ['/SensorModule60/']
08-29 00:10:20 com_github_MitjaNemec_ReplicateLayout.replicate_layout 835:Src fp.id: '48CE2A11-6FA1-4816-8BEE-2E82038543FF'
08-29 00:10:20 com_github_MitjaNemec_ReplicateLayout.replicate_layout 839:Dst fp.id: '48CE2A11-6FA1-4816-8BEE-2E82038543FF'
08-29 00:10:20 com_github_MitjaNemec_ReplicateLayout.replicate_layout 792:Net pairs for sheet ['/SensorModule60/'] :[('Net-(Q1-G)', 'Net-(Q121-C)'), ('GND', 'GND'), ('/SensorModule/ControlSig', '/SensorModule60/ControlSig'), ('/SensorModule/SigOut', '/SensorModule60/SigOut'), ('+5V', '+5V')]
08-29 00:10:20 com_github_MitjaNemec_ReplicateLayout.replicate_layout 1020:Replicating tracks on sheet ['/SensorModule61/']
08-29 00:10:20 com_github_MitjaNemec_ReplicateLayout.replicate_layout 835:Src fp.id: '48CE2A11-6FA1-4816-8BEE-2E82038543FF'
08-29 00:10:20 com_github_MitjaNemec_ReplicateLayout.replicate_layout 839:Dst fp.id: '48CE2A11-6FA1-4816-8BEE-2E82038543FF'
08-29 00:10:20 com_github_MitjaNemec_ReplicateLayout.replicate_layout 792:Net pairs for sheet ['/SensorModule61/'] :[('/SensorModule/ControlSig', '/SensorModule61/ControlSig'), ('GND', 'GND'), ('Net-(Q1-G)', 'Net-(Q123-C)'), ('/SensorModule/SigOut', '/SensorModule61/SigOut'), ('+5V', '+5V')]
08-29 00:10:20 com_github_MitjaNemec_ReplicateLayout.replicate_layout 1020:Replicating tracks on sheet ['/SensorModule62/']
08-29 00:10:20 com_github_MitjaNemec_ReplicateLayout.replicate_layout 835:Src fp.id: '48CE2A11-6FA1-4816-8BEE-2E82038543FF'
08-29 00:10:20 com_github_MitjaNemec_ReplicateLayout.replicate_layout 839:Dst fp.id: '48CE2A11-6FA1-4816-8BEE-2E82038543FF'
08-29 00:10:20 com_github_MitjaNemec_ReplicateLayout.replicate_layout 792:Net pairs for sheet ['/SensorModule62/'] :[('/SensorModule/ControlSig', '/SensorModule62/ControlSig'), ('Net-(Q1-G)', 'Net-(Q125-C)'), ('GND', 'GND'), ('/SensorModule/SigOut', '/SensorModule62/SigOut'), ('+5V', '+5V')]
08-29 00:10:20 com_github_MitjaNemec_ReplicateLayout.replicate_layout 1020:Replicating tracks on sheet ['/SensorModule63/']
08-29 00:10:20 com_github_MitjaNemec_ReplicateLayout.replicate_layout 835:Src fp.id: '48CE2A11-6FA1-4816-8BEE-2E82038543FF'
08-29 00:10:20 com_github_MitjaNemec_ReplicateLayout.replicate_layout 839:Dst fp.id: '48CE2A11-6FA1-4816-8BEE-2E82038543FF'
08-29 00:10:20 com_github_MitjaNemec_ReplicateLayout.replicate_layout 792:Net pairs for sheet ['/SensorModule63/'] :[('GND', 'GND'), ('/SensorModule/SigOut', '/SensorModule63/SigOut'), ('Net-(Q1-G)', 'Net-(Q127-C)'), ('/SensorModule/ControlSig', '/SensorModule63/ControlSig'), ('+5V', '+5V')]
08-29 00:10:20 com_github_MitjaNemec_ReplicateLayout.replicate_layout 1020:Replicating tracks on sheet ['/SensorModule7/']
08-29 00:10:20 com_github_MitjaNemec_ReplicateLayout.replicate_layout 835:Src fp.id: '48CE2A11-6FA1-4816-8BEE-2E82038543FF'
08-29 00:10:20 com_github_MitjaNemec_ReplicateLayout.replicate_layout 839:Dst fp.id: '48CE2A11-6FA1-4816-8BEE-2E82038543FF'
08-29 00:10:20 com_github_MitjaNemec_ReplicateLayout.replicate_layout 792:Net pairs for sheet ['/SensorModule7/'] :[('/SensorModule/ControlSig', '/SensorModule7/ControlSig'), ('/SensorModule/SigOut', '/SensorModule7/SigOut'), ('GND', 'GND'), ('Net-(Q1-G)', 'Net-(Q15-C)'), ('+5V', '+5V')]
08-29 00:10:20 com_github_MitjaNemec_ReplicateLayout.replicate_layout 1020:Replicating tracks on sheet ['/SensorModule8/']
08-29 00:10:20 com_github_MitjaNemec_ReplicateLayout.replicate_layout 835:Src fp.id: '48CE2A11-6FA1-4816-8BEE-2E82038543FF'
08-29 00:10:20 com_github_MitjaNemec_ReplicateLayout.replicate_layout 839:Dst fp.id: '48CE2A11-6FA1-4816-8BEE-2E82038543FF'
08-29 00:10:20 com_github_MitjaNemec_ReplicateLayout.replicate_layout 792:Net pairs for sheet ['/SensorModule8/'] :[('/SensorModule/ControlSig', '/SensorModule8/ControlSig'), ('GND', 'GND'), ('/SensorModule/SigOut', '/SensorModule8/SigOut'), ('Net-(Q1-G)', 'Net-(Q17-C)'), ('+5V', '+5V')]
08-29 00:10:20 root 345:updating GUI with: 96
08-29 00:10:20 com_github_MitjaNemec_ReplicateLayout.replicate_layout 1020:Replicating tracks on sheet ['/SensorModule9/']
08-29 00:10:20 com_github_MitjaNemec_ReplicateLayout.replicate_layout 835:Src fp.id: '48CE2A11-6FA1-4816-8BEE-2E82038543FF'
08-29 00:10:20 com_github_MitjaNemec_ReplicateLayout.replicate_layout 839:Dst fp.id: '48CE2A11-6FA1-4816-8BEE-2E82038543FF'
08-29 00:10:20 com_github_MitjaNemec_ReplicateLayout.replicate_layout 792:Net pairs for sheet ['/SensorModule9/'] :[('GND', 'GND'), ('/SensorModule/ControlSig', '/SensorModule9/ControlSig'), ('Net-(Q1-G)', 'Net-(Q19-C)'), ('/SensorModule/SigOut', '/SensorModule9/SigOut'), ('+5V', '+5V')]
08-29 00:10:20 root 340:updating GUI message: 'Replicating zones'
08-29 00:10:20 com_github_MitjaNemec_ReplicateLayout.replicate_layout 1084:Replicating zones
08-29 00:10:20 com_github_MitjaNemec_ReplicateLayout.replicate_layout 1091:Replicating zones on sheet ['/SensorModule1/']
08-29 00:10:20 com_github_MitjaNemec_ReplicateLayout.replicate_layout 835:Src fp.id: '48CE2A11-6FA1-4816-8BEE-2E82038543FF'
08-29 00:10:20 com_github_MitjaNemec_ReplicateLayout.replicate_layout 839:Dst fp.id: '48CE2A11-6FA1-4816-8BEE-2E82038543FF'
08-29 00:10:20 com_github_MitjaNemec_ReplicateLayout.replicate_layout 792:Net pairs for sheet ['/SensorModule1/'] :[('GND', 'GND'), ('/SensorModule/SigOut', '/SensorModule1/SigOut'), ('/SensorModule/ControlSig', '/SensorModule1/ControlSig'), ('Net-(Q1-G)', 'Net-(Q3-C)'), ('+5V', '+5V')]
08-29 00:10:20 com_github_MitjaNemec_ReplicateLayout.replicate_layout 1091:Replicating zones on sheet ['/SensorModule10/']
08-29 00:10:20 com_github_MitjaNemec_ReplicateLayout.replicate_layout 835:Src fp.id: '48CE2A11-6FA1-4816-8BEE-2E82038543FF'
08-29 00:10:20 com_github_MitjaNemec_ReplicateLayout.replicate_layout 839:Dst fp.id: '48CE2A11-6FA1-4816-8BEE-2E82038543FF'
08-29 00:10:20 com_github_MitjaNemec_ReplicateLayout.replicate_layout 792:Net pairs for sheet ['/SensorModule10/'] :[('Net-(Q1-G)', 'Net-(Q21-C)'), ('/SensorModule/ControlSig', '/SensorModule10/ControlSig'), ('GND', 'GND'), ('/SensorModule/SigOut', '/SensorModule10/SigOut'), ('+5V', '+5V')]
08-29 00:10:20 com_github_MitjaNemec_ReplicateLayout.replicate_layout 1091:Replicating zones on sheet ['/SensorModule11/']
08-29 00:10:20 com_github_MitjaNemec_ReplicateLayout.replicate_layout 835:Src fp.id: '48CE2A11-6FA1-4816-8BEE-2E82038543FF'
08-29 00:10:20 com_github_MitjaNemec_ReplicateLayout.replicate_layout 839:Dst fp.id: '48CE2A11-6FA1-4816-8BEE-2E82038543FF'
08-29 00:10:20 com_github_MitjaNemec_ReplicateLayout.replicate_layout 792:Net pairs for sheet ['/SensorModule11/'] :[('/SensorModule/ControlSig', '/SensorModule11/ControlSig'), ('GND', 'GND'), ('Net-(Q1-G)', 'Net-(Q23-C)'), ('/SensorModule/SigOut', '/SensorModule11/SigOut'), ('+5V', '+5V')]
08-29 00:10:20 com_github_MitjaNemec_ReplicateLayout.replicate_layout 1091:Replicating zones on sheet ['/SensorModule12/']
08-29 00:10:20 com_github_MitjaNemec_ReplicateLayout.replicate_layout 835:Src fp.id: '48CE2A11-6FA1-4816-8BEE-2E82038543FF'
08-29 00:10:20 com_github_MitjaNemec_ReplicateLayout.replicate_layout 839:Dst fp.id: '48CE2A11-6FA1-4816-8BEE-2E82038543FF'
08-29 00:10:20 com_github_MitjaNemec_ReplicateLayout.replicate_layout 792:Net pairs for sheet ['/SensorModule12/'] :[('/SensorModule/SigOut', '/SensorModule12/SigOut'), ('GND', 'GND'), ('/SensorModule/ControlSig', '/SensorModule12/ControlSig'), ('Net-(Q1-G)', 'Net-(Q25-C)'), ('+5V', '+5V')]
08-29 00:10:20 com_github_MitjaNemec_ReplicateLayout.replicate_layout 1091:Replicating zones on sheet ['/SensorModule13/']
08-29 00:10:20 com_github_MitjaNemec_ReplicateLayout.replicate_layout 835:Src fp.id: '48CE2A11-6FA1-4816-8BEE-2E82038543FF'
08-29 00:10:20 com_github_MitjaNemec_ReplicateLayout.replicate_layout 839:Dst fp.id: '48CE2A11-6FA1-4816-8BEE-2E82038543FF'
08-29 00:10:20 com_github_MitjaNemec_ReplicateLayout.replicate_layout 792:Net pairs for sheet ['/SensorModule13/'] :[('/SensorModule/ControlSig', '/SensorModule13/ControlSig'), ('GND', 'GND'), ('Net-(Q1-G)', 'Net-(Q27-C)'), ('/SensorModule/SigOut', '/SensorModule13/SigOut'), ('+5V', '+5V')]
08-29 00:10:20 com_github_MitjaNemec_ReplicateLayout.replicate_layout 1091:Replicating zones on sheet ['/SensorModule14/']
08-29 00:10:20 com_github_MitjaNemec_ReplicateLayout.replicate_layout 835:Src fp.id: '48CE2A11-6FA1-4816-8BEE-2E82038543FF'
08-29 00:10:20 com_github_MitjaNemec_ReplicateLayout.replicate_layout 839:Dst fp.id: '48CE2A11-6FA1-4816-8BEE-2E82038543FF'
08-29 00:10:20 com_github_MitjaNemec_ReplicateLayout.replicate_layout 792:Net pairs for sheet ['/SensorModule14/'] :[('/SensorModule/ControlSig', '/SensorModule14/ControlSig'), ('Net-(Q1-G)', 'Net-(Q29-C)'), ('GND', 'GND'), ('/SensorModule/SigOut', '/SensorModule14/SigOut'), ('+5V', '+5V')]
08-29 00:10:20 root 345:updating GUI with: 9
08-29 00:10:20 com_github_MitjaNemec_ReplicateLayout.replicate_layout 1091:Replicating zones on sheet ['/SensorModule15/']
08-29 00:10:20 com_github_MitjaNemec_ReplicateLayout.replicate_layout 835:Src fp.id: '48CE2A11-6FA1-4816-8BEE-2E82038543FF'
08-29 00:10:20 com_github_MitjaNemec_ReplicateLayout.replicate_layout 839:Dst fp.id: '48CE2A11-6FA1-4816-8BEE-2E82038543FF'
08-29 00:10:20 com_github_MitjaNemec_ReplicateLayout.replicate_layout 792:Net pairs for sheet ['/SensorModule15/'] :[('/SensorModule/SigOut', '/SensorModule15/SigOut'), ('Net-(Q1-G)', 'Net-(Q31-C)'), ('GND', 'GND'), ('/SensorModule/ControlSig', '/SensorModule15/ControlSig'), ('+5V', '+5V')]
08-29 00:10:20 com_github_MitjaNemec_ReplicateLayout.replicate_layout 1091:Replicating zones on sheet ['/SensorModule16/']
08-29 00:10:20 com_github_MitjaNemec_ReplicateLayout.replicate_layout 835:Src fp.id: '48CE2A11-6FA1-4816-8BEE-2E82038543FF'
08-29 00:10:20 com_github_MitjaNemec_ReplicateLayout.replicate_layout 839:Dst fp.id: '48CE2A11-6FA1-4816-8BEE-2E82038543FF'
08-29 00:10:20 com_github_MitjaNemec_ReplicateLayout.replicate_layout 792:Net pairs for sheet ['/SensorModule16/'] :[('GND', 'GND'), ('Net-(Q1-G)', 'Net-(Q33-C)'), ('/SensorModule/ControlSig', '/SensorModule16/ControlSig'), ('/SensorModule/SigOut', '/SensorModule16/SigOut'), ('+5V', '+5V')]
08-29 00:10:20 com_github_MitjaNemec_ReplicateLayout.replicate_layout 1091:Replicating zones on sheet ['/SensorModule17/']
08-29 00:10:20 com_github_MitjaNemec_ReplicateLayout.replicate_layout 835:Src fp.id: '48CE2A11-6FA1-4816-8BEE-2E82038543FF'
08-29 00:10:20 com_github_MitjaNemec_ReplicateLayout.replicate_layout 839:Dst fp.id: '48CE2A11-6FA1-4816-8BEE-2E82038543FF'
08-29 00:10:20 com_github_MitjaNemec_ReplicateLayout.replicate_layout 792:Net pairs for sheet ['/SensorModule17/'] :[('GND', 'GND'), ('/SensorModule/ControlSig', '/SensorModule17/ControlSig'), ('Net-(Q1-G)', 'Net-(Q35-C)'), ('/SensorModule/SigOut', '/SensorModule17/SigOut'), ('+5V', '+5V')]
08-29 00:10:20 com_github_MitjaNemec_ReplicateLayout.replicate_layout 1091:Replicating zones on sheet ['/SensorModule18/']
08-29 00:10:20 com_github_MitjaNemec_ReplicateLayout.replicate_layout 835:Src fp.id: '48CE2A11-6FA1-4816-8BEE-2E82038543FF'
08-29 00:10:20 com_github_MitjaNemec_ReplicateLayout.replicate_layout 839:Dst fp.id: '48CE2A11-6FA1-4816-8BEE-2E82038543FF'
08-29 00:10:20 com_github_MitjaNemec_ReplicateLayout.replicate_layout 792:Net pairs for sheet ['/SensorModule18/'] :[('/SensorModule/ControlSig', '/SensorModule18/ControlSig'), ('/SensorModule/SigOut', '/SensorModule18/SigOut'), ('GND', 'GND'), ('Net-(Q1-G)', 'Net-(Q37-C)'), ('+5V', '+5V')]
08-29 00:10:20 com_github_MitjaNemec_ReplicateLayout.replicate_layout 1091:Replicating zones on sheet ['/SensorModule19/']
08-29 00:10:20 com_github_MitjaNemec_ReplicateLayout.replicate_layout 835:Src fp.id: '48CE2A11-6FA1-4816-8BEE-2E82038543FF'
08-29 00:10:20 com_github_MitjaNemec_ReplicateLayout.replicate_layout 839:Dst fp.id: '48CE2A11-6FA1-4816-8BEE-2E82038543FF'
08-29 00:10:20 com_github_MitjaNemec_ReplicateLayout.replicate_layout 792:Net pairs for sheet ['/SensorModule19/'] :[('/SensorModule/ControlSig', '/SensorModule19/ControlSig'), ('Net-(Q1-G)', 'Net-(Q39-C)'), ('GND', 'GND'), ('/SensorModule/SigOut', '/SensorModule19/SigOut'), ('+5V', '+5V')]
08-29 00:10:20 com_github_MitjaNemec_ReplicateLayout.replicate_layout 1091:Replicating zones on sheet ['/SensorModule2/']
08-29 00:10:20 com_github_MitjaNemec_ReplicateLayout.replicate_layout 835:Src fp.id: '48CE2A11-6FA1-4816-8BEE-2E82038543FF'
08-29 00:10:20 com_github_MitjaNemec_ReplicateLayout.replicate_layout 839:Dst fp.id: '48CE2A11-6FA1-4816-8BEE-2E82038543FF'
08-29 00:10:20 com_github_MitjaNemec_ReplicateLayout.replicate_layout 792:Net pairs for sheet ['/SensorModule2/'] :[('/SensorModule/SigOut', '/SensorModule2/SigOut'), ('GND', 'GND'), ('/SensorModule/ControlSig', '/SensorModule2/ControlSig'), ('Net-(Q1-G)', 'Net-(Q5-C)'), ('+5V', '+5V')]
08-29 00:10:20 com_github_MitjaNemec_ReplicateLayout.replicate_layout 1091:Replicating zones on sheet ['/SensorModule20/']
08-29 00:10:20 com_github_MitjaNemec_ReplicateLayout.replicate_layout 835:Src fp.id: '48CE2A11-6FA1-4816-8BEE-2E82038543FF'
08-29 00:10:20 com_github_MitjaNemec_ReplicateLayout.replicate_layout 839:Dst fp.id: '48CE2A11-6FA1-4816-8BEE-2E82038543FF'
08-29 00:10:20 com_github_MitjaNemec_ReplicateLayout.replicate_layout 792:Net pairs for sheet ['/SensorModule20/'] :[('Net-(Q1-G)', 'Net-(Q41-C)'), ('GND', 'GND'), ('/SensorModule/ControlSig', '/SensorModule20/ControlSig'), ('/SensorModule/SigOut', '/SensorModule20/SigOut'), ('+5V', '+5V')]
08-29 00:10:20 com_github_MitjaNemec_ReplicateLayout.replicate_layout 1091:Replicating zones on sheet ['/SensorModule21/']
08-29 00:10:20 com_github_MitjaNemec_ReplicateLayout.replicate_layout 835:Src fp.id: '48CE2A11-6FA1-4816-8BEE-2E82038543FF'
08-29 00:10:20 com_github_MitjaNemec_ReplicateLayout.replicate_layout 839:Dst fp.id: '48CE2A11-6FA1-4816-8BEE-2E82038543FF'
08-29 00:10:20 com_github_MitjaNemec_ReplicateLayout.replicate_layout 792:Net pairs for sheet ['/SensorModule21/'] :[('GND', 'GND'), ('/SensorModule/SigOut', '/SensorModule21/SigOut'), ('/SensorModule/ControlSig', '/SensorModule21/ControlSig'), ('Net-(Q1-G)', 'Net-(Q43-C)'), ('+5V', '+5V')]
08-29 00:10:20 com_github_MitjaNemec_ReplicateLayout.replicate_layout 1091:Replicating zones on sheet ['/SensorModule22/']
08-29 00:10:20 com_github_MitjaNemec_ReplicateLayout.replicate_layout 835:Src fp.id: '48CE2A11-6FA1-4816-8BEE-2E82038543FF'
08-29 00:10:20 com_github_MitjaNemec_ReplicateLayout.replicate_layout 839:Dst fp.id: '48CE2A11-6FA1-4816-8BEE-2E82038543FF'
08-29 00:10:20 com_github_MitjaNemec_ReplicateLayout.replicate_layout 792:Net pairs for sheet ['/SensorModule22/'] :[('GND', 'GND'), ('/SensorModule/SigOut', '/SensorModule22/SigOut'), ('Net-(Q1-G)', 'Net-(Q45-C)'), ('/SensorModule/ControlSig', '/SensorModule22/ControlSig'), ('+5V', '+5V')]
08-29 00:10:20 com_github_MitjaNemec_ReplicateLayout.replicate_layout 1091:Replicating zones on sheet ['/SensorModule23/']
08-29 00:10:20 com_github_MitjaNemec_ReplicateLayout.replicate_layout 835:Src fp.id: '48CE2A11-6FA1-4816-8BEE-2E82038543FF'
08-29 00:10:20 com_github_MitjaNemec_ReplicateLayout.replicate_layout 839:Dst fp.id: '48CE2A11-6FA1-4816-8BEE-2E82038543FF'
08-29 00:10:20 com_github_MitjaNemec_ReplicateLayout.replicate_layout 792:Net pairs for sheet ['/SensorModule23/'] :[('GND', 'GND'), ('Net-(Q1-G)', 'Net-(Q47-C)'), ('/SensorModule/SigOut', '/SensorModule23/SigOut'), ('/SensorModule/ControlSig', '/SensorModule23/ControlSig'), ('+5V', '+5V')]
08-29 00:10:20 root 345:updating GUI with: 25
08-29 00:10:20 com_github_MitjaNemec_ReplicateLayout.replicate_layout 1091:Replicating zones on sheet ['/SensorModule24/']
08-29 00:10:20 com_github_MitjaNemec_ReplicateLayout.replicate_layout 835:Src fp.id: '48CE2A11-6FA1-4816-8BEE-2E82038543FF'
08-29 00:10:20 com_github_MitjaNemec_ReplicateLayout.replicate_layout 839:Dst fp.id: '48CE2A11-6FA1-4816-8BEE-2E82038543FF'
08-29 00:10:20 com_github_MitjaNemec_ReplicateLayout.replicate_layout 792:Net pairs for sheet ['/SensorModule24/'] :[('/SensorModule/SigOut', '/SensorModule24/SigOut'), ('/SensorModule/ControlSig', '/SensorModule24/ControlSig'), ('Net-(Q1-G)', 'Net-(Q49-C)'), ('GND', 'GND'), ('+5V', '+5V')]
08-29 00:10:20 com_github_MitjaNemec_ReplicateLayout.replicate_layout 1091:Replicating zones on sheet ['/SensorModule25/']
08-29 00:10:20 com_github_MitjaNemec_ReplicateLayout.replicate_layout 835:Src fp.id: '48CE2A11-6FA1-4816-8BEE-2E82038543FF'
08-29 00:10:20 com_github_MitjaNemec_ReplicateLayout.replicate_layout 839:Dst fp.id: '48CE2A11-6FA1-4816-8BEE-2E82038543FF'
08-29 00:10:20 com_github_MitjaNemec_ReplicateLayout.replicate_layout 792:Net pairs for sheet ['/SensorModule25/'] :[('GND', 'GND'), ('Net-(Q1-G)', 'Net-(Q51-C)'), ('/SensorModule/ControlSig', '/SensorModule25/ControlSig'), ('/SensorModule/SigOut', '/SensorModule25/SigOut'), ('+5V', '+5V')]
08-29 00:10:20 com_github_MitjaNemec_ReplicateLayout.replicate_layout 1091:Replicating zones on sheet ['/SensorModule26/']
08-29 00:10:20 com_github_MitjaNemec_ReplicateLayout.replicate_layout 835:Src fp.id: '48CE2A11-6FA1-4816-8BEE-2E82038543FF'
08-29 00:10:20 com_github_MitjaNemec_ReplicateLayout.replicate_layout 839:Dst fp.id: '48CE2A11-6FA1-4816-8BEE-2E82038543FF'
08-29 00:10:20 com_github_MitjaNemec_ReplicateLayout.replicate_layout 792:Net pairs for sheet ['/SensorModule26/'] :[('/SensorModule/ControlSig', '/SensorModule26/ControlSig'), ('GND', 'GND'), ('/SensorModule/SigOut', '/SensorModule26/SigOut'), ('Net-(Q1-G)', 'Net-(Q53-C)'), ('+5V', '+5V')]
08-29 00:10:20 com_github_MitjaNemec_ReplicateLayout.replicate_layout 1091:Replicating zones on sheet ['/SensorModule27/']
08-29 00:10:20 com_github_MitjaNemec_ReplicateLayout.replicate_layout 835:Src fp.id: '48CE2A11-6FA1-4816-8BEE-2E82038543FF'
08-29 00:10:20 com_github_MitjaNemec_ReplicateLayout.replicate_layout 839:Dst fp.id: '48CE2A11-6FA1-4816-8BEE-2E82038543FF'
08-29 00:10:20 com_github_MitjaNemec_ReplicateLayout.replicate_layout 792:Net pairs for sheet ['/SensorModule27/'] :[('/SensorModule/SigOut', '/SensorModule27/SigOut'), ('/SensorModule/ControlSig', '/SensorModule27/ControlSig'), ('GND', 'GND'), ('Net-(Q1-G)', 'Net-(Q55-C)'), ('+5V', '+5V')]
08-29 00:10:20 com_github_MitjaNemec_ReplicateLayout.replicate_layout 1091:Replicating zones on sheet ['/SensorModule28/']
08-29 00:10:20 com_github_MitjaNemec_ReplicateLayout.replicate_layout 835:Src fp.id: '48CE2A11-6FA1-4816-8BEE-2E82038543FF'
08-29 00:10:20 com_github_MitjaNemec_ReplicateLayout.replicate_layout 839:Dst fp.id: '48CE2A11-6FA1-4816-8BEE-2E82038543FF'
08-29 00:10:20 com_github_MitjaNemec_ReplicateLayout.replicate_layout 792:Net pairs for sheet ['/SensorModule28/'] :[('/SensorModule/ControlSig', '/SensorModule28/ControlSig'), ('GND', 'GND'), ('/SensorModule/SigOut', '/SensorModule28/SigOut'), ('Net-(Q1-G)', 'Net-(Q57-C)'), ('+5V', '+5V')]
08-29 00:10:20 com_github_MitjaNemec_ReplicateLayout.replicate_layout 1091:Replicating zones on sheet ['/SensorModule29/']
08-29 00:10:20 com_github_MitjaNemec_ReplicateLayout.replicate_layout 835:Src fp.id: '48CE2A11-6FA1-4816-8BEE-2E82038543FF'
08-29 00:10:20 com_github_MitjaNemec_ReplicateLayout.replicate_layout 839:Dst fp.id: '48CE2A11-6FA1-4816-8BEE-2E82038543FF'
08-29 00:10:20 com_github_MitjaNemec_ReplicateLayout.replicate_layout 792:Net pairs for sheet ['/SensorModule29/'] :[('/SensorModule/ControlSig', '/SensorModule29/ControlSig'), ('GND', 'GND'), ('Net-(Q1-G)', 'Net-(Q59-C)'), ('/SensorModule/SigOut', '/SensorModule29/SigOut'), ('+5V', '+5V')]
08-29 00:10:20 com_github_MitjaNemec_ReplicateLayout.replicate_layout 1091:Replicating zones on sheet ['/SensorModule3/']
08-29 00:10:20 com_github_MitjaNemec_ReplicateLayout.replicate_layout 835:Src fp.id: '48CE2A11-6FA1-4816-8BEE-2E82038543FF'
08-29 00:10:20 com_github_MitjaNemec_ReplicateLayout.replicate_layout 839:Dst fp.id: '48CE2A11-6FA1-4816-8BEE-2E82038543FF'
08-29 00:10:20 com_github_MitjaNemec_ReplicateLayout.replicate_layout 792:Net pairs for sheet ['/SensorModule3/'] :[('GND', 'GND'), ('/SensorModule/ControlSig', '/SensorModule3/ControlSig'), ('Net-(Q1-G)', 'Net-(Q7-C)'), ('/SensorModule/SigOut', '/SensorModule3/SigOut'), ('+5V', '+5V')]
08-29 00:10:20 com_github_MitjaNemec_ReplicateLayout.replicate_layout 1091:Replicating zones on sheet ['/SensorModule30/']
08-29 00:10:20 com_github_MitjaNemec_ReplicateLayout.replicate_layout 835:Src fp.id: '48CE2A11-6FA1-4816-8BEE-2E82038543FF'
08-29 00:10:20 com_github_MitjaNemec_ReplicateLayout.replicate_layout 839:Dst fp.id: '48CE2A11-6FA1-4816-8BEE-2E82038543FF'
08-29 00:10:20 com_github_MitjaNemec_ReplicateLayout.replicate_layout 792:Net pairs for sheet ['/SensorModule30/'] :[('GND', 'GND'), ('Net-(Q1-G)', 'Net-(Q61-C)'), ('/SensorModule/SigOut', '/SensorModule30/SigOut'), ('/SensorModule/ControlSig', '/SensorModule30/ControlSig'), ('+5V', '+5V')]
08-29 00:10:20 root 345:updating GUI with: 38
08-29 00:10:20 com_github_MitjaNemec_ReplicateLayout.replicate_layout 1091:Replicating zones on sheet ['/SensorModule31/']
08-29 00:10:20 com_github_MitjaNemec_ReplicateLayout.replicate_layout 835:Src fp.id: '48CE2A11-6FA1-4816-8BEE-2E82038543FF'
08-29 00:10:20 com_github_MitjaNemec_ReplicateLayout.replicate_layout 839:Dst fp.id: '48CE2A11-6FA1-4816-8BEE-2E82038543FF'
08-29 00:10:20 com_github_MitjaNemec_ReplicateLayout.replicate_layout 792:Net pairs for sheet ['/SensorModule31/'] :[('/SensorModule/SigOut', '/SensorModule31/SigOut'), ('GND', 'GND'), ('/SensorModule/ControlSig', '/SensorModule31/ControlSig'), ('Net-(Q1-G)', 'Net-(Q63-C)'), ('+5V', '+5V')]
08-29 00:10:20 com_github_MitjaNemec_ReplicateLayout.replicate_layout 1091:Replicating zones on sheet ['/SensorModule32/']
08-29 00:10:20 com_github_MitjaNemec_ReplicateLayout.replicate_layout 835:Src fp.id: '48CE2A11-6FA1-4816-8BEE-2E82038543FF'
08-29 00:10:20 com_github_MitjaNemec_ReplicateLayout.replicate_layout 839:Dst fp.id: '48CE2A11-6FA1-4816-8BEE-2E82038543FF'
08-29 00:10:20 com_github_MitjaNemec_ReplicateLayout.replicate_layout 792:Net pairs for sheet ['/SensorModule32/'] :[('/SensorModule/ControlSig', '/SensorModule32/ControlSig'), ('GND', 'GND'), ('/SensorModule/SigOut', '/SensorModule32/SigOut'), ('Net-(Q1-G)', 'Net-(Q65-C)'), ('+5V', '+5V')]
08-29 00:10:20 com_github_MitjaNemec_ReplicateLayout.replicate_layout 1091:Replicating zones on sheet ['/SensorModule33/']
08-29 00:10:20 com_github_MitjaNemec_ReplicateLayout.replicate_layout 835:Src fp.id: '48CE2A11-6FA1-4816-8BEE-2E82038543FF'
08-29 00:10:20 com_github_MitjaNemec_ReplicateLayout.replicate_layout 839:Dst fp.id: '48CE2A11-6FA1-4816-8BEE-2E82038543FF'
08-29 00:10:20 com_github_MitjaNemec_ReplicateLayout.replicate_layout 792:Net pairs for sheet ['/SensorModule33/'] :[('GND', 'GND'), ('/SensorModule/ControlSig', '/SensorModule33/ControlSig'), ('/SensorModule/SigOut', '/SensorModule33/SigOut'), ('Net-(Q1-G)', 'Net-(Q67-C)'), ('+5V', '+5V')]
08-29 00:10:20 com_github_MitjaNemec_ReplicateLayout.replicate_layout 1091:Replicating zones on sheet ['/SensorModule34/']
08-29 00:10:20 com_github_MitjaNemec_ReplicateLayout.replicate_layout 835:Src fp.id: '48CE2A11-6FA1-4816-8BEE-2E82038543FF'
08-29 00:10:20 com_github_MitjaNemec_ReplicateLayout.replicate_layout 839:Dst fp.id: '48CE2A11-6FA1-4816-8BEE-2E82038543FF'
08-29 00:10:20 com_github_MitjaNemec_ReplicateLayout.replicate_layout 792:Net pairs for sheet ['/SensorModule34/'] :[('GND', 'GND'), ('/SensorModule/ControlSig', '/SensorModule34/ControlSig'), ('Net-(Q1-G)', 'Net-(Q69-C)'), ('/SensorModule/SigOut', '/SensorModule34/SigOut'), ('+5V', '+5V')]
08-29 00:10:20 com_github_MitjaNemec_ReplicateLayout.replicate_layout 1091:Replicating zones on sheet ['/SensorModule35/']
08-29 00:10:20 com_github_MitjaNemec_ReplicateLayout.replicate_layout 835:Src fp.id: '48CE2A11-6FA1-4816-8BEE-2E82038543FF'
08-29 00:10:20 com_github_MitjaNemec_ReplicateLayout.replicate_layout 839:Dst fp.id: '48CE2A11-6FA1-4816-8BEE-2E82038543FF'
08-29 00:10:20 com_github_MitjaNemec_ReplicateLayout.replicate_layout 792:Net pairs for sheet ['/SensorModule35/'] :[('/SensorModule/ControlSig', '/SensorModule35/ControlSig'), ('Net-(Q1-G)', 'Net-(Q71-C)'), ('GND', 'GND'), ('/SensorModule/SigOut', '/SensorModule35/SigOut'), ('+5V', '+5V')]
08-29 00:10:20 com_github_MitjaNemec_ReplicateLayout.replicate_layout 1091:Replicating zones on sheet ['/SensorModule36/']
08-29 00:10:20 com_github_MitjaNemec_ReplicateLayout.replicate_layout 835:Src fp.id: '48CE2A11-6FA1-4816-8BEE-2E82038543FF'
08-29 00:10:20 com_github_MitjaNemec_ReplicateLayout.replicate_layout 839:Dst fp.id: '48CE2A11-6FA1-4816-8BEE-2E82038543FF'
08-29 00:10:20 com_github_MitjaNemec_ReplicateLayout.replicate_layout 792:Net pairs for sheet ['/SensorModule36/'] :[('/SensorModule/SigOut', '/SensorModule36/SigOut'), ('GND', 'GND'), ('/SensorModule/ControlSig', '/SensorModule36/ControlSig'), ('Net-(Q1-G)', 'Net-(Q73-C)'), ('+5V', '+5V')]
08-29 00:10:20 com_github_MitjaNemec_ReplicateLayout.replicate_layout 1091:Replicating zones on sheet ['/SensorModule37/']
08-29 00:10:20 com_github_MitjaNemec_ReplicateLayout.replicate_layout 835:Src fp.id: '48CE2A11-6FA1-4816-8BEE-2E82038543FF'
08-29 00:10:20 com_github_MitjaNemec_ReplicateLayout.replicate_layout 839:Dst fp.id: '48CE2A11-6FA1-4816-8BEE-2E82038543FF'
08-29 00:10:20 com_github_MitjaNemec_ReplicateLayout.replicate_layout 792:Net pairs for sheet ['/SensorModule37/'] :[('GND', 'GND'), ('/SensorModule/SigOut', '/SensorModule37/SigOut'), ('Net-(Q1-G)', 'Net-(Q75-C)'), ('/SensorModule/ControlSig', '/SensorModule37/ControlSig'), ('+5V', '+5V')]
08-29 00:10:20 com_github_MitjaNemec_ReplicateLayout.replicate_layout 1091:Replicating zones on sheet ['/SensorModule38/']
08-29 00:10:20 com_github_MitjaNemec_ReplicateLayout.replicate_layout 835:Src fp.id: '48CE2A11-6FA1-4816-8BEE-2E82038543FF'
08-29 00:10:20 com_github_MitjaNemec_ReplicateLayout.replicate_layout 839:Dst fp.id: '48CE2A11-6FA1-4816-8BEE-2E82038543FF'
08-29 00:10:20 com_github_MitjaNemec_ReplicateLayout.replicate_layout 792:Net pairs for sheet ['/SensorModule38/'] :[('GND', 'GND'), ('Net-(Q1-G)', 'Net-(Q77-C)'), ('/SensorModule/ControlSig', '/SensorModule38/ControlSig'), ('/SensorModule/SigOut', '/SensorModule38/SigOut'), ('+5V', '+5V')]
08-29 00:10:20 root 345:updating GUI with: 50
08-29 00:10:20 com_github_MitjaNemec_ReplicateLayout.replicate_layout 1091:Replicating zones on sheet ['/SensorModule39/']
08-29 00:10:20 com_github_MitjaNemec_ReplicateLayout.replicate_layout 835:Src fp.id: '48CE2A11-6FA1-4816-8BEE-2E82038543FF'
08-29 00:10:20 com_github_MitjaNemec_ReplicateLayout.replicate_layout 839:Dst fp.id: '48CE2A11-6FA1-4816-8BEE-2E82038543FF'
08-29 00:10:20 com_github_MitjaNemec_ReplicateLayout.replicate_layout 792:Net pairs for sheet ['/SensorModule39/'] :[('GND', 'GND'), ('/SensorModule/ControlSig', '/SensorModule39/ControlSig'), ('Net-(Q1-G)', 'Net-(Q79-C)'), ('/SensorModule/SigOut', '/SensorModule39/SigOut'), ('+5V', '+5V')]
08-29 00:10:20 com_github_MitjaNemec_ReplicateLayout.replicate_layout 1091:Replicating zones on sheet ['/SensorModule4/']
08-29 00:10:20 com_github_MitjaNemec_ReplicateLayout.replicate_layout 835:Src fp.id: '48CE2A11-6FA1-4816-8BEE-2E82038543FF'
08-29 00:10:20 com_github_MitjaNemec_ReplicateLayout.replicate_layout 839:Dst fp.id: '48CE2A11-6FA1-4816-8BEE-2E82038543FF'
08-29 00:10:20 com_github_MitjaNemec_ReplicateLayout.replicate_layout 792:Net pairs for sheet ['/SensorModule4/'] :[('GND', 'GND'), ('/SensorModule/SigOut', '/SensorModule4/SigOut'), ('/SensorModule/ControlSig', '/SensorModule4/ControlSig'), ('Net-(Q1-G)', 'Net-(Q10-G)'), ('+5V', '+5V')]
08-29 00:10:20 com_github_MitjaNemec_ReplicateLayout.replicate_layout 1091:Replicating zones on sheet ['/SensorModule40/']
08-29 00:10:20 com_github_MitjaNemec_ReplicateLayout.replicate_layout 835:Src fp.id: '48CE2A11-6FA1-4816-8BEE-2E82038543FF'
08-29 00:10:20 com_github_MitjaNemec_ReplicateLayout.replicate_layout 839:Dst fp.id: '48CE2A11-6FA1-4816-8BEE-2E82038543FF'
08-29 00:10:20 com_github_MitjaNemec_ReplicateLayout.replicate_layout 792:Net pairs for sheet ['/SensorModule40/'] :[('GND', 'GND'), ('Net-(Q1-G)', 'Net-(Q81-C)'), ('/SensorModule/ControlSig', '/SensorModule40/ControlSig'), ('/SensorModule/SigOut', '/SensorModule40/SigOut'), ('+5V', '+5V')]
08-29 00:10:20 com_github_MitjaNemec_ReplicateLayout.replicate_layout 1091:Replicating zones on sheet ['/SensorModule41/']
08-29 00:10:20 com_github_MitjaNemec_ReplicateLayout.replicate_layout 835:Src fp.id: '48CE2A11-6FA1-4816-8BEE-2E82038543FF'
08-29 00:10:20 com_github_MitjaNemec_ReplicateLayout.replicate_layout 839:Dst fp.id: '48CE2A11-6FA1-4816-8BEE-2E82038543FF'
08-29 00:10:20 com_github_MitjaNemec_ReplicateLayout.replicate_layout 792:Net pairs for sheet ['/SensorModule41/'] :[('GND', 'GND'), ('Net-(Q1-G)', 'Net-(Q83-C)'), ('/SensorModule/ControlSig', '/SensorModule41/ControlSig'), ('/SensorModule/SigOut', '/SensorModule41/SigOut'), ('+5V', '+5V')]
08-29 00:10:20 com_github_MitjaNemec_ReplicateLayout.replicate_layout 1091:Replicating zones on sheet ['/SensorModule42/']
08-29 00:10:20 com_github_MitjaNemec_ReplicateLayout.replicate_layout 835:Src fp.id: '48CE2A11-6FA1-4816-8BEE-2E82038543FF'
08-29 00:10:20 com_github_MitjaNemec_ReplicateLayout.replicate_layout 839:Dst fp.id: '48CE2A11-6FA1-4816-8BEE-2E82038543FF'
08-29 00:10:20 com_github_MitjaNemec_ReplicateLayout.replicate_layout 792:Net pairs for sheet ['/SensorModule42/'] :[('GND', 'GND'), ('/SensorModule/SigOut', '/SensorModule42/SigOut'), ('/SensorModule/ControlSig', '/SensorModule42/ControlSig'), ('Net-(Q1-G)', 'Net-(Q85-C)'), ('+5V', '+5V')]
08-29 00:10:20 com_github_MitjaNemec_ReplicateLayout.replicate_layout 1091:Replicating zones on sheet ['/SensorModule43/']
08-29 00:10:20 com_github_MitjaNemec_ReplicateLayout.replicate_layout 835:Src fp.id: '48CE2A11-6FA1-4816-8BEE-2E82038543FF'
08-29 00:10:20 com_github_MitjaNemec_ReplicateLayout.replicate_layout 839:Dst fp.id: '48CE2A11-6FA1-4816-8BEE-2E82038543FF'
08-29 00:10:20 com_github_MitjaNemec_ReplicateLayout.replicate_layout 792:Net pairs for sheet ['/SensorModule43/'] :[('Net-(Q1-G)', 'Net-(Q87-C)'), ('GND', 'GND'), ('/SensorModule/ControlSig', '/SensorModule43/ControlSig'), ('/SensorModule/SigOut', '/SensorModule43/SigOut'), ('+5V', '+5V')]
08-29 00:10:20 com_github_MitjaNemec_ReplicateLayout.replicate_layout 1091:Replicating zones on sheet ['/SensorModule44/']
08-29 00:10:20 com_github_MitjaNemec_ReplicateLayout.replicate_layout 835:Src fp.id: '48CE2A11-6FA1-4816-8BEE-2E82038543FF'
08-29 00:10:20 com_github_MitjaNemec_ReplicateLayout.replicate_layout 839:Dst fp.id: '48CE2A11-6FA1-4816-8BEE-2E82038543FF'
08-29 00:10:20 com_github_MitjaNemec_ReplicateLayout.replicate_layout 792:Net pairs for sheet ['/SensorModule44/'] :[('Net-(Q1-G)', 'Net-(Q89-C)'), ('GND', 'GND'), ('/SensorModule/SigOut', '/SensorModule44/SigOut'), ('/SensorModule/ControlSig', '/SensorModule44/ControlSig'), ('+5V', '+5V')]
08-29 00:10:20 com_github_MitjaNemec_ReplicateLayout.replicate_layout 1091:Replicating zones on sheet ['/SensorModule45/']
08-29 00:10:20 com_github_MitjaNemec_ReplicateLayout.replicate_layout 835:Src fp.id: '48CE2A11-6FA1-4816-8BEE-2E82038543FF'
08-29 00:10:20 com_github_MitjaNemec_ReplicateLayout.replicate_layout 839:Dst fp.id: '48CE2A11-6FA1-4816-8BEE-2E82038543FF'
08-29 00:10:20 com_github_MitjaNemec_ReplicateLayout.replicate_layout 792:Net pairs for sheet ['/SensorModule45/'] :[('GND', 'GND'), ('/SensorModule/ControlSig', '/SensorModule45/ControlSig'), ('/SensorModule/SigOut', '/SensorModule45/SigOut'), ('Net-(Q1-G)', 'Net-(Q91-C)'), ('+5V', '+5V')]
08-29 00:10:20 com_github_MitjaNemec_ReplicateLayout.replicate_layout 1091:Replicating zones on sheet ['/SensorModule46/']
08-29 00:10:20 com_github_MitjaNemec_ReplicateLayout.replicate_layout 835:Src fp.id: '48CE2A11-6FA1-4816-8BEE-2E82038543FF'
08-29 00:10:20 com_github_MitjaNemec_ReplicateLayout.replicate_layout 839:Dst fp.id: '48CE2A11-6FA1-4816-8BEE-2E82038543FF'
08-29 00:10:20 com_github_MitjaNemec_ReplicateLayout.replicate_layout 792:Net pairs for sheet ['/SensorModule46/'] :[('GND', 'GND'), ('/SensorModule/ControlSig', '/SensorModule46/ControlSig'), ('Net-(Q1-G)', 'Net-(Q93-C)'), ('/SensorModule/SigOut', '/SensorModule46/SigOut'), ('+5V', '+5V')]
08-29 00:10:20 root 345:updating GUI with: 65
08-29 00:10:20 com_github_MitjaNemec_ReplicateLayout.replicate_layout 1091:Replicating zones on sheet ['/SensorModule47/']
08-29 00:10:20 com_github_MitjaNemec_ReplicateLayout.replicate_layout 835:Src fp.id: '48CE2A11-6FA1-4816-8BEE-2E82038543FF'
08-29 00:10:20 com_github_MitjaNemec_ReplicateLayout.replicate_layout 839:Dst fp.id: '48CE2A11-6FA1-4816-8BEE-2E82038543FF'
08-29 00:10:20 com_github_MitjaNemec_ReplicateLayout.replicate_layout 792:Net pairs for sheet ['/SensorModule47/'] :[('GND', 'GND'), ('/SensorModule/ControlSig', '/SensorModule47/ControlSig'), ('/SensorModule/SigOut', '/SensorModule47/SigOut'), ('Net-(Q1-G)', 'Net-(Q95-C)'), ('+5V', '+5V')]
08-29 00:10:20 com_github_MitjaNemec_ReplicateLayout.replicate_layout 1091:Replicating zones on sheet ['/SensorModule48/']
08-29 00:10:20 com_github_MitjaNemec_ReplicateLayout.replicate_layout 835:Src fp.id: '48CE2A11-6FA1-4816-8BEE-2E82038543FF'
08-29 00:10:20 com_github_MitjaNemec_ReplicateLayout.replicate_layout 839:Dst fp.id: '48CE2A11-6FA1-4816-8BEE-2E82038543FF'
08-29 00:10:20 com_github_MitjaNemec_ReplicateLayout.replicate_layout 792:Net pairs for sheet ['/SensorModule48/'] :[('/SensorModule/ControlSig', '/SensorModule48/ControlSig'), ('GND', 'GND'), ('Net-(Q1-G)', 'Net-(Q97-C)'), ('/SensorModule/SigOut', '/SensorModule48/SigOut'), ('+5V', '+5V')]
08-29 00:10:20 com_github_MitjaNemec_ReplicateLayout.replicate_layout 1091:Replicating zones on sheet ['/SensorModule49/']
08-29 00:10:20 com_github_MitjaNemec_ReplicateLayout.replicate_layout 835:Src fp.id: '48CE2A11-6FA1-4816-8BEE-2E82038543FF'
08-29 00:10:20 com_github_MitjaNemec_ReplicateLayout.replicate_layout 839:Dst fp.id: '48CE2A11-6FA1-4816-8BEE-2E82038543FF'
08-29 00:10:20 com_github_MitjaNemec_ReplicateLayout.replicate_layout 792:Net pairs for sheet ['/SensorModule49/'] :[('GND', 'GND'), ('/SensorModule/ControlSig', '/SensorModule49/ControlSig'), ('Net-(Q1-G)', 'Net-(Q100-G)'), ('/SensorModule/SigOut', '/SensorModule49/SigOut'), ('+5V', '+5V')]
08-29 00:10:20 com_github_MitjaNemec_ReplicateLayout.replicate_layout 1091:Replicating zones on sheet ['/SensorModule5/']
08-29 00:10:20 com_github_MitjaNemec_ReplicateLayout.replicate_layout 835:Src fp.id: '48CE2A11-6FA1-4816-8BEE-2E82038543FF'
08-29 00:10:20 com_github_MitjaNemec_ReplicateLayout.replicate_layout 839:Dst fp.id: '48CE2A11-6FA1-4816-8BEE-2E82038543FF'
08-29 00:10:20 com_github_MitjaNemec_ReplicateLayout.replicate_layout 792:Net pairs for sheet ['/SensorModule5/'] :[('Net-(Q1-G)', 'Net-(Q11-C)'), ('GND', 'GND'), ('/SensorModule/ControlSig', '/SensorModule5/ControlSig'), ('/SensorModule/SigOut', '/SensorModule5/SigOut'), ('+5V', '+5V')]
08-29 00:10:20 com_github_MitjaNemec_ReplicateLayout.replicate_layout 1091:Replicating zones on sheet ['/SensorModule50/']
08-29 00:10:20 com_github_MitjaNemec_ReplicateLayout.replicate_layout 835:Src fp.id: '48CE2A11-6FA1-4816-8BEE-2E82038543FF'
08-29 00:10:20 com_github_MitjaNemec_ReplicateLayout.replicate_layout 839:Dst fp.id: '48CE2A11-6FA1-4816-8BEE-2E82038543FF'
08-29 00:10:20 com_github_MitjaNemec_ReplicateLayout.replicate_layout 792:Net pairs for sheet ['/SensorModule50/'] :[('GND', 'GND'), ('Net-(Q1-G)', 'Net-(Q101-C)'), ('/SensorModule/ControlSig', '/SensorModule50/ControlSig'), ('/SensorModule/SigOut', '/SensorModule50/SigOut'), ('+5V', '+5V')]
08-29 00:10:20 com_github_MitjaNemec_ReplicateLayout.replicate_layout 1091:Replicating zones on sheet ['/SensorModule51/']
08-29 00:10:20 com_github_MitjaNemec_ReplicateLayout.replicate_layout 835:Src fp.id: '48CE2A11-6FA1-4816-8BEE-2E82038543FF'
08-29 00:10:20 com_github_MitjaNemec_ReplicateLayout.replicate_layout 839:Dst fp.id: '48CE2A11-6FA1-4816-8BEE-2E82038543FF'
08-29 00:10:20 com_github_MitjaNemec_ReplicateLayout.replicate_layout 792:Net pairs for sheet ['/SensorModule51/'] :[('GND', 'GND'), ('Net-(Q1-G)', 'Net-(Q103-C)'), ('/SensorModule/ControlSig', '/SensorModule51/ControlSig'), ('/SensorModule/SigOut', '/SensorModule51/SigOut'), ('+5V', '+5V')]
08-29 00:10:20 com_github_MitjaNemec_ReplicateLayout.replicate_layout 1091:Replicating zones on sheet ['/SensorModule52/']
08-29 00:10:20 com_github_MitjaNemec_ReplicateLayout.replicate_layout 835:Src fp.id: '48CE2A11-6FA1-4816-8BEE-2E82038543FF'
08-29 00:10:20 com_github_MitjaNemec_ReplicateLayout.replicate_layout 839:Dst fp.id: '48CE2A11-6FA1-4816-8BEE-2E82038543FF'
08-29 00:10:20 com_github_MitjaNemec_ReplicateLayout.replicate_layout 792:Net pairs for sheet ['/SensorModule52/'] :[('GND', 'GND'), ('Net-(Q1-G)', 'Net-(Q105-C)'), ('/SensorModule/SigOut', '/SensorModule52/SigOut'), ('/SensorModule/ControlSig', '/SensorModule52/ControlSig'), ('+5V', '+5V')]
08-29 00:10:20 com_github_MitjaNemec_ReplicateLayout.replicate_layout 1091:Replicating zones on sheet ['/SensorModule53/']
08-29 00:10:20 com_github_MitjaNemec_ReplicateLayout.replicate_layout 835:Src fp.id: '48CE2A11-6FA1-4816-8BEE-2E82038543FF'
08-29 00:10:20 com_github_MitjaNemec_ReplicateLayout.replicate_layout 839:Dst fp.id: '48CE2A11-6FA1-4816-8BEE-2E82038543FF'
08-29 00:10:20 com_github_MitjaNemec_ReplicateLayout.replicate_layout 792:Net pairs for sheet ['/SensorModule53/'] :[('Net-(Q1-G)', 'Net-(Q107-C)'), ('/SensorModule/SigOut', '/SensorModule53/SigOut'), ('GND', 'GND'), ('/SensorModule/ControlSig', '/SensorModule53/ControlSig'), ('+5V', '+5V')]
08-29 00:10:20 root 345:updating GUI with: 77
08-29 00:10:20 com_github_MitjaNemec_ReplicateLayout.replicate_layout 1091:Replicating zones on sheet ['/SensorModule54/']
08-29 00:10:20 com_github_MitjaNemec_ReplicateLayout.replicate_layout 835:Src fp.id: '48CE2A11-6FA1-4816-8BEE-2E82038543FF'
08-29 00:10:20 com_github_MitjaNemec_ReplicateLayout.replicate_layout 839:Dst fp.id: '48CE2A11-6FA1-4816-8BEE-2E82038543FF'
08-29 00:10:20 com_github_MitjaNemec_ReplicateLayout.replicate_layout 792:Net pairs for sheet ['/SensorModule54/'] :[('Net-(Q1-G)', 'Net-(Q109-C)'), ('/SensorModule/SigOut', '/SensorModule54/SigOut'), ('/SensorModule/ControlSig', '/SensorModule54/ControlSig'), ('GND', 'GND'), ('+5V', '+5V')]
08-29 00:10:20 com_github_MitjaNemec_ReplicateLayout.replicate_layout 1091:Replicating zones on sheet ['/SensorModule55/']
08-29 00:10:20 com_github_MitjaNemec_ReplicateLayout.replicate_layout 835:Src fp.id: '48CE2A11-6FA1-4816-8BEE-2E82038543FF'
08-29 00:10:20 com_github_MitjaNemec_ReplicateLayout.replicate_layout 839:Dst fp.id: '48CE2A11-6FA1-4816-8BEE-2E82038543FF'
08-29 00:10:20 com_github_MitjaNemec_ReplicateLayout.replicate_layout 792:Net pairs for sheet ['/SensorModule55/'] :[('Net-(Q1-G)', 'Net-(Q111-C)'), ('GND', 'GND'), ('/SensorModule/SigOut', '/SensorModule55/SigOut'), ('/SensorModule/ControlSig', '/SensorModule55/ControlSig'), ('+5V', '+5V')]
08-29 00:10:20 com_github_MitjaNemec_ReplicateLayout.replicate_layout 1091:Replicating zones on sheet ['/SensorModule56/']
08-29 00:10:20 com_github_MitjaNemec_ReplicateLayout.replicate_layout 835:Src fp.id: '48CE2A11-6FA1-4816-8BEE-2E82038543FF'
08-29 00:10:20 com_github_MitjaNemec_ReplicateLayout.replicate_layout 839:Dst fp.id: '48CE2A11-6FA1-4816-8BEE-2E82038543FF'
08-29 00:10:20 com_github_MitjaNemec_ReplicateLayout.replicate_layout 792:Net pairs for sheet ['/SensorModule56/'] :[('/SensorModule/SigOut', '/SensorModule56/SigOut'), ('GND', 'GND'), ('Net-(Q1-G)', 'Net-(Q113-C)'), ('/SensorModule/ControlSig', '/SensorModule56/ControlSig'), ('+5V', '+5V')]
08-29 00:10:20 com_github_MitjaNemec_ReplicateLayout.replicate_layout 1091:Replicating zones on sheet ['/SensorModule57/']
08-29 00:10:20 com_github_MitjaNemec_ReplicateLayout.replicate_layout 835:Src fp.id: '48CE2A11-6FA1-4816-8BEE-2E82038543FF'
08-29 00:10:20 com_github_MitjaNemec_ReplicateLayout.replicate_layout 839:Dst fp.id: '48CE2A11-6FA1-4816-8BEE-2E82038543FF'
08-29 00:10:20 com_github_MitjaNemec_ReplicateLayout.replicate_layout 792:Net pairs for sheet ['/SensorModule57/'] :[('/SensorModule/SigOut', '/SensorModule57/SigOut'), ('GND', 'GND'), ('/SensorModule/ControlSig', '/SensorModule57/ControlSig'), ('Net-(Q1-G)', 'Net-(Q115-C)'), ('+5V', '+5V')]
08-29 00:10:20 com_github_MitjaNemec_ReplicateLayout.replicate_layout 1091:Replicating zones on sheet ['/SensorModule58/']
08-29 00:10:20 com_github_MitjaNemec_ReplicateLayout.replicate_layout 835:Src fp.id: '48CE2A11-6FA1-4816-8BEE-2E82038543FF'
08-29 00:10:20 com_github_MitjaNemec_ReplicateLayout.replicate_layout 839:Dst fp.id: '48CE2A11-6FA1-4816-8BEE-2E82038543FF'
08-29 00:10:20 com_github_MitjaNemec_ReplicateLayout.replicate_layout 792:Net pairs for sheet ['/SensorModule58/'] :[('/SensorModule/SigOut', '/SensorModule58/SigOut'), ('GND', 'GND'), ('Net-(Q1-G)', 'Net-(Q117-C)'), ('/SensorModule/ControlSig', '/SensorModule58/ControlSig'), ('+5V', '+5V')]
08-29 00:10:20 com_github_MitjaNemec_ReplicateLayout.replicate_layout 1091:Replicating zones on sheet ['/SensorModule59/']
08-29 00:10:20 com_github_MitjaNemec_ReplicateLayout.replicate_layout 835:Src fp.id: '48CE2A11-6FA1-4816-8BEE-2E82038543FF'
08-29 00:10:20 com_github_MitjaNemec_ReplicateLayout.replicate_layout 839:Dst fp.id: '48CE2A11-6FA1-4816-8BEE-2E82038543FF'
08-29 00:10:20 com_github_MitjaNemec_ReplicateLayout.replicate_layout 792:Net pairs for sheet ['/SensorModule59/'] :[('GND', 'GND'), ('/SensorModule/ControlSig', '/SensorModule59/ControlSig'), ('/SensorModule/SigOut', '/SensorModule59/SigOut'), ('Net-(Q1-G)', 'Net-(Q119-C)'), ('+5V', '+5V')]
08-29 00:10:20 com_github_MitjaNemec_ReplicateLayout.replicate_layout 1091:Replicating zones on sheet ['/SensorModule6/']
08-29 00:10:20 com_github_MitjaNemec_ReplicateLayout.replicate_layout 835:Src fp.id: '48CE2A11-6FA1-4816-8BEE-2E82038543FF'
08-29 00:10:20 com_github_MitjaNemec_ReplicateLayout.replicate_layout 839:Dst fp.id: '48CE2A11-6FA1-4816-8BEE-2E82038543FF'
08-29 00:10:20 com_github_MitjaNemec_ReplicateLayout.replicate_layout 792:Net pairs for sheet ['/SensorModule6/'] :[('GND', 'GND'), ('Net-(Q1-G)', 'Net-(Q13-C)'), ('/SensorModule/ControlSig', '/SensorModule6/ControlSig'), ('/SensorModule/SigOut', '/SensorModule6/SigOut'), ('+5V', '+5V')]
08-29 00:10:20 com_github_MitjaNemec_ReplicateLayout.replicate_layout 1091:Replicating zones on sheet ['/SensorModule60/']
08-29 00:10:20 com_github_MitjaNemec_ReplicateLayout.replicate_layout 835:Src fp.id: '48CE2A11-6FA1-4816-8BEE-2E82038543FF'
08-29 00:10:20 com_github_MitjaNemec_ReplicateLayout.replicate_layout 839:Dst fp.id: '48CE2A11-6FA1-4816-8BEE-2E82038543FF'
08-29 00:10:20 com_github_MitjaNemec_ReplicateLayout.replicate_layout 792:Net pairs for sheet ['/SensorModule60/'] :[('Net-(Q1-G)', 'Net-(Q121-C)'), ('GND', 'GND'), ('/SensorModule/ControlSig', '/SensorModule60/ControlSig'), ('/SensorModule/SigOut', '/SensorModule60/SigOut'), ('+5V', '+5V')]
08-29 00:10:20 root 345:updating GUI with: 90
08-29 00:10:20 com_github_MitjaNemec_ReplicateLayout.replicate_layout 1091:Replicating zones on sheet ['/SensorModule61/']
08-29 00:10:20 com_github_MitjaNemec_ReplicateLayout.replicate_layout 835:Src fp.id: '48CE2A11-6FA1-4816-8BEE-2E82038543FF'
08-29 00:10:20 com_github_MitjaNemec_ReplicateLayout.replicate_layout 839:Dst fp.id: '48CE2A11-6FA1-4816-8BEE-2E82038543FF'
08-29 00:10:20 com_github_MitjaNemec_ReplicateLayout.replicate_layout 792:Net pairs for sheet ['/SensorModule61/'] :[('/SensorModule/ControlSig', '/SensorModule61/ControlSig'), ('GND', 'GND'), ('Net-(Q1-G)', 'Net-(Q123-C)'), ('/SensorModule/SigOut', '/SensorModule61/SigOut'), ('+5V', '+5V')]
08-29 00:10:20 com_github_MitjaNemec_ReplicateLayout.replicate_layout 1091:Replicating zones on sheet ['/SensorModule62/']
08-29 00:10:20 com_github_MitjaNemec_ReplicateLayout.replicate_layout 835:Src fp.id: '48CE2A11-6FA1-4816-8BEE-2E82038543FF'
08-29 00:10:20 com_github_MitjaNemec_ReplicateLayout.replicate_layout 839:Dst fp.id: '48CE2A11-6FA1-4816-8BEE-2E82038543FF'
08-29 00:10:20 com_github_MitjaNemec_ReplicateLayout.replicate_layout 792:Net pairs for sheet ['/SensorModule62/'] :[('/SensorModule/ControlSig', '/SensorModule62/ControlSig'), ('Net-(Q1-G)', 'Net-(Q125-C)'), ('GND', 'GND'), ('/SensorModule/SigOut', '/SensorModule62/SigOut'), ('+5V', '+5V')]
08-29 00:10:20 com_github_MitjaNemec_ReplicateLayout.replicate_layout 1091:Replicating zones on sheet ['/SensorModule63/']
08-29 00:10:20 com_github_MitjaNemec_ReplicateLayout.replicate_layout 835:Src fp.id: '48CE2A11-6FA1-4816-8BEE-2E82038543FF'
08-29 00:10:20 com_github_MitjaNemec_ReplicateLayout.replicate_layout 839:Dst fp.id: '48CE2A11-6FA1-4816-8BEE-2E82038543FF'
08-29 00:10:20 com_github_MitjaNemec_ReplicateLayout.replicate_layout 792:Net pairs for sheet ['/SensorModule63/'] :[('GND', 'GND'), ('/SensorModule/SigOut', '/SensorModule63/SigOut'), ('Net-(Q1-G)', 'Net-(Q127-C)'), ('/SensorModule/ControlSig', '/SensorModule63/ControlSig'), ('+5V', '+5V')]
08-29 00:10:20 com_github_MitjaNemec_ReplicateLayout.replicate_layout 1091:Replicating zones on sheet ['/SensorModule7/']
08-29 00:10:20 com_github_MitjaNemec_ReplicateLayout.replicate_layout 835:Src fp.id: '48CE2A11-6FA1-4816-8BEE-2E82038543FF'
08-29 00:10:20 com_github_MitjaNemec_ReplicateLayout.replicate_layout 839:Dst fp.id: '48CE2A11-6FA1-4816-8BEE-2E82038543FF'
08-29 00:10:20 com_github_MitjaNemec_ReplicateLayout.replicate_layout 792:Net pairs for sheet ['/SensorModule7/'] :[('/SensorModule/ControlSig', '/SensorModule7/ControlSig'), ('/SensorModule/SigOut', '/SensorModule7/SigOut'), ('GND', 'GND'), ('Net-(Q1-G)', 'Net-(Q15-C)'), ('+5V', '+5V')]
08-29 00:10:20 com_github_MitjaNemec_ReplicateLayout.replicate_layout 1091:Replicating zones on sheet ['/SensorModule8/']
08-29 00:10:20 com_github_MitjaNemec_ReplicateLayout.replicate_layout 835:Src fp.id: '48CE2A11-6FA1-4816-8BEE-2E82038543FF'
08-29 00:10:20 com_github_MitjaNemec_ReplicateLayout.replicate_layout 839:Dst fp.id: '48CE2A11-6FA1-4816-8BEE-2E82038543FF'
08-29 00:10:20 com_github_MitjaNemec_ReplicateLayout.replicate_layout 792:Net pairs for sheet ['/SensorModule8/'] :[('/SensorModule/ControlSig', '/SensorModule8/ControlSig'), ('GND', 'GND'), ('/SensorModule/SigOut', '/SensorModule8/SigOut'), ('Net-(Q1-G)', 'Net-(Q17-C)'), ('+5V', '+5V')]
08-29 00:10:20 com_github_MitjaNemec_ReplicateLayout.replicate_layout 1091:Replicating zones on sheet ['/SensorModule9/']
08-29 00:10:20 com_github_MitjaNemec_ReplicateLayout.replicate_layout 835:Src fp.id: '48CE2A11-6FA1-4816-8BEE-2E82038543FF'
08-29 00:10:20 com_github_MitjaNemec_ReplicateLayout.replicate_layout 839:Dst fp.id: '48CE2A11-6FA1-4816-8BEE-2E82038543FF'
08-29 00:10:20 com_github_MitjaNemec_ReplicateLayout.replicate_layout 792:Net pairs for sheet ['/SensorModule9/'] :[('GND', 'GND'), ('/SensorModule/ControlSig', '/SensorModule9/ControlSig'), ('Net-(Q1-G)', 'Net-(Q19-C)'), ('/SensorModule/SigOut', '/SensorModule9/SigOut'), ('+5V', '+5V')]
08-29 00:10:20 root 340:updating GUI message: 'Replicating text'
08-29 00:10:20 com_github_MitjaNemec_ReplicateLayout.replicate_layout 1173:Replicating text
08-29 00:10:20 com_github_MitjaNemec_ReplicateLayout.replicate_layout 1180:Replicating text on sheet ['/SensorModule1/']
08-29 00:10:20 com_github_MitjaNemec_ReplicateLayout.replicate_layout 835:Src fp.id: '48CE2A11-6FA1-4816-8BEE-2E82038543FF'
08-29 00:10:20 com_github_MitjaNemec_ReplicateLayout.replicate_layout 839:Dst fp.id: '48CE2A11-6FA1-4816-8BEE-2E82038543FF'
08-29 00:10:20 com_github_MitjaNemec_ReplicateLayout.replicate_layout 1180:Replicating text on sheet ['/SensorModule10/']
08-29 00:10:20 com_github_MitjaNemec_ReplicateLayout.replicate_layout 835:Src fp.id: '48CE2A11-6FA1-4816-8BEE-2E82038543FF'
08-29 00:10:20 com_github_MitjaNemec_ReplicateLayout.replicate_layout 839:Dst fp.id: '48CE2A11-6FA1-4816-8BEE-2E82038543FF'
08-29 00:10:20 com_github_MitjaNemec_ReplicateLayout.replicate_layout 1180:Replicating text on sheet ['/SensorModule11/']
08-29 00:10:20 com_github_MitjaNemec_ReplicateLayout.replicate_layout 835:Src fp.id: '48CE2A11-6FA1-4816-8BEE-2E82038543FF'
08-29 00:10:20 com_github_MitjaNemec_ReplicateLayout.replicate_layout 839:Dst fp.id: '48CE2A11-6FA1-4816-8BEE-2E82038543FF'
08-29 00:10:20 com_github_MitjaNemec_ReplicateLayout.replicate_layout 1180:Replicating text on sheet ['/SensorModule12/']
08-29 00:10:20 com_github_MitjaNemec_ReplicateLayout.replicate_layout 835:Src fp.id: '48CE2A11-6FA1-4816-8BEE-2E82038543FF'
08-29 00:10:20 com_github_MitjaNemec_ReplicateLayout.replicate_layout 839:Dst fp.id: '48CE2A11-6FA1-4816-8BEE-2E82038543FF'
08-29 00:10:20 com_github_MitjaNemec_ReplicateLayout.replicate_layout 1180:Replicating text on sheet ['/SensorModule13/']
08-29 00:10:20 com_github_MitjaNemec_ReplicateLayout.replicate_layout 835:Src fp.id: '48CE2A11-6FA1-4816-8BEE-2E82038543FF'
08-29 00:10:20 com_github_MitjaNemec_ReplicateLayout.replicate_layout 839:Dst fp.id: '48CE2A11-6FA1-4816-8BEE-2E82038543FF'
08-29 00:10:20 com_github_MitjaNemec_ReplicateLayout.replicate_layout 1180:Replicating text on sheet ['/SensorModule14/']
08-29 00:10:20 com_github_MitjaNemec_ReplicateLayout.replicate_layout 835:Src fp.id: '48CE2A11-6FA1-4816-8BEE-2E82038543FF'
08-29 00:10:20 com_github_MitjaNemec_ReplicateLayout.replicate_layout 839:Dst fp.id: '48CE2A11-6FA1-4816-8BEE-2E82038543FF'
08-29 00:10:20 com_github_MitjaNemec_ReplicateLayout.replicate_layout 1180:Replicating text on sheet ['/SensorModule15/']
08-29 00:10:20 com_github_MitjaNemec_ReplicateLayout.replicate_layout 835:Src fp.id: '48CE2A11-6FA1-4816-8BEE-2E82038543FF'
08-29 00:10:20 com_github_MitjaNemec_ReplicateLayout.replicate_layout 839:Dst fp.id: '48CE2A11-6FA1-4816-8BEE-2E82038543FF'
08-29 00:10:20 com_github_MitjaNemec_ReplicateLayout.replicate_layout 1180:Replicating text on sheet ['/SensorModule16/']
08-29 00:10:20 com_github_MitjaNemec_ReplicateLayout.replicate_layout 835:Src fp.id: '48CE2A11-6FA1-4816-8BEE-2E82038543FF'
08-29 00:10:20 com_github_MitjaNemec_ReplicateLayout.replicate_layout 839:Dst fp.id: '48CE2A11-6FA1-4816-8BEE-2E82038543FF'
08-29 00:10:20 com_github_MitjaNemec_ReplicateLayout.replicate_layout 1180:Replicating text on sheet ['/SensorModule17/']
08-29 00:10:20 com_github_MitjaNemec_ReplicateLayout.replicate_layout 835:Src fp.id: '48CE2A11-6FA1-4816-8BEE-2E82038543FF'
08-29 00:10:20 com_github_MitjaNemec_ReplicateLayout.replicate_layout 839:Dst fp.id: '48CE2A11-6FA1-4816-8BEE-2E82038543FF'
08-29 00:10:20 com_github_MitjaNemec_ReplicateLayout.replicate_layout 1180:Replicating text on sheet ['/SensorModule18/']
08-29 00:10:20 com_github_MitjaNemec_ReplicateLayout.replicate_layout 835:Src fp.id: '48CE2A11-6FA1-4816-8BEE-2E82038543FF'
08-29 00:10:20 com_github_MitjaNemec_ReplicateLayout.replicate_layout 839:Dst fp.id: '48CE2A11-6FA1-4816-8BEE-2E82038543FF'
08-29 00:10:20 com_github_MitjaNemec_ReplicateLayout.replicate_layout 1180:Replicating text on sheet ['/SensorModule19/']
08-29 00:10:20 com_github_MitjaNemec_ReplicateLayout.replicate_layout 835:Src fp.id: '48CE2A11-6FA1-4816-8BEE-2E82038543FF'
08-29 00:10:20 com_github_MitjaNemec_ReplicateLayout.replicate_layout 839:Dst fp.id: '48CE2A11-6FA1-4816-8BEE-2E82038543FF'
08-29 00:10:20 com_github_MitjaNemec_ReplicateLayout.replicate_layout 1180:Replicating text on sheet ['/SensorModule2/']
08-29 00:10:20 com_github_MitjaNemec_ReplicateLayout.replicate_layout 835:Src fp.id: '48CE2A11-6FA1-4816-8BEE-2E82038543FF'
08-29 00:10:20 com_github_MitjaNemec_ReplicateLayout.replicate_layout 839:Dst fp.id: '48CE2A11-6FA1-4816-8BEE-2E82038543FF'
08-29 00:10:20 root 345:updating GUI with: 19
08-29 00:10:20 com_github_MitjaNemec_ReplicateLayout.replicate_layout 1180:Replicating text on sheet ['/SensorModule20/']
08-29 00:10:20 com_github_MitjaNemec_ReplicateLayout.replicate_layout 835:Src fp.id: '48CE2A11-6FA1-4816-8BEE-2E82038543FF'
08-29 00:10:20 com_github_MitjaNemec_ReplicateLayout.replicate_layout 839:Dst fp.id: '48CE2A11-6FA1-4816-8BEE-2E82038543FF'
08-29 00:10:20 com_github_MitjaNemec_ReplicateLayout.replicate_layout 1180:Replicating text on sheet ['/SensorModule21/']
08-29 00:10:20 com_github_MitjaNemec_ReplicateLayout.replicate_layout 835:Src fp.id: '48CE2A11-6FA1-4816-8BEE-2E82038543FF'
08-29 00:10:20 com_github_MitjaNemec_ReplicateLayout.replicate_layout 839:Dst fp.id: '48CE2A11-6FA1-4816-8BEE-2E82038543FF'
08-29 00:10:20 com_github_MitjaNemec_ReplicateLayout.replicate_layout 1180:Replicating text on sheet ['/SensorModule22/']
08-29 00:10:20 com_github_MitjaNemec_ReplicateLayout.replicate_layout 835:Src fp.id: '48CE2A11-6FA1-4816-8BEE-2E82038543FF'
08-29 00:10:20 com_github_MitjaNemec_ReplicateLayout.replicate_layout 839:Dst fp.id: '48CE2A11-6FA1-4816-8BEE-2E82038543FF'
08-29 00:10:20 com_github_MitjaNemec_ReplicateLayout.replicate_layout 1180:Replicating text on sheet ['/SensorModule23/']
08-29 00:10:20 com_github_MitjaNemec_ReplicateLayout.replicate_layout 835:Src fp.id: '48CE2A11-6FA1-4816-8BEE-2E82038543FF'
08-29 00:10:20 com_github_MitjaNemec_ReplicateLayout.replicate_layout 839:Dst fp.id: '48CE2A11-6FA1-4816-8BEE-2E82038543FF'
08-29 00:10:20 com_github_MitjaNemec_ReplicateLayout.replicate_layout 1180:Replicating text on sheet ['/SensorModule24/']
08-29 00:10:20 com_github_MitjaNemec_ReplicateLayout.replicate_layout 835:Src fp.id: '48CE2A11-6FA1-4816-8BEE-2E82038543FF'
08-29 00:10:20 com_github_MitjaNemec_ReplicateLayout.replicate_layout 839:Dst fp.id: '48CE2A11-6FA1-4816-8BEE-2E82038543FF'
08-29 00:10:20 com_github_MitjaNemec_ReplicateLayout.replicate_layout 1180:Replicating text on sheet ['/SensorModule25/']
08-29 00:10:20 com_github_MitjaNemec_ReplicateLayout.replicate_layout 835:Src fp.id: '48CE2A11-6FA1-4816-8BEE-2E82038543FF'
08-29 00:10:20 com_github_MitjaNemec_ReplicateLayout.replicate_layout 839:Dst fp.id: '48CE2A11-6FA1-4816-8BEE-2E82038543FF'
08-29 00:10:20 com_github_MitjaNemec_ReplicateLayout.replicate_layout 1180:Replicating text on sheet ['/SensorModule26/']
08-29 00:10:20 com_github_MitjaNemec_ReplicateLayout.replicate_layout 835:Src fp.id: '48CE2A11-6FA1-4816-8BEE-2E82038543FF'
08-29 00:10:20 com_github_MitjaNemec_ReplicateLayout.replicate_layout 839:Dst fp.id: '48CE2A11-6FA1-4816-8BEE-2E82038543FF'
08-29 00:10:20 com_github_MitjaNemec_ReplicateLayout.replicate_layout 1180:Replicating text on sheet ['/SensorModule27/']
08-29 00:10:20 com_github_MitjaNemec_ReplicateLayout.replicate_layout 835:Src fp.id: '48CE2A11-6FA1-4816-8BEE-2E82038543FF'
08-29 00:10:20 com_github_MitjaNemec_ReplicateLayout.replicate_layout 839:Dst fp.id: '48CE2A11-6FA1-4816-8BEE-2E82038543FF'
08-29 00:10:20 com_github_MitjaNemec_ReplicateLayout.replicate_layout 1180:Replicating text on sheet ['/SensorModule28/']
08-29 00:10:20 com_github_MitjaNemec_ReplicateLayout.replicate_layout 835:Src fp.id: '48CE2A11-6FA1-4816-8BEE-2E82038543FF'
08-29 00:10:20 com_github_MitjaNemec_ReplicateLayout.replicate_layout 839:Dst fp.id: '48CE2A11-6FA1-4816-8BEE-2E82038543FF'
08-29 00:10:20 com_github_MitjaNemec_ReplicateLayout.replicate_layout 1180:Replicating text on sheet ['/SensorModule29/']
08-29 00:10:20 com_github_MitjaNemec_ReplicateLayout.replicate_layout 835:Src fp.id: '48CE2A11-6FA1-4816-8BEE-2E82038543FF'
08-29 00:10:20 com_github_MitjaNemec_ReplicateLayout.replicate_layout 839:Dst fp.id: '48CE2A11-6FA1-4816-8BEE-2E82038543FF'
08-29 00:10:20 com_github_MitjaNemec_ReplicateLayout.replicate_layout 1180:Replicating text on sheet ['/SensorModule3/']
08-29 00:10:20 com_github_MitjaNemec_ReplicateLayout.replicate_layout 835:Src fp.id: '48CE2A11-6FA1-4816-8BEE-2E82038543FF'
08-29 00:10:20 com_github_MitjaNemec_ReplicateLayout.replicate_layout 839:Dst fp.id: '48CE2A11-6FA1-4816-8BEE-2E82038543FF'
08-29 00:10:20 com_github_MitjaNemec_ReplicateLayout.replicate_layout 1180:Replicating text on sheet ['/SensorModule30/']
08-29 00:10:20 com_github_MitjaNemec_ReplicateLayout.replicate_layout 835:Src fp.id: '48CE2A11-6FA1-4816-8BEE-2E82038543FF'
08-29 00:10:20 com_github_MitjaNemec_ReplicateLayout.replicate_layout 839:Dst fp.id: '48CE2A11-6FA1-4816-8BEE-2E82038543FF'
08-29 00:10:20 com_github_MitjaNemec_ReplicateLayout.replicate_layout 1180:Replicating text on sheet ['/SensorModule31/']
08-29 00:10:20 com_github_MitjaNemec_ReplicateLayout.replicate_layout 835:Src fp.id: '48CE2A11-6FA1-4816-8BEE-2E82038543FF'
08-29 00:10:20 com_github_MitjaNemec_ReplicateLayout.replicate_layout 839:Dst fp.id: '48CE2A11-6FA1-4816-8BEE-2E82038543FF'
08-29 00:10:20 com_github_MitjaNemec_ReplicateLayout.replicate_layout 1180:Replicating text on sheet ['/SensorModule32/']
08-29 00:10:20 com_github_MitjaNemec_ReplicateLayout.replicate_layout 835:Src fp.id: '48CE2A11-6FA1-4816-8BEE-2E82038543FF'
08-29 00:10:20 com_github_MitjaNemec_ReplicateLayout.replicate_layout 839:Dst fp.id: '48CE2A11-6FA1-4816-8BEE-2E82038543FF'
08-29 00:10:20 com_github_MitjaNemec_ReplicateLayout.replicate_layout 1180:Replicating text on sheet ['/SensorModule33/']
08-29 00:10:20 com_github_MitjaNemec_ReplicateLayout.replicate_layout 835:Src fp.id: '48CE2A11-6FA1-4816-8BEE-2E82038543FF'
08-29 00:10:20 com_github_MitjaNemec_ReplicateLayout.replicate_layout 839:Dst fp.id: '48CE2A11-6FA1-4816-8BEE-2E82038543FF'
08-29 00:10:20 com_github_MitjaNemec_ReplicateLayout.replicate_layout 1180:Replicating text on sheet ['/SensorModule34/']
08-29 00:10:20 com_github_MitjaNemec_ReplicateLayout.replicate_layout 835:Src fp.id: '48CE2A11-6FA1-4816-8BEE-2E82038543FF'
08-29 00:10:20 com_github_MitjaNemec_ReplicateLayout.replicate_layout 839:Dst fp.id: '48CE2A11-6FA1-4816-8BEE-2E82038543FF'
08-29 00:10:20 com_github_MitjaNemec_ReplicateLayout.replicate_layout 1180:Replicating text on sheet ['/SensorModule35/']
08-29 00:10:20 com_github_MitjaNemec_ReplicateLayout.replicate_layout 835:Src fp.id: '48CE2A11-6FA1-4816-8BEE-2E82038543FF'
08-29 00:10:20 com_github_MitjaNemec_ReplicateLayout.replicate_layout 839:Dst fp.id: '48CE2A11-6FA1-4816-8BEE-2E82038543FF'
08-29 00:10:20 com_github_MitjaNemec_ReplicateLayout.replicate_layout 1180:Replicating text on sheet ['/SensorModule36/']
08-29 00:10:20 com_github_MitjaNemec_ReplicateLayout.replicate_layout 835:Src fp.id: '48CE2A11-6FA1-4816-8BEE-2E82038543FF'
08-29 00:10:20 com_github_MitjaNemec_ReplicateLayout.replicate_layout 839:Dst fp.id: '48CE2A11-6FA1-4816-8BEE-2E82038543FF'
08-29 00:10:20 com_github_MitjaNemec_ReplicateLayout.replicate_layout 1180:Replicating text on sheet ['/SensorModule37/']
08-29 00:10:20 com_github_MitjaNemec_ReplicateLayout.replicate_layout 835:Src fp.id: '48CE2A11-6FA1-4816-8BEE-2E82038543FF'
08-29 00:10:20 com_github_MitjaNemec_ReplicateLayout.replicate_layout 839:Dst fp.id: '48CE2A11-6FA1-4816-8BEE-2E82038543FF'
08-29 00:10:20 com_github_MitjaNemec_ReplicateLayout.replicate_layout 1180:Replicating text on sheet ['/SensorModule38/']
08-29 00:10:20 com_github_MitjaNemec_ReplicateLayout.replicate_layout 835:Src fp.id: '48CE2A11-6FA1-4816-8BEE-2E82038543FF'
08-29 00:10:20 com_github_MitjaNemec_ReplicateLayout.replicate_layout 839:Dst fp.id: '48CE2A11-6FA1-4816-8BEE-2E82038543FF'
08-29 00:10:20 com_github_MitjaNemec_ReplicateLayout.replicate_layout 1180:Replicating text on sheet ['/SensorModule39/']
08-29 00:10:20 com_github_MitjaNemec_ReplicateLayout.replicate_layout 835:Src fp.id: '48CE2A11-6FA1-4816-8BEE-2E82038543FF'
08-29 00:10:20 com_github_MitjaNemec_ReplicateLayout.replicate_layout 839:Dst fp.id: '48CE2A11-6FA1-4816-8BEE-2E82038543FF'
08-29 00:10:20 com_github_MitjaNemec_ReplicateLayout.replicate_layout 1180:Replicating text on sheet ['/SensorModule4/']
08-29 00:10:20 com_github_MitjaNemec_ReplicateLayout.replicate_layout 835:Src fp.id: '48CE2A11-6FA1-4816-8BEE-2E82038543FF'
08-29 00:10:20 com_github_MitjaNemec_ReplicateLayout.replicate_layout 839:Dst fp.id: '48CE2A11-6FA1-4816-8BEE-2E82038543FF'
08-29 00:10:20 com_github_MitjaNemec_ReplicateLayout.replicate_layout 1180:Replicating text on sheet ['/SensorModule40/']
08-29 00:10:20 com_github_MitjaNemec_ReplicateLayout.replicate_layout 835:Src fp.id: '48CE2A11-6FA1-4816-8BEE-2E82038543FF'
08-29 00:10:20 com_github_MitjaNemec_ReplicateLayout.replicate_layout 839:Dst fp.id: '48CE2A11-6FA1-4816-8BEE-2E82038543FF'
08-29 00:10:20 com_github_MitjaNemec_ReplicateLayout.replicate_layout 1180:Replicating text on sheet ['/SensorModule41/']
08-29 00:10:20 com_github_MitjaNemec_ReplicateLayout.replicate_layout 835:Src fp.id: '48CE2A11-6FA1-4816-8BEE-2E82038543FF'
08-29 00:10:20 com_github_MitjaNemec_ReplicateLayout.replicate_layout 839:Dst fp.id: '48CE2A11-6FA1-4816-8BEE-2E82038543FF'
08-29 00:10:20 com_github_MitjaNemec_ReplicateLayout.replicate_layout 1180:Replicating text on sheet ['/SensorModule42/']
08-29 00:10:20 com_github_MitjaNemec_ReplicateLayout.replicate_layout 835:Src fp.id: '48CE2A11-6FA1-4816-8BEE-2E82038543FF'
08-29 00:10:20 com_github_MitjaNemec_ReplicateLayout.replicate_layout 839:Dst fp.id: '48CE2A11-6FA1-4816-8BEE-2E82038543FF'
08-29 00:10:20 com_github_MitjaNemec_ReplicateLayout.replicate_layout 1180:Replicating text on sheet ['/SensorModule43/']
08-29 00:10:20 com_github_MitjaNemec_ReplicateLayout.replicate_layout 835:Src fp.id: '48CE2A11-6FA1-4816-8BEE-2E82038543FF'
08-29 00:10:20 com_github_MitjaNemec_ReplicateLayout.replicate_layout 839:Dst fp.id: '48CE2A11-6FA1-4816-8BEE-2E82038543FF'
08-29 00:10:20 com_github_MitjaNemec_ReplicateLayout.replicate_layout 1180:Replicating text on sheet ['/SensorModule44/']
08-29 00:10:20 com_github_MitjaNemec_ReplicateLayout.replicate_layout 835:Src fp.id: '48CE2A11-6FA1-4816-8BEE-2E82038543FF'
08-29 00:10:20 com_github_MitjaNemec_ReplicateLayout.replicate_layout 839:Dst fp.id: '48CE2A11-6FA1-4816-8BEE-2E82038543FF'
08-29 00:10:20 com_github_MitjaNemec_ReplicateLayout.replicate_layout 1180:Replicating text on sheet ['/SensorModule45/']
08-29 00:10:20 com_github_MitjaNemec_ReplicateLayout.replicate_layout 835:Src fp.id: '48CE2A11-6FA1-4816-8BEE-2E82038543FF'
08-29 00:10:20 com_github_MitjaNemec_ReplicateLayout.replicate_layout 839:Dst fp.id: '48CE2A11-6FA1-4816-8BEE-2E82038543FF'
08-29 00:10:20 com_github_MitjaNemec_ReplicateLayout.replicate_layout 1180:Replicating text on sheet ['/SensorModule46/']
08-29 00:10:20 com_github_MitjaNemec_ReplicateLayout.replicate_layout 835:Src fp.id: '48CE2A11-6FA1-4816-8BEE-2E82038543FF'
08-29 00:10:20 com_github_MitjaNemec_ReplicateLayout.replicate_layout 839:Dst fp.id: '48CE2A11-6FA1-4816-8BEE-2E82038543FF'
08-29 00:10:20 com_github_MitjaNemec_ReplicateLayout.replicate_layout 1180:Replicating text on sheet ['/SensorModule47/']
08-29 00:10:20 com_github_MitjaNemec_ReplicateLayout.replicate_layout 835:Src fp.id: '48CE2A11-6FA1-4816-8BEE-2E82038543FF'
08-29 00:10:20 com_github_MitjaNemec_ReplicateLayout.replicate_layout 839:Dst fp.id: '48CE2A11-6FA1-4816-8BEE-2E82038543FF'
08-29 00:10:20 com_github_MitjaNemec_ReplicateLayout.replicate_layout 1180:Replicating text on sheet ['/SensorModule48/']
08-29 00:10:20 com_github_MitjaNemec_ReplicateLayout.replicate_layout 835:Src fp.id: '48CE2A11-6FA1-4816-8BEE-2E82038543FF'
08-29 00:10:20 com_github_MitjaNemec_ReplicateLayout.replicate_layout 839:Dst fp.id: '48CE2A11-6FA1-4816-8BEE-2E82038543FF'
08-29 00:10:20 com_github_MitjaNemec_ReplicateLayout.replicate_layout 1180:Replicating text on sheet ['/SensorModule49/']
08-29 00:10:20 com_github_MitjaNemec_ReplicateLayout.replicate_layout 835:Src fp.id: '48CE2A11-6FA1-4816-8BEE-2E82038543FF'
08-29 00:10:20 com_github_MitjaNemec_ReplicateLayout.replicate_layout 839:Dst fp.id: '48CE2A11-6FA1-4816-8BEE-2E82038543FF'
08-29 00:10:20 com_github_MitjaNemec_ReplicateLayout.replicate_layout 1180:Replicating text on sheet ['/SensorModule5/']
08-29 00:10:20 com_github_MitjaNemec_ReplicateLayout.replicate_layout 835:Src fp.id: '48CE2A11-6FA1-4816-8BEE-2E82038543FF'
08-29 00:10:20 com_github_MitjaNemec_ReplicateLayout.replicate_layout 839:Dst fp.id: '48CE2A11-6FA1-4816-8BEE-2E82038543FF'
08-29 00:10:20 com_github_MitjaNemec_ReplicateLayout.replicate_layout 1180:Replicating text on sheet ['/SensorModule50/']
08-29 00:10:20 com_github_MitjaNemec_ReplicateLayout.replicate_layout 835:Src fp.id: '48CE2A11-6FA1-4816-8BEE-2E82038543FF'
08-29 00:10:20 com_github_MitjaNemec_ReplicateLayout.replicate_layout 839:Dst fp.id: '48CE2A11-6FA1-4816-8BEE-2E82038543FF'
08-29 00:10:20 com_github_MitjaNemec_ReplicateLayout.replicate_layout 1180:Replicating text on sheet ['/SensorModule51/']
08-29 00:10:20 com_github_MitjaNemec_ReplicateLayout.replicate_layout 835:Src fp.id: '48CE2A11-6FA1-4816-8BEE-2E82038543FF'
08-29 00:10:20 com_github_MitjaNemec_ReplicateLayout.replicate_layout 839:Dst fp.id: '48CE2A11-6FA1-4816-8BEE-2E82038543FF'
08-29 00:10:20 com_github_MitjaNemec_ReplicateLayout.replicate_layout 1180:Replicating text on sheet ['/SensorModule52/']
08-29 00:10:20 com_github_MitjaNemec_ReplicateLayout.replicate_layout 835:Src fp.id: '48CE2A11-6FA1-4816-8BEE-2E82038543FF'
08-29 00:10:20 com_github_MitjaNemec_ReplicateLayout.replicate_layout 839:Dst fp.id: '48CE2A11-6FA1-4816-8BEE-2E82038543FF'
08-29 00:10:20 com_github_MitjaNemec_ReplicateLayout.replicate_layout 1180:Replicating text on sheet ['/SensorModule53/']
08-29 00:10:20 com_github_MitjaNemec_ReplicateLayout.replicate_layout 835:Src fp.id: '48CE2A11-6FA1-4816-8BEE-2E82038543FF'
08-29 00:10:20 com_github_MitjaNemec_ReplicateLayout.replicate_layout 839:Dst fp.id: '48CE2A11-6FA1-4816-8BEE-2E82038543FF'
08-29 00:10:20 com_github_MitjaNemec_ReplicateLayout.replicate_layout 1180:Replicating text on sheet ['/SensorModule54/']
08-29 00:10:20 com_github_MitjaNemec_ReplicateLayout.replicate_layout 835:Src fp.id: '48CE2A11-6FA1-4816-8BEE-2E82038543FF'
08-29 00:10:20 com_github_MitjaNemec_ReplicateLayout.replicate_layout 839:Dst fp.id: '48CE2A11-6FA1-4816-8BEE-2E82038543FF'
08-29 00:10:20 com_github_MitjaNemec_ReplicateLayout.replicate_layout 1180:Replicating text on sheet ['/SensorModule55/']
08-29 00:10:20 com_github_MitjaNemec_ReplicateLayout.replicate_layout 835:Src fp.id: '48CE2A11-6FA1-4816-8BEE-2E82038543FF'
08-29 00:10:20 com_github_MitjaNemec_ReplicateLayout.replicate_layout 839:Dst fp.id: '48CE2A11-6FA1-4816-8BEE-2E82038543FF'
08-29 00:10:20 com_github_MitjaNemec_ReplicateLayout.replicate_layout 1180:Replicating text on sheet ['/SensorModule56/']
08-29 00:10:20 com_github_MitjaNemec_ReplicateLayout.replicate_layout 835:Src fp.id: '48CE2A11-6FA1-4816-8BEE-2E82038543FF'
08-29 00:10:20 com_github_MitjaNemec_ReplicateLayout.replicate_layout 839:Dst fp.id: '48CE2A11-6FA1-4816-8BEE-2E82038543FF'
08-29 00:10:20 com_github_MitjaNemec_ReplicateLayout.replicate_layout 1180:Replicating text on sheet ['/SensorModule57/']
08-29 00:10:20 com_github_MitjaNemec_ReplicateLayout.replicate_layout 835:Src fp.id: '48CE2A11-6FA1-4816-8BEE-2E82038543FF'
08-29 00:10:20 com_github_MitjaNemec_ReplicateLayout.replicate_layout 839:Dst fp.id: '48CE2A11-6FA1-4816-8BEE-2E82038543FF'
08-29 00:10:20 com_github_MitjaNemec_ReplicateLayout.replicate_layout 1180:Replicating text on sheet ['/SensorModule58/']
08-29 00:10:20 com_github_MitjaNemec_ReplicateLayout.replicate_layout 835:Src fp.id: '48CE2A11-6FA1-4816-8BEE-2E82038543FF'
08-29 00:10:20 com_github_MitjaNemec_ReplicateLayout.replicate_layout 839:Dst fp.id: '48CE2A11-6FA1-4816-8BEE-2E82038543FF'
08-29 00:10:20 com_github_MitjaNemec_ReplicateLayout.replicate_layout 1180:Replicating text on sheet ['/SensorModule59/']
08-29 00:10:20 com_github_MitjaNemec_ReplicateLayout.replicate_layout 835:Src fp.id: '48CE2A11-6FA1-4816-8BEE-2E82038543FF'
08-29 00:10:20 com_github_MitjaNemec_ReplicateLayout.replicate_layout 839:Dst fp.id: '48CE2A11-6FA1-4816-8BEE-2E82038543FF'
08-29 00:10:20 com_github_MitjaNemec_ReplicateLayout.replicate_layout 1180:Replicating text on sheet ['/SensorModule6/']
08-29 00:10:20 com_github_MitjaNemec_ReplicateLayout.replicate_layout 835:Src fp.id: '48CE2A11-6FA1-4816-8BEE-2E82038543FF'
08-29 00:10:20 com_github_MitjaNemec_ReplicateLayout.replicate_layout 839:Dst fp.id: '48CE2A11-6FA1-4816-8BEE-2E82038543FF'
08-29 00:10:20 com_github_MitjaNemec_ReplicateLayout.replicate_layout 1180:Replicating text on sheet ['/SensorModule60/']
08-29 00:10:20 com_github_MitjaNemec_ReplicateLayout.replicate_layout 835:Src fp.id: '48CE2A11-6FA1-4816-8BEE-2E82038543FF'
08-29 00:10:20 com_github_MitjaNemec_ReplicateLayout.replicate_layout 839:Dst fp.id: '48CE2A11-6FA1-4816-8BEE-2E82038543FF'
08-29 00:10:20 com_github_MitjaNemec_ReplicateLayout.replicate_layout 1180:Replicating text on sheet ['/SensorModule61/']
08-29 00:10:20 com_github_MitjaNemec_ReplicateLayout.replicate_layout 835:Src fp.id: '48CE2A11-6FA1-4816-8BEE-2E82038543FF'
08-29 00:10:20 com_github_MitjaNemec_ReplicateLayout.replicate_layout 839:Dst fp.id: '48CE2A11-6FA1-4816-8BEE-2E82038543FF'
08-29 00:10:20 com_github_MitjaNemec_ReplicateLayout.replicate_layout 1180:Replicating text on sheet ['/SensorModule62/']
08-29 00:10:20 com_github_MitjaNemec_ReplicateLayout.replicate_layout 835:Src fp.id: '48CE2A11-6FA1-4816-8BEE-2E82038543FF'
08-29 00:10:20 com_github_MitjaNemec_ReplicateLayout.replicate_layout 839:Dst fp.id: '48CE2A11-6FA1-4816-8BEE-2E82038543FF'
08-29 00:10:20 root 345:updating GUI with: 93
08-29 00:10:20 com_github_MitjaNemec_ReplicateLayout.replicate_layout 1180:Replicating text on sheet ['/SensorModule63/']
08-29 00:10:20 com_github_MitjaNemec_ReplicateLayout.replicate_layout 835:Src fp.id: '48CE2A11-6FA1-4816-8BEE-2E82038543FF'
08-29 00:10:20 com_github_MitjaNemec_ReplicateLayout.replicate_layout 839:Dst fp.id: '48CE2A11-6FA1-4816-8BEE-2E82038543FF'
08-29 00:10:20 com_github_MitjaNemec_ReplicateLayout.replicate_layout 1180:Replicating text on sheet ['/SensorModule7/']
08-29 00:10:20 com_github_MitjaNemec_ReplicateLayout.replicate_layout 835:Src fp.id: '48CE2A11-6FA1-4816-8BEE-2E82038543FF'
08-29 00:10:20 com_github_MitjaNemec_ReplicateLayout.replicate_layout 839:Dst fp.id: '48CE2A11-6FA1-4816-8BEE-2E82038543FF'
08-29 00:10:20 com_github_MitjaNemec_ReplicateLayout.replicate_layout 1180:Replicating text on sheet ['/SensorModule8/']
08-29 00:10:20 com_github_MitjaNemec_ReplicateLayout.replicate_layout 835:Src fp.id: '48CE2A11-6FA1-4816-8BEE-2E82038543FF'
08-29 00:10:20 com_github_MitjaNemec_ReplicateLayout.replicate_layout 839:Dst fp.id: '48CE2A11-6FA1-4816-8BEE-2E82038543FF'
08-29 00:10:20 com_github_MitjaNemec_ReplicateLayout.replicate_layout 1180:Replicating text on sheet ['/SensorModule9/']
08-29 00:10:20 com_github_MitjaNemec_ReplicateLayout.replicate_layout 835:Src fp.id: '48CE2A11-6FA1-4816-8BEE-2E82038543FF'
08-29 00:10:20 com_github_MitjaNemec_ReplicateLayout.replicate_layout 839:Dst fp.id: '48CE2A11-6FA1-4816-8BEE-2E82038543FF'
08-29 00:10:20 root 340:updating GUI message: 'Replicating drawings'
08-29 00:10:20 com_github_MitjaNemec_ReplicateLayout.replicate_layout 1224:Replicating drawings
08-29 00:10:20 com_github_MitjaNemec_ReplicateLayout.replicate_layout 1230:Replicating drawings on sheet ['/SensorModule1/']
08-29 00:10:20 com_github_MitjaNemec_ReplicateLayout.replicate_layout 835:Src fp.id: '48CE2A11-6FA1-4816-8BEE-2E82038543FF'
08-29 00:10:20 com_github_MitjaNemec_ReplicateLayout.replicate_layout 839:Dst fp.id: '48CE2A11-6FA1-4816-8BEE-2E82038543FF'
08-29 00:10:20 com_github_MitjaNemec_ReplicateLayout.replicate_layout 1230:Replicating drawings on sheet ['/SensorModule10/']
08-29 00:10:20 com_github_MitjaNemec_ReplicateLayout.replicate_layout 835:Src fp.id: '48CE2A11-6FA1-4816-8BEE-2E82038543FF'
08-29 00:10:20 com_github_MitjaNemec_ReplicateLayout.replicate_layout 839:Dst fp.id: '48CE2A11-6FA1-4816-8BEE-2E82038543FF'
08-29 00:10:20 com_github_MitjaNemec_ReplicateLayout.replicate_layout 1230:Replicating drawings on sheet ['/SensorModule11/']
08-29 00:10:20 com_github_MitjaNemec_ReplicateLayout.replicate_layout 835:Src fp.id: '48CE2A11-6FA1-4816-8BEE-2E82038543FF'
08-29 00:10:20 com_github_MitjaNemec_ReplicateLayout.replicate_layout 839:Dst fp.id: '48CE2A11-6FA1-4816-8BEE-2E82038543FF'
08-29 00:10:20 com_github_MitjaNemec_ReplicateLayout.replicate_layout 1230:Replicating drawings on sheet ['/SensorModule12/']
08-29 00:10:20 com_github_MitjaNemec_ReplicateLayout.replicate_layout 835:Src fp.id: '48CE2A11-6FA1-4816-8BEE-2E82038543FF'
08-29 00:10:20 com_github_MitjaNemec_ReplicateLayout.replicate_layout 839:Dst fp.id: '48CE2A11-6FA1-4816-8BEE-2E82038543FF'
08-29 00:10:20 com_github_MitjaNemec_ReplicateLayout.replicate_layout 1230:Replicating drawings on sheet ['/SensorModule13/']
08-29 00:10:20 com_github_MitjaNemec_ReplicateLayout.replicate_layout 835:Src fp.id: '48CE2A11-6FA1-4816-8BEE-2E82038543FF'
08-29 00:10:20 com_github_MitjaNemec_ReplicateLayout.replicate_layout 839:Dst fp.id: '48CE2A11-6FA1-4816-8BEE-2E82038543FF'
08-29 00:10:20 com_github_MitjaNemec_ReplicateLayout.replicate_layout 1230:Replicating drawings on sheet ['/SensorModule14/']
08-29 00:10:20 com_github_MitjaNemec_ReplicateLayout.replicate_layout 835:Src fp.id: '48CE2A11-6FA1-4816-8BEE-2E82038543FF'
08-29 00:10:20 com_github_MitjaNemec_ReplicateLayout.replicate_layout 839:Dst fp.id: '48CE2A11-6FA1-4816-8BEE-2E82038543FF'
08-29 00:10:20 com_github_MitjaNemec_ReplicateLayout.replicate_layout 1230:Replicating drawings on sheet ['/SensorModule15/']
08-29 00:10:20 com_github_MitjaNemec_ReplicateLayout.replicate_layout 835:Src fp.id: '48CE2A11-6FA1-4816-8BEE-2E82038543FF'
08-29 00:10:20 com_github_MitjaNemec_ReplicateLayout.replicate_layout 839:Dst fp.id: '48CE2A11-6FA1-4816-8BEE-2E82038543FF'
08-29 00:10:20 com_github_MitjaNemec_ReplicateLayout.replicate_layout 1230:Replicating drawings on sheet ['/SensorModule16/']
08-29 00:10:20 com_github_MitjaNemec_ReplicateLayout.replicate_layout 835:Src fp.id: '48CE2A11-6FA1-4816-8BEE-2E82038543FF'
08-29 00:10:20 com_github_MitjaNemec_ReplicateLayout.replicate_layout 839:Dst fp.id: '48CE2A11-6FA1-4816-8BEE-2E82038543FF'
08-29 00:10:20 com_github_MitjaNemec_ReplicateLayout.replicate_layout 1230:Replicating drawings on sheet ['/SensorModule17/']
08-29 00:10:20 com_github_MitjaNemec_ReplicateLayout.replicate_layout 835:Src fp.id: '48CE2A11-6FA1-4816-8BEE-2E82038543FF'
08-29 00:10:20 com_github_MitjaNemec_ReplicateLayout.replicate_layout 839:Dst fp.id: '48CE2A11-6FA1-4816-8BEE-2E82038543FF'
08-29 00:10:20 com_github_MitjaNemec_ReplicateLayout.replicate_layout 1230:Replicating drawings on sheet ['/SensorModule18/']
08-29 00:10:20 com_github_MitjaNemec_ReplicateLayout.replicate_layout 835:Src fp.id: '48CE2A11-6FA1-4816-8BEE-2E82038543FF'
08-29 00:10:20 com_github_MitjaNemec_ReplicateLayout.replicate_layout 839:Dst fp.id: '48CE2A11-6FA1-4816-8BEE-2E82038543FF'
08-29 00:10:20 com_github_MitjaNemec_ReplicateLayout.replicate_layout 1230:Replicating drawings on sheet ['/SensorModule19/']
08-29 00:10:20 com_github_MitjaNemec_ReplicateLayout.replicate_layout 835:Src fp.id: '48CE2A11-6FA1-4816-8BEE-2E82038543FF'
08-29 00:10:20 com_github_MitjaNemec_ReplicateLayout.replicate_layout 839:Dst fp.id: '48CE2A11-6FA1-4816-8BEE-2E82038543FF'
08-29 00:10:20 com_github_MitjaNemec_ReplicateLayout.replicate_layout 1230:Replicating drawings on sheet ['/SensorModule2/']
08-29 00:10:20 com_github_MitjaNemec_ReplicateLayout.replicate_layout 835:Src fp.id: '48CE2A11-6FA1-4816-8BEE-2E82038543FF'
08-29 00:10:20 com_github_MitjaNemec_ReplicateLayout.replicate_layout 839:Dst fp.id: '48CE2A11-6FA1-4816-8BEE-2E82038543FF'
08-29 00:10:20 com_github_MitjaNemec_ReplicateLayout.replicate_layout 1230:Replicating drawings on sheet ['/SensorModule20/']
08-29 00:10:20 com_github_MitjaNemec_ReplicateLayout.replicate_layout 835:Src fp.id: '48CE2A11-6FA1-4816-8BEE-2E82038543FF'
08-29 00:10:20 com_github_MitjaNemec_ReplicateLayout.replicate_layout 839:Dst fp.id: '48CE2A11-6FA1-4816-8BEE-2E82038543FF'
08-29 00:10:20 com_github_MitjaNemec_ReplicateLayout.replicate_layout 1230:Replicating drawings on sheet ['/SensorModule21/']
08-29 00:10:20 com_github_MitjaNemec_ReplicateLayout.replicate_layout 835:Src fp.id: '48CE2A11-6FA1-4816-8BEE-2E82038543FF'
08-29 00:10:20 com_github_MitjaNemec_ReplicateLayout.replicate_layout 839:Dst fp.id: '48CE2A11-6FA1-4816-8BEE-2E82038543FF'
08-29 00:10:20 com_github_MitjaNemec_ReplicateLayout.replicate_layout 1230:Replicating drawings on sheet ['/SensorModule22/']
08-29 00:10:20 com_github_MitjaNemec_ReplicateLayout.replicate_layout 835:Src fp.id: '48CE2A11-6FA1-4816-8BEE-2E82038543FF'
08-29 00:10:20 com_github_MitjaNemec_ReplicateLayout.replicate_layout 839:Dst fp.id: '48CE2A11-6FA1-4816-8BEE-2E82038543FF'
08-29 00:10:20 com_github_MitjaNemec_ReplicateLayout.replicate_layout 1230:Replicating drawings on sheet ['/SensorModule23/']
08-29 00:10:20 com_github_MitjaNemec_ReplicateLayout.replicate_layout 835:Src fp.id: '48CE2A11-6FA1-4816-8BEE-2E82038543FF'
08-29 00:10:20 com_github_MitjaNemec_ReplicateLayout.replicate_layout 839:Dst fp.id: '48CE2A11-6FA1-4816-8BEE-2E82038543FF'
08-29 00:10:20 com_github_MitjaNemec_ReplicateLayout.replicate_layout 1230:Replicating drawings on sheet ['/SensorModule24/']
08-29 00:10:20 com_github_MitjaNemec_ReplicateLayout.replicate_layout 835:Src fp.id: '48CE2A11-6FA1-4816-8BEE-2E82038543FF'
08-29 00:10:20 com_github_MitjaNemec_ReplicateLayout.replicate_layout 839:Dst fp.id: '48CE2A11-6FA1-4816-8BEE-2E82038543FF'
08-29 00:10:20 com_github_MitjaNemec_ReplicateLayout.replicate_layout 1230:Replicating drawings on sheet ['/SensorModule25/']
08-29 00:10:20 com_github_MitjaNemec_ReplicateLayout.replicate_layout 835:Src fp.id: '48CE2A11-6FA1-4816-8BEE-2E82038543FF'
08-29 00:10:20 com_github_MitjaNemec_ReplicateLayout.replicate_layout 839:Dst fp.id: '48CE2A11-6FA1-4816-8BEE-2E82038543FF'
08-29 00:10:20 com_github_MitjaNemec_ReplicateLayout.replicate_layout 1230:Replicating drawings on sheet ['/SensorModule26/']
08-29 00:10:20 com_github_MitjaNemec_ReplicateLayout.replicate_layout 835:Src fp.id: '48CE2A11-6FA1-4816-8BEE-2E82038543FF'
08-29 00:10:20 com_github_MitjaNemec_ReplicateLayout.replicate_layout 839:Dst fp.id: '48CE2A11-6FA1-4816-8BEE-2E82038543FF'
08-29 00:10:20 com_github_MitjaNemec_ReplicateLayout.replicate_layout 1230:Replicating drawings on sheet ['/SensorModule27/']
08-29 00:10:20 com_github_MitjaNemec_ReplicateLayout.replicate_layout 835:Src fp.id: '48CE2A11-6FA1-4816-8BEE-2E82038543FF'
08-29 00:10:20 com_github_MitjaNemec_ReplicateLayout.replicate_layout 839:Dst fp.id: '48CE2A11-6FA1-4816-8BEE-2E82038543FF'
08-29 00:10:20 com_github_MitjaNemec_ReplicateLayout.replicate_layout 1230:Replicating drawings on sheet ['/SensorModule28/']
08-29 00:10:20 com_github_MitjaNemec_ReplicateLayout.replicate_layout 835:Src fp.id: '48CE2A11-6FA1-4816-8BEE-2E82038543FF'
08-29 00:10:20 com_github_MitjaNemec_ReplicateLayout.replicate_layout 839:Dst fp.id: '48CE2A11-6FA1-4816-8BEE-2E82038543FF'
08-29 00:10:20 com_github_MitjaNemec_ReplicateLayout.replicate_layout 1230:Replicating drawings on sheet ['/SensorModule29/']
08-29 00:10:20 com_github_MitjaNemec_ReplicateLayout.replicate_layout 835:Src fp.id: '48CE2A11-6FA1-4816-8BEE-2E82038543FF'
08-29 00:10:20 com_github_MitjaNemec_ReplicateLayout.replicate_layout 839:Dst fp.id: '48CE2A11-6FA1-4816-8BEE-2E82038543FF'
08-29 00:10:20 com_github_MitjaNemec_ReplicateLayout.replicate_layout 1230:Replicating drawings on sheet ['/SensorModule3/']
08-29 00:10:20 com_github_MitjaNemec_ReplicateLayout.replicate_layout 835:Src fp.id: '48CE2A11-6FA1-4816-8BEE-2E82038543FF'
08-29 00:10:20 com_github_MitjaNemec_ReplicateLayout.replicate_layout 839:Dst fp.id: '48CE2A11-6FA1-4816-8BEE-2E82038543FF'
08-29 00:10:20 com_github_MitjaNemec_ReplicateLayout.replicate_layout 1230:Replicating drawings on sheet ['/SensorModule30/']
08-29 00:10:20 com_github_MitjaNemec_ReplicateLayout.replicate_layout 835:Src fp.id: '48CE2A11-6FA1-4816-8BEE-2E82038543FF'
08-29 00:10:20 com_github_MitjaNemec_ReplicateLayout.replicate_layout 839:Dst fp.id: '48CE2A11-6FA1-4816-8BEE-2E82038543FF'
08-29 00:10:20 com_github_MitjaNemec_ReplicateLayout.replicate_layout 1230:Replicating drawings on sheet ['/SensorModule31/']
08-29 00:10:20 com_github_MitjaNemec_ReplicateLayout.replicate_layout 835:Src fp.id: '48CE2A11-6FA1-4816-8BEE-2E82038543FF'
08-29 00:10:20 com_github_MitjaNemec_ReplicateLayout.replicate_layout 839:Dst fp.id: '48CE2A11-6FA1-4816-8BEE-2E82038543FF'
08-29 00:10:20 com_github_MitjaNemec_ReplicateLayout.replicate_layout 1230:Replicating drawings on sheet ['/SensorModule32/']
08-29 00:10:20 com_github_MitjaNemec_ReplicateLayout.replicate_layout 835:Src fp.id: '48CE2A11-6FA1-4816-8BEE-2E82038543FF'
08-29 00:10:20 com_github_MitjaNemec_ReplicateLayout.replicate_layout 839:Dst fp.id: '48CE2A11-6FA1-4816-8BEE-2E82038543FF'
08-29 00:10:20 com_github_MitjaNemec_ReplicateLayout.replicate_layout 1230:Replicating drawings on sheet ['/SensorModule33/']
08-29 00:10:20 com_github_MitjaNemec_ReplicateLayout.replicate_layout 835:Src fp.id: '48CE2A11-6FA1-4816-8BEE-2E82038543FF'
08-29 00:10:20 com_github_MitjaNemec_ReplicateLayout.replicate_layout 839:Dst fp.id: '48CE2A11-6FA1-4816-8BEE-2E82038543FF'
08-29 00:10:20 com_github_MitjaNemec_ReplicateLayout.replicate_layout 1230:Replicating drawings on sheet ['/SensorModule34/']
08-29 00:10:20 com_github_MitjaNemec_ReplicateLayout.replicate_layout 835:Src fp.id: '48CE2A11-6FA1-4816-8BEE-2E82038543FF'
08-29 00:10:20 com_github_MitjaNemec_ReplicateLayout.replicate_layout 839:Dst fp.id: '48CE2A11-6FA1-4816-8BEE-2E82038543FF'
08-29 00:10:20 com_github_MitjaNemec_ReplicateLayout.replicate_layout 1230:Replicating drawings on sheet ['/SensorModule35/']
08-29 00:10:20 com_github_MitjaNemec_ReplicateLayout.replicate_layout 835:Src fp.id: '48CE2A11-6FA1-4816-8BEE-2E82038543FF'
08-29 00:10:20 com_github_MitjaNemec_ReplicateLayout.replicate_layout 839:Dst fp.id: '48CE2A11-6FA1-4816-8BEE-2E82038543FF'
08-29 00:10:20 com_github_MitjaNemec_ReplicateLayout.replicate_layout 1230:Replicating drawings on sheet ['/SensorModule36/']
08-29 00:10:20 com_github_MitjaNemec_ReplicateLayout.replicate_layout 835:Src fp.id: '48CE2A11-6FA1-4816-8BEE-2E82038543FF'
08-29 00:10:20 com_github_MitjaNemec_ReplicateLayout.replicate_layout 839:Dst fp.id: '48CE2A11-6FA1-4816-8BEE-2E82038543FF'
08-29 00:10:20 com_github_MitjaNemec_ReplicateLayout.replicate_layout 1230:Replicating drawings on sheet ['/SensorModule37/']
08-29 00:10:20 com_github_MitjaNemec_ReplicateLayout.replicate_layout 835:Src fp.id: '48CE2A11-6FA1-4816-8BEE-2E82038543FF'
08-29 00:10:20 com_github_MitjaNemec_ReplicateLayout.replicate_layout 839:Dst fp.id: '48CE2A11-6FA1-4816-8BEE-2E82038543FF'
08-29 00:10:20 com_github_MitjaNemec_ReplicateLayout.replicate_layout 1230:Replicating drawings on sheet ['/SensorModule38/']
08-29 00:10:20 com_github_MitjaNemec_ReplicateLayout.replicate_layout 835:Src fp.id: '48CE2A11-6FA1-4816-8BEE-2E82038543FF'
08-29 00:10:20 com_github_MitjaNemec_ReplicateLayout.replicate_layout 839:Dst fp.id: '48CE2A11-6FA1-4816-8BEE-2E82038543FF'
08-29 00:10:20 com_github_MitjaNemec_ReplicateLayout.replicate_layout 1230:Replicating drawings on sheet ['/SensorModule39/']
08-29 00:10:20 com_github_MitjaNemec_ReplicateLayout.replicate_layout 835:Src fp.id: '48CE2A11-6FA1-4816-8BEE-2E82038543FF'
08-29 00:10:20 com_github_MitjaNemec_ReplicateLayout.replicate_layout 839:Dst fp.id: '48CE2A11-6FA1-4816-8BEE-2E82038543FF'
08-29 00:10:20 com_github_MitjaNemec_ReplicateLayout.replicate_layout 1230:Replicating drawings on sheet ['/SensorModule4/']
08-29 00:10:20 com_github_MitjaNemec_ReplicateLayout.replicate_layout 835:Src fp.id: '48CE2A11-6FA1-4816-8BEE-2E82038543FF'
08-29 00:10:20 com_github_MitjaNemec_ReplicateLayout.replicate_layout 839:Dst fp.id: '48CE2A11-6FA1-4816-8BEE-2E82038543FF'
08-29 00:10:20 com_github_MitjaNemec_ReplicateLayout.replicate_layout 1230:Replicating drawings on sheet ['/SensorModule40/']
08-29 00:10:20 com_github_MitjaNemec_ReplicateLayout.replicate_layout 835:Src fp.id: '48CE2A11-6FA1-4816-8BEE-2E82038543FF'
08-29 00:10:20 com_github_MitjaNemec_ReplicateLayout.replicate_layout 839:Dst fp.id: '48CE2A11-6FA1-4816-8BEE-2E82038543FF'
08-29 00:10:20 com_github_MitjaNemec_ReplicateLayout.replicate_layout 1230:Replicating drawings on sheet ['/SensorModule41/']
08-29 00:10:20 com_github_MitjaNemec_ReplicateLayout.replicate_layout 835:Src fp.id: '48CE2A11-6FA1-4816-8BEE-2E82038543FF'
08-29 00:10:20 com_github_MitjaNemec_ReplicateLayout.replicate_layout 839:Dst fp.id: '48CE2A11-6FA1-4816-8BEE-2E82038543FF'
08-29 00:10:20 com_github_MitjaNemec_ReplicateLayout.replicate_layout 1230:Replicating drawings on sheet ['/SensorModule42/']
08-29 00:10:20 com_github_MitjaNemec_ReplicateLayout.replicate_layout 835:Src fp.id: '48CE2A11-6FA1-4816-8BEE-2E82038543FF'
08-29 00:10:20 com_github_MitjaNemec_ReplicateLayout.replicate_layout 839:Dst fp.id: '48CE2A11-6FA1-4816-8BEE-2E82038543FF'
08-29 00:10:20 com_github_MitjaNemec_ReplicateLayout.replicate_layout 1230:Replicating drawings on sheet ['/SensorModule43/']
08-29 00:10:20 com_github_MitjaNemec_ReplicateLayout.replicate_layout 835:Src fp.id: '48CE2A11-6FA1-4816-8BEE-2E82038543FF'
08-29 00:10:20 com_github_MitjaNemec_ReplicateLayout.replicate_layout 839:Dst fp.id: '48CE2A11-6FA1-4816-8BEE-2E82038543FF'
08-29 00:10:20 com_github_MitjaNemec_ReplicateLayout.replicate_layout 1230:Replicating drawings on sheet ['/SensorModule44/']
08-29 00:10:20 com_github_MitjaNemec_ReplicateLayout.replicate_layout 835:Src fp.id: '48CE2A11-6FA1-4816-8BEE-2E82038543FF'
08-29 00:10:20 com_github_MitjaNemec_ReplicateLayout.replicate_layout 839:Dst fp.id: '48CE2A11-6FA1-4816-8BEE-2E82038543FF'
08-29 00:10:20 com_github_MitjaNemec_ReplicateLayout.replicate_layout 1230:Replicating drawings on sheet ['/SensorModule45/']
08-29 00:10:20 com_github_MitjaNemec_ReplicateLayout.replicate_layout 835:Src fp.id: '48CE2A11-6FA1-4816-8BEE-2E82038543FF'
08-29 00:10:20 com_github_MitjaNemec_ReplicateLayout.replicate_layout 839:Dst fp.id: '48CE2A11-6FA1-4816-8BEE-2E82038543FF'
08-29 00:10:20 com_github_MitjaNemec_ReplicateLayout.replicate_layout 1230:Replicating drawings on sheet ['/SensorModule46/']
08-29 00:10:20 com_github_MitjaNemec_ReplicateLayout.replicate_layout 835:Src fp.id: '48CE2A11-6FA1-4816-8BEE-2E82038543FF'
08-29 00:10:20 com_github_MitjaNemec_ReplicateLayout.replicate_layout 839:Dst fp.id: '48CE2A11-6FA1-4816-8BEE-2E82038543FF'
08-29 00:10:20 com_github_MitjaNemec_ReplicateLayout.replicate_layout 1230:Replicating drawings on sheet ['/SensorModule47/']
08-29 00:10:20 com_github_MitjaNemec_ReplicateLayout.replicate_layout 835:Src fp.id: '48CE2A11-6FA1-4816-8BEE-2E82038543FF'
08-29 00:10:20 com_github_MitjaNemec_ReplicateLayout.replicate_layout 839:Dst fp.id: '48CE2A11-6FA1-4816-8BEE-2E82038543FF'
08-29 00:10:20 com_github_MitjaNemec_ReplicateLayout.replicate_layout 1230:Replicating drawings on sheet ['/SensorModule48/']
08-29 00:10:20 com_github_MitjaNemec_ReplicateLayout.replicate_layout 835:Src fp.id: '48CE2A11-6FA1-4816-8BEE-2E82038543FF'
08-29 00:10:20 com_github_MitjaNemec_ReplicateLayout.replicate_layout 839:Dst fp.id: '48CE2A11-6FA1-4816-8BEE-2E82038543FF'
08-29 00:10:20 com_github_MitjaNemec_ReplicateLayout.replicate_layout 1230:Replicating drawings on sheet ['/SensorModule49/']
08-29 00:10:20 com_github_MitjaNemec_ReplicateLayout.replicate_layout 835:Src fp.id: '48CE2A11-6FA1-4816-8BEE-2E82038543FF'
08-29 00:10:20 com_github_MitjaNemec_ReplicateLayout.replicate_layout 839:Dst fp.id: '48CE2A11-6FA1-4816-8BEE-2E82038543FF'
08-29 00:10:20 com_github_MitjaNemec_ReplicateLayout.replicate_layout 1230:Replicating drawings on sheet ['/SensorModule5/']
08-29 00:10:20 com_github_MitjaNemec_ReplicateLayout.replicate_layout 835:Src fp.id: '48CE2A11-6FA1-4816-8BEE-2E82038543FF'
08-29 00:10:20 com_github_MitjaNemec_ReplicateLayout.replicate_layout 839:Dst fp.id: '48CE2A11-6FA1-4816-8BEE-2E82038543FF'
08-29 00:10:20 com_github_MitjaNemec_ReplicateLayout.replicate_layout 1230:Replicating drawings on sheet ['/SensorModule50/']
08-29 00:10:20 com_github_MitjaNemec_ReplicateLayout.replicate_layout 835:Src fp.id: '48CE2A11-6FA1-4816-8BEE-2E82038543FF'
08-29 00:10:20 com_github_MitjaNemec_ReplicateLayout.replicate_layout 839:Dst fp.id: '48CE2A11-6FA1-4816-8BEE-2E82038543FF'
08-29 00:10:20 root 345:updating GUI with: 73
08-29 00:10:20 com_github_MitjaNemec_ReplicateLayout.replicate_layout 1230:Replicating drawings on sheet ['/SensorModule51/']
08-29 00:10:20 com_github_MitjaNemec_ReplicateLayout.replicate_layout 835:Src fp.id: '48CE2A11-6FA1-4816-8BEE-2E82038543FF'
08-29 00:10:20 com_github_MitjaNemec_ReplicateLayout.replicate_layout 839:Dst fp.id: '48CE2A11-6FA1-4816-8BEE-2E82038543FF'
08-29 00:10:20 com_github_MitjaNemec_ReplicateLayout.replicate_layout 1230:Replicating drawings on sheet ['/SensorModule52/']
08-29 00:10:20 com_github_MitjaNemec_ReplicateLayout.replicate_layout 835:Src fp.id: '48CE2A11-6FA1-4816-8BEE-2E82038543FF'
08-29 00:10:20 com_github_MitjaNemec_ReplicateLayout.replicate_layout 839:Dst fp.id: '48CE2A11-6FA1-4816-8BEE-2E82038543FF'
08-29 00:10:20 com_github_MitjaNemec_ReplicateLayout.replicate_layout 1230:Replicating drawings on sheet ['/SensorModule53/']
08-29 00:10:20 com_github_MitjaNemec_ReplicateLayout.replicate_layout 835:Src fp.id: '48CE2A11-6FA1-4816-8BEE-2E82038543FF'
08-29 00:10:20 com_github_MitjaNemec_ReplicateLayout.replicate_layout 839:Dst fp.id: '48CE2A11-6FA1-4816-8BEE-2E82038543FF'
08-29 00:10:20 com_github_MitjaNemec_ReplicateLayout.replicate_layout 1230:Replicating drawings on sheet ['/SensorModule54/']
08-29 00:10:20 com_github_MitjaNemec_ReplicateLayout.replicate_layout 835:Src fp.id: '48CE2A11-6FA1-4816-8BEE-2E82038543FF'
08-29 00:10:20 com_github_MitjaNemec_ReplicateLayout.replicate_layout 839:Dst fp.id: '48CE2A11-6FA1-4816-8BEE-2E82038543FF'
08-29 00:10:20 com_github_MitjaNemec_ReplicateLayout.replicate_layout 1230:Replicating drawings on sheet ['/SensorModule55/']
08-29 00:10:20 com_github_MitjaNemec_ReplicateLayout.replicate_layout 835:Src fp.id: '48CE2A11-6FA1-4816-8BEE-2E82038543FF'
08-29 00:10:20 com_github_MitjaNemec_ReplicateLayout.replicate_layout 839:Dst fp.id: '48CE2A11-6FA1-4816-8BEE-2E82038543FF'
08-29 00:10:20 com_github_MitjaNemec_ReplicateLayout.replicate_layout 1230:Replicating drawings on sheet ['/SensorModule56/']
08-29 00:10:20 com_github_MitjaNemec_ReplicateLayout.replicate_layout 835:Src fp.id: '48CE2A11-6FA1-4816-8BEE-2E82038543FF'
08-29 00:10:20 com_github_MitjaNemec_ReplicateLayout.replicate_layout 839:Dst fp.id: '48CE2A11-6FA1-4816-8BEE-2E82038543FF'
08-29 00:10:20 com_github_MitjaNemec_ReplicateLayout.replicate_layout 1230:Replicating drawings on sheet ['/SensorModule57/']
08-29 00:10:20 com_github_MitjaNemec_ReplicateLayout.replicate_layout 835:Src fp.id: '48CE2A11-6FA1-4816-8BEE-2E82038543FF'
08-29 00:10:20 com_github_MitjaNemec_ReplicateLayout.replicate_layout 839:Dst fp.id: '48CE2A11-6FA1-4816-8BEE-2E82038543FF'
08-29 00:10:20 com_github_MitjaNemec_ReplicateLayout.replicate_layout 1230:Replicating drawings on sheet ['/SensorModule58/']
08-29 00:10:20 com_github_MitjaNemec_ReplicateLayout.replicate_layout 835:Src fp.id: '48CE2A11-6FA1-4816-8BEE-2E82038543FF'
08-29 00:10:20 com_github_MitjaNemec_ReplicateLayout.replicate_layout 839:Dst fp.id: '48CE2A11-6FA1-4816-8BEE-2E82038543FF'
08-29 00:10:20 com_github_MitjaNemec_ReplicateLayout.replicate_layout 1230:Replicating drawings on sheet ['/SensorModule59/']
08-29 00:10:20 com_github_MitjaNemec_ReplicateLayout.replicate_layout 835:Src fp.id: '48CE2A11-6FA1-4816-8BEE-2E82038543FF'
08-29 00:10:20 com_github_MitjaNemec_ReplicateLayout.replicate_layout 839:Dst fp.id: '48CE2A11-6FA1-4816-8BEE-2E82038543FF'
08-29 00:10:20 com_github_MitjaNemec_ReplicateLayout.replicate_layout 1230:Replicating drawings on sheet ['/SensorModule6/']
08-29 00:10:20 com_github_MitjaNemec_ReplicateLayout.replicate_layout 835:Src fp.id: '48CE2A11-6FA1-4816-8BEE-2E82038543FF'
08-29 00:10:20 com_github_MitjaNemec_ReplicateLayout.replicate_layout 839:Dst fp.id: '48CE2A11-6FA1-4816-8BEE-2E82038543FF'
08-29 00:10:20 com_github_MitjaNemec_ReplicateLayout.replicate_layout 1230:Replicating drawings on sheet ['/SensorModule60/']
08-29 00:10:20 com_github_MitjaNemec_ReplicateLayout.replicate_layout 835:Src fp.id: '48CE2A11-6FA1-4816-8BEE-2E82038543FF'
08-29 00:10:20 com_github_MitjaNemec_ReplicateLayout.replicate_layout 839:Dst fp.id: '48CE2A11-6FA1-4816-8BEE-2E82038543FF'
08-29 00:10:20 com_github_MitjaNemec_ReplicateLayout.replicate_layout 1230:Replicating drawings on sheet ['/SensorModule61/']
08-29 00:10:20 com_github_MitjaNemec_ReplicateLayout.replicate_layout 835:Src fp.id: '48CE2A11-6FA1-4816-8BEE-2E82038543FF'
08-29 00:10:20 com_github_MitjaNemec_ReplicateLayout.replicate_layout 839:Dst fp.id: '48CE2A11-6FA1-4816-8BEE-2E82038543FF'
08-29 00:10:20 com_github_MitjaNemec_ReplicateLayout.replicate_layout 1230:Replicating drawings on sheet ['/SensorModule62/']
08-29 00:10:20 com_github_MitjaNemec_ReplicateLayout.replicate_layout 835:Src fp.id: '48CE2A11-6FA1-4816-8BEE-2E82038543FF'
08-29 00:10:20 com_github_MitjaNemec_ReplicateLayout.replicate_layout 839:Dst fp.id: '48CE2A11-6FA1-4816-8BEE-2E82038543FF'
08-29 00:10:20 com_github_MitjaNemec_ReplicateLayout.replicate_layout 1230:Replicating drawings on sheet ['/SensorModule63/']
08-29 00:10:20 com_github_MitjaNemec_ReplicateLayout.replicate_layout 835:Src fp.id: '48CE2A11-6FA1-4816-8BEE-2E82038543FF'
08-29 00:10:20 com_github_MitjaNemec_ReplicateLayout.replicate_layout 839:Dst fp.id: '48CE2A11-6FA1-4816-8BEE-2E82038543FF'
08-29 00:10:20 com_github_MitjaNemec_ReplicateLayout.replicate_layout 1230:Replicating drawings on sheet ['/SensorModule7/']
08-29 00:10:20 com_github_MitjaNemec_ReplicateLayout.replicate_layout 835:Src fp.id: '48CE2A11-6FA1-4816-8BEE-2E82038543FF'
08-29 00:10:20 com_github_MitjaNemec_ReplicateLayout.replicate_layout 839:Dst fp.id: '48CE2A11-6FA1-4816-8BEE-2E82038543FF'
08-29 00:10:20 com_github_MitjaNemec_ReplicateLayout.replicate_layout 1230:Replicating drawings on sheet ['/SensorModule8/']
08-29 00:10:20 com_github_MitjaNemec_ReplicateLayout.replicate_layout 835:Src fp.id: '48CE2A11-6FA1-4816-8BEE-2E82038543FF'
08-29 00:10:20 com_github_MitjaNemec_ReplicateLayout.replicate_layout 839:Dst fp.id: '48CE2A11-6FA1-4816-8BEE-2E82038543FF'
08-29 00:10:20 com_github_MitjaNemec_ReplicateLayout.replicate_layout 1230:Replicating drawings on sheet ['/SensorModule9/']
08-29 00:10:20 com_github_MitjaNemec_ReplicateLayout.replicate_layout 835:Src fp.id: '48CE2A11-6FA1-4816-8BEE-2E82038543FF'
08-29 00:10:20 com_github_MitjaNemec_ReplicateLayout.replicate_layout 839:Dst fp.id: '48CE2A11-6FA1-4816-8BEE-2E82038543FF'
08-29 00:10:20 com_github_MitjaNemec_ReplicateLayout.action_replicate_layout 264:Replication complete
